2025-09-09 11:54:56,493 [Worker-6: Loading available Gradle versions] INFO  o.e.b.c.i.u.g.PublishedGradleVersions - Gradle version information cache is not available. Remote download required.
2025-09-09 11:59:14,702 [Worker-8: Loading available Gradle versions] INFO  o.e.b.c.i.u.g.PublishedGradleVersions - Gradle version information cache is up-to-date. Trying to read.
2025-09-09 12:18:06,390 [Worker-8: Loading available Gradle versions] INFO  o.e.b.c.i.u.g.PublishedGradleVersions - Gradle version information cache is up-to-date. Trying to read.
2025-09-09 12:18:46,072 [main] INFO  o.b.c.a.StaticComponentContainer - (StaticComponentContainer.java:368) - Instantiated org.burningwave.core.SLF4JManagedLoggerRepository
2025-09-09 12:18:46,073 [main] INFO  o.b.c.a.StaticComponentContainer - (StaticComponentContainer.java:369) - 

	Configuration values for static components:

		background-executor.all-tasks-monitoring.enabled=\
			true
		background-executor.all-tasks-monitoring.interval=\
			30000
		background-executor.all-tasks-monitoring.logger.enabled=\
			false
		background-executor.all-tasks-monitoring.minimum-elapsed-time-to-consider-a-task-as-probable-dead-locked=\
			300000
		background-executor.all-tasks-monitoring.probable-dead-locked-tasks-handling.policy=\
			log only
		background-executor.queued-task-executor[0].name=\
			Low priority tasks
		background-executor.queued-task-executor[0].priority=\
			1
		background-executor.queued-task-executor[1].name=\
			Normal priority tasks
		background-executor.queued-task-executor[1].priority=\
			5
		background-executor.queued-task-executor[2].name=\
			High priority tasks
		background-executor.queued-task-executor[2].priority=\
			10
		background-executor.task-creation-tracking.enabled=\
			${background-executor.all-tasks-monitoring.enabled}
		banner.additonal-informations=\
			${Bundle-Vendor} ${Bundle-Name} ${Bundle-Version}
		banner.additonal-informations.retrieve-from-manifest-file-of=\
			Burningwave Core
		banner.file=\
			org/burningwave/banner.bwb
		banner.hide=\
			true
		buffer-handler.default-allocation-mode=\
			ByteBuffer::allocateDirect
		buffer-handler.default-buffer-size=\
			1024
		group-name-for-named-elements=\
			Burningwave
		iterable-object-helper.default-values-separator=\
			;
		iterable-object-helper.parallel-iteration.applicability.default-minimum-collection-size=\
			2
		iterable-object-helper.parallel-iteration.applicability.max-runtime-thread-count-threshold=\
			autodetect
		iterable-object-helper.parallel-iteration.applicability.output-collection-enabled-types=\
			java.util.concurrent.ConcurrentHashMap$CollectionView;\
			java.util.Collections$SynchronizedCollection;\
			java.util.concurrent.CopyOnWriteArrayList;\
			java.util.concurrent.CopyOnWriteArraySet;\
			java.util.concurrent.BlockingQueue;\
			java.util.concurrent.ConcurrentSkipListSet;\
			java.util.concurrent.ConcurrentSkipListMap$EntrySet;\
			java.util.concurrent.ConcurrentSkipListMap$KeySet;\
			java.util.concurrent.ConcurrentSkipListMap$Values;
		jvm.driver.init=\
			false
		managed-logger.repository=\
			autodetect
		managed-logger.repository.enabled=\
			true
		managed-logger.repository.logging.warn.disabled-for=\
			org.burningwave.core.assembler.ComponentContainer$ClassLoader;\
			org.burningwave.core.classes.MemoryClassLoader;\
			org.burningwave.core.classes.PathScannerClassLoader;
		modules.export-all-to-all=\
			true
		resource-releaser.enabled=\
			true
		synchronizer.all-threads-monitoring.enabled=\
			false
		synchronizer.all-threads-monitoring.interval=\
			90000
		thread-supplier.default-daemon-flag-value=\
			true
		thread-supplier.default-thread-priority=\
			5
		thread-supplier.max-detached-thread-count=\
			${thread-supplier.max-poolable-thread-count}
		thread-supplier.max-detached-thread-count.elapsed-time-threshold-from-last-increase-for-gradual-decreasing-to-initial-value=\
			30000
		thread-supplier.max-detached-thread-count.increasing-step=\
			autodetect
		thread-supplier.max-poolable-thread-count=\
			autodetect
		thread-supplier.poolable-thread-request-timeout=\
			6000


2025-09-09 12:18:46,075 [main] INFO  o.b.core.jvm.BufferHandler - (BufferHandler.java:127) - default buffer size: 1024 bytes
2025-09-09 12:18:46,076 [main] INFO  o.b.core.jvm.BufferHandler - (BufferHandler.java:141) - default allocation mode: ByteBuffer::allocateDirect
2025-09-09 12:18:46,079 [main] INFO  org.burningwave.core.Cache - (Cache.java:76) - Building cache
2025-09-09 12:18:46,096 [main] INFO  o.b.c.a.StaticComponentContainer - (StaticComponentContainer.java:443) - org.burningwave.core.assembler.StaticComponentContainer initialized in 0.0770193 seconds
2025-09-09 12:19:04,295 [Burningwave - Resource releaser] INFO  o.b.c.a.StaticComponentContainer - (StaticComponentContainer.java:391) - ... Waiting for all tasks ending
2025-09-09 12:19:04,298 [Burningwave - Resource releaser] INFO  o.b.c.a.StaticComponentContainer - (StaticComponentContainer.java:397) - Closing all component containers
2025-09-09 12:19:04,300 [Burningwave - Resource releaser] INFO  o.b.c.a.StaticComponentContainer - (StaticComponentContainer.java:403) - Closing FileSystemHelper
2025-09-09 12:19:04,301 [Burningwave - Resource releaser] INFO  o.b.c.a.StaticComponentContainer - (StaticComponentContainer.java:409) - ... Waiting for all tasks ending before shutting down the BackgroundExecutor
2025-09-09 12:19:04,301 [Burningwave - Resource releaser] INFO  o.b.c.a.StaticComponentContainer - (StaticComponentContainer.java:414) - Shutting down BackgroundExecutor
2025-09-09 12:19:04,302 [Burningwave - Resource releaser] INFO  o.b.c.a.StaticComponentContainer - (StaticComponentContainer.java:420) - Stopping all threads monitoring thread
2025-09-09 12:19:04,302 [Burningwave - Resource releaser] INFO  o.b.c.a.StaticComponentContainer - (StaticComponentContainer.java:425) - Closing ThreadHolder
2025-09-09 12:19:04,303 [Burningwave - Resource releaser] INFO  o.b.c.a.StaticComponentContainer - (StaticComponentContainer.java:430) - Shutting down ThreadSupplier
2025-09-09 12:19:22,642 [Worker-8: Loading available Gradle versions] INFO  o.e.b.c.i.u.g.PublishedGradleVersions - Gradle version information cache is up-to-date. Trying to read.
2025-09-12 10:23:52,217 [Worker-6: Loading available Gradle versions] INFO  o.e.b.c.i.u.g.PublishedGradleVersions - Gradle version information cache is out-of-date. Trying to update.
2025-09-12 10:24:50,525 [Worker-8: Loading available Gradle versions] INFO  o.e.b.c.i.u.g.PublishedGradleVersions - Gradle version information cache is up-to-date. Trying to read.
2025-09-12 10:30:47,159 [ModalContext] INFO  o.b.c.a.StaticComponentContainer - (StaticComponentContainer.java:368) - Instantiated org.burningwave.core.SLF4JManagedLoggerRepository
2025-09-12 10:30:47,162 [ModalContext] INFO  o.b.c.a.StaticComponentContainer - (StaticComponentContainer.java:369) - 

	Configuration values for static components:

		background-executor.all-tasks-monitoring.enabled=\
			true
		background-executor.all-tasks-monitoring.interval=\
			30000
		background-executor.all-tasks-monitoring.logger.enabled=\
			false
		background-executor.all-tasks-monitoring.minimum-elapsed-time-to-consider-a-task-as-probable-dead-locked=\
			300000
		background-executor.all-tasks-monitoring.probable-dead-locked-tasks-handling.policy=\
			log only
		background-executor.queued-task-executor[0].name=\
			Low priority tasks
		background-executor.queued-task-executor[0].priority=\
			1
		background-executor.queued-task-executor[1].name=\
			Normal priority tasks
		background-executor.queued-task-executor[1].priority=\
			5
		background-executor.queued-task-executor[2].name=\
			High priority tasks
		background-executor.queued-task-executor[2].priority=\
			10
		background-executor.task-creation-tracking.enabled=\
			${background-executor.all-tasks-monitoring.enabled}
		banner.additonal-informations=\
			${Bundle-Vendor} ${Bundle-Name} ${Bundle-Version}
		banner.additonal-informations.retrieve-from-manifest-file-of=\
			Burningwave Core
		banner.file=\
			org/burningwave/banner.bwb
		banner.hide=\
			true
		buffer-handler.default-allocation-mode=\
			ByteBuffer::allocateDirect
		buffer-handler.default-buffer-size=\
			1024
		group-name-for-named-elements=\
			Burningwave
		iterable-object-helper.default-values-separator=\
			;
		iterable-object-helper.parallel-iteration.applicability.default-minimum-collection-size=\
			2
		iterable-object-helper.parallel-iteration.applicability.max-runtime-thread-count-threshold=\
			autodetect
		iterable-object-helper.parallel-iteration.applicability.output-collection-enabled-types=\
			java.util.concurrent.ConcurrentHashMap$CollectionView;\
			java.util.Collections$SynchronizedCollection;\
			java.util.concurrent.CopyOnWriteArrayList;\
			java.util.concurrent.CopyOnWriteArraySet;\
			java.util.concurrent.BlockingQueue;\
			java.util.concurrent.ConcurrentSkipListSet;\
			java.util.concurrent.ConcurrentSkipListMap$EntrySet;\
			java.util.concurrent.ConcurrentSkipListMap$KeySet;\
			java.util.concurrent.ConcurrentSkipListMap$Values;
		jvm.driver.init=\
			false
		managed-logger.repository=\
			autodetect
		managed-logger.repository.enabled=\
			true
		managed-logger.repository.logging.warn.disabled-for=\
			org.burningwave.core.assembler.ComponentContainer$ClassLoader;\
			org.burningwave.core.classes.MemoryClassLoader;\
			org.burningwave.core.classes.PathScannerClassLoader;
		modules.export-all-to-all=\
			true
		resource-releaser.enabled=\
			true
		synchronizer.all-threads-monitoring.enabled=\
			false
		synchronizer.all-threads-monitoring.interval=\
			90000
		thread-supplier.default-daemon-flag-value=\
			true
		thread-supplier.default-thread-priority=\
			5
		thread-supplier.max-detached-thread-count=\
			${thread-supplier.max-poolable-thread-count}
		thread-supplier.max-detached-thread-count.elapsed-time-threshold-from-last-increase-for-gradual-decreasing-to-initial-value=\
			30000
		thread-supplier.max-detached-thread-count.increasing-step=\
			autodetect
		thread-supplier.max-poolable-thread-count=\
			autodetect
		thread-supplier.poolable-thread-request-timeout=\
			6000


2025-09-12 10:30:47,165 [ModalContext] INFO  o.b.core.jvm.BufferHandler - (BufferHandler.java:127) - default buffer size: 1024 bytes
2025-09-12 10:30:47,166 [ModalContext] INFO  o.b.core.jvm.BufferHandler - (BufferHandler.java:141) - default allocation mode: ByteBuffer::allocateDirect
2025-09-12 10:30:47,169 [ModalContext] INFO  org.burningwave.core.Cache - (Cache.java:76) - Building cache
2025-09-12 10:30:47,187 [ModalContext] INFO  o.b.c.a.StaticComponentContainer - (StaticComponentContainer.java:443) - org.burningwave.core.assembler.StaticComponentContainer initialized in 0.0950449 seconds
2025-09-12 13:30:16,209 [Burningwave - Resource releaser] INFO  o.b.c.a.StaticComponentContainer - (StaticComponentContainer.java:391) - ... Waiting for all tasks ending
2025-09-12 13:30:16,210 [Burningwave - Resource releaser] INFO  o.b.c.a.StaticComponentContainer - (StaticComponentContainer.java:397) - Closing all component containers
2025-09-12 13:30:16,212 [Burningwave - Resource releaser] INFO  o.b.c.a.StaticComponentContainer - (StaticComponentContainer.java:403) - Closing FileSystemHelper
2025-09-12 13:30:16,213 [Burningwave - Resource releaser] INFO  o.b.c.a.StaticComponentContainer - (StaticComponentContainer.java:409) - ... Waiting for all tasks ending before shutting down the BackgroundExecutor
2025-09-12 13:30:16,214 [Burningwave - Resource releaser] INFO  o.b.c.a.StaticComponentContainer - (StaticComponentContainer.java:414) - Shutting down BackgroundExecutor
2025-09-12 13:30:16,214 [Burningwave - Resource releaser] INFO  o.b.c.a.StaticComponentContainer - (StaticComponentContainer.java:420) - Stopping all threads monitoring thread
2025-09-12 13:30:16,215 [Burningwave - Resource releaser] INFO  o.b.c.a.StaticComponentContainer - (StaticComponentContainer.java:425) - Closing ThreadHolder
2025-09-12 13:30:16,215 [Burningwave - Resource releaser] INFO  o.b.c.a.StaticComponentContainer - (StaticComponentContainer.java:430) - Shutting down ThreadSupplier
2025-09-15 09:05:41,330 [main] INFO  o.b.c.a.StaticComponentContainer - (StaticComponentContainer.java:368) - Instantiated org.burningwave.core.SLF4JManagedLoggerRepository
2025-09-15 09:05:41,332 [main] INFO  o.b.c.a.StaticComponentContainer - (StaticComponentContainer.java:369) - 

	Configuration values for static components:

		background-executor.all-tasks-monitoring.enabled=\
			true
		background-executor.all-tasks-monitoring.interval=\
			30000
		background-executor.all-tasks-monitoring.logger.enabled=\
			false
		background-executor.all-tasks-monitoring.minimum-elapsed-time-to-consider-a-task-as-probable-dead-locked=\
			300000
		background-executor.all-tasks-monitoring.probable-dead-locked-tasks-handling.policy=\
			log only
		background-executor.queued-task-executor[0].name=\
			Low priority tasks
		background-executor.queued-task-executor[0].priority=\
			1
		background-executor.queued-task-executor[1].name=\
			Normal priority tasks
		background-executor.queued-task-executor[1].priority=\
			5
		background-executor.queued-task-executor[2].name=\
			High priority tasks
		background-executor.queued-task-executor[2].priority=\
			10
		background-executor.task-creation-tracking.enabled=\
			${background-executor.all-tasks-monitoring.enabled}
		banner.additonal-informations=\
			${Bundle-Vendor} ${Bundle-Name} ${Bundle-Version}
		banner.additonal-informations.retrieve-from-manifest-file-of=\
			Burningwave Core
		banner.file=\
			org/burningwave/banner.bwb
		banner.hide=\
			true
		buffer-handler.default-allocation-mode=\
			ByteBuffer::allocateDirect
		buffer-handler.default-buffer-size=\
			1024
		group-name-for-named-elements=\
			Burningwave
		iterable-object-helper.default-values-separator=\
			;
		iterable-object-helper.parallel-iteration.applicability.default-minimum-collection-size=\
			2
		iterable-object-helper.parallel-iteration.applicability.max-runtime-thread-count-threshold=\
			autodetect
		iterable-object-helper.parallel-iteration.applicability.output-collection-enabled-types=\
			java.util.concurrent.ConcurrentHashMap$CollectionView;\
			java.util.Collections$SynchronizedCollection;\
			java.util.concurrent.CopyOnWriteArrayList;\
			java.util.concurrent.CopyOnWriteArraySet;\
			java.util.concurrent.BlockingQueue;\
			java.util.concurrent.ConcurrentSkipListSet;\
			java.util.concurrent.ConcurrentSkipListMap$EntrySet;\
			java.util.concurrent.ConcurrentSkipListMap$KeySet;\
			java.util.concurrent.ConcurrentSkipListMap$Values;
		jvm.driver.init=\
			false
		managed-logger.repository=\
			autodetect
		managed-logger.repository.enabled=\
			true
		managed-logger.repository.logging.warn.disabled-for=\
			org.burningwave.core.assembler.ComponentContainer$ClassLoader;\
			org.burningwave.core.classes.MemoryClassLoader;\
			org.burningwave.core.classes.PathScannerClassLoader;
		modules.export-all-to-all=\
			true
		resource-releaser.enabled=\
			true
		synchronizer.all-threads-monitoring.enabled=\
			false
		synchronizer.all-threads-monitoring.interval=\
			90000
		thread-supplier.default-daemon-flag-value=\
			true
		thread-supplier.default-thread-priority=\
			5
		thread-supplier.max-detached-thread-count=\
			${thread-supplier.max-poolable-thread-count}
		thread-supplier.max-detached-thread-count.elapsed-time-threshold-from-last-increase-for-gradual-decreasing-to-initial-value=\
			30000
		thread-supplier.max-detached-thread-count.increasing-step=\
			autodetect
		thread-supplier.max-poolable-thread-count=\
			autodetect
		thread-supplier.poolable-thread-request-timeout=\
			6000


2025-09-15 09:05:41,333 [main] INFO  o.b.core.jvm.BufferHandler - (BufferHandler.java:127) - default buffer size: 1024 bytes
2025-09-15 09:05:41,334 [main] INFO  o.b.core.jvm.BufferHandler - (BufferHandler.java:141) - default allocation mode: ByteBuffer::allocateDirect
2025-09-15 09:05:41,337 [main] INFO  org.burningwave.core.Cache - (Cache.java:76) - Building cache
2025-09-15 09:05:41,353 [main] INFO  o.b.c.a.StaticComponentContainer - (StaticComponentContainer.java:443) - org.burningwave.core.assembler.StaticComponentContainer initialized in 0.0862085 seconds
2025-09-15 09:05:42,665 [Worker-7: Loading available Gradle versions] INFO  o.e.b.c.i.u.g.PublishedGradleVersions - Gradle version information cache is out-of-date. Trying to update.
2025-09-15 11:47:00,403 [Burningwave - Resource releaser] INFO  o.b.c.a.StaticComponentContainer - (StaticComponentContainer.java:391) - ... Waiting for all tasks ending
2025-09-15 11:47:00,403 [Burningwave - Resource releaser] INFO  o.b.c.a.StaticComponentContainer - (StaticComponentContainer.java:397) - Closing all component containers
2025-09-15 11:47:00,405 [Burningwave - Resource releaser] INFO  o.b.c.a.StaticComponentContainer - (StaticComponentContainer.java:403) - Closing FileSystemHelper
2025-09-15 11:47:00,405 [Burningwave - Resource releaser] INFO  o.b.c.a.StaticComponentContainer - (StaticComponentContainer.java:409) - ... Waiting for all tasks ending before shutting down the BackgroundExecutor
2025-09-15 11:47:00,405 [Burningwave - Resource releaser] INFO  o.b.c.a.StaticComponentContainer - (StaticComponentContainer.java:414) - Shutting down BackgroundExecutor
2025-09-15 11:47:00,406 [Burningwave - Resource releaser] INFO  o.b.c.a.StaticComponentContainer - (StaticComponentContainer.java:420) - Stopping all threads monitoring thread
2025-09-15 11:47:00,406 [Burningwave - Resource releaser] INFO  o.b.c.a.StaticComponentContainer - (StaticComponentContainer.java:425) - Closing ThreadHolder
2025-09-15 11:47:00,406 [Burningwave - Resource releaser] INFO  o.b.c.a.StaticComponentContainer - (StaticComponentContainer.java:430) - Shutting down ThreadSupplier
2025-09-16 09:03:55,441 [main] INFO  o.b.c.a.StaticComponentContainer - (StaticComponentContainer.java:368) - Instantiated org.burningwave.core.SLF4JManagedLoggerRepository
2025-09-16 09:03:55,444 [main] INFO  o.b.c.a.StaticComponentContainer - (StaticComponentContainer.java:369) - 

	Configuration values for static components:

		background-executor.all-tasks-monitoring.enabled=\
			true
		background-executor.all-tasks-monitoring.interval=\
			30000
		background-executor.all-tasks-monitoring.logger.enabled=\
			false
		background-executor.all-tasks-monitoring.minimum-elapsed-time-to-consider-a-task-as-probable-dead-locked=\
			300000
		background-executor.all-tasks-monitoring.probable-dead-locked-tasks-handling.policy=\
			log only
		background-executor.queued-task-executor[0].name=\
			Low priority tasks
		background-executor.queued-task-executor[0].priority=\
			1
		background-executor.queued-task-executor[1].name=\
			Normal priority tasks
		background-executor.queued-task-executor[1].priority=\
			5
		background-executor.queued-task-executor[2].name=\
			High priority tasks
		background-executor.queued-task-executor[2].priority=\
			10
		background-executor.task-creation-tracking.enabled=\
			${background-executor.all-tasks-monitoring.enabled}
		banner.additonal-informations=\
			${Bundle-Vendor} ${Bundle-Name} ${Bundle-Version}
		banner.additonal-informations.retrieve-from-manifest-file-of=\
			Burningwave Core
		banner.file=\
			org/burningwave/banner.bwb
		banner.hide=\
			true
		buffer-handler.default-allocation-mode=\
			ByteBuffer::allocateDirect
		buffer-handler.default-buffer-size=\
			1024
		group-name-for-named-elements=\
			Burningwave
		iterable-object-helper.default-values-separator=\
			;
		iterable-object-helper.parallel-iteration.applicability.default-minimum-collection-size=\
			2
		iterable-object-helper.parallel-iteration.applicability.max-runtime-thread-count-threshold=\
			autodetect
		iterable-object-helper.parallel-iteration.applicability.output-collection-enabled-types=\
			java.util.concurrent.ConcurrentHashMap$CollectionView;\
			java.util.Collections$SynchronizedCollection;\
			java.util.concurrent.CopyOnWriteArrayList;\
			java.util.concurrent.CopyOnWriteArraySet;\
			java.util.concurrent.BlockingQueue;\
			java.util.concurrent.ConcurrentSkipListSet;\
			java.util.concurrent.ConcurrentSkipListMap$EntrySet;\
			java.util.concurrent.ConcurrentSkipListMap$KeySet;\
			java.util.concurrent.ConcurrentSkipListMap$Values;
		jvm.driver.init=\
			false
		managed-logger.repository=\
			autodetect
		managed-logger.repository.enabled=\
			true
		managed-logger.repository.logging.warn.disabled-for=\
			org.burningwave.core.assembler.ComponentContainer$ClassLoader;\
			org.burningwave.core.classes.MemoryClassLoader;\
			org.burningwave.core.classes.PathScannerClassLoader;
		modules.export-all-to-all=\
			true
		resource-releaser.enabled=\
			true
		synchronizer.all-threads-monitoring.enabled=\
			false
		synchronizer.all-threads-monitoring.interval=\
			90000
		thread-supplier.default-daemon-flag-value=\
			true
		thread-supplier.default-thread-priority=\
			5
		thread-supplier.max-detached-thread-count=\
			${thread-supplier.max-poolable-thread-count}
		thread-supplier.max-detached-thread-count.elapsed-time-threshold-from-last-increase-for-gradual-decreasing-to-initial-value=\
			30000
		thread-supplier.max-detached-thread-count.increasing-step=\
			autodetect
		thread-supplier.max-poolable-thread-count=\
			autodetect
		thread-supplier.poolable-thread-request-timeout=\
			6000


2025-09-16 09:03:55,445 [main] INFO  o.b.core.jvm.BufferHandler - (BufferHandler.java:127) - default buffer size: 1024 bytes
2025-09-16 09:03:55,446 [main] INFO  o.b.core.jvm.BufferHandler - (BufferHandler.java:141) - default allocation mode: ByteBuffer::allocateDirect
2025-09-16 09:03:55,449 [main] INFO  org.burningwave.core.Cache - (Cache.java:76) - Building cache
2025-09-16 09:03:55,468 [main] INFO  o.b.c.a.StaticComponentContainer - (StaticComponentContainer.java:443) - org.burningwave.core.assembler.StaticComponentContainer initialized in 0.0851864 seconds
2025-09-16 09:03:56,524 [Worker-2: Loading available Gradle versions] INFO  o.e.b.c.i.u.g.PublishedGradleVersions - Gradle version information cache is up-to-date. Trying to read.
2025-09-16 11:16:47,092 [main] INFO  o.b.c.a.StaticComponentContainer - (StaticComponentContainer.java:368) - Instantiated org.burningwave.core.SLF4JManagedLoggerRepository
2025-09-16 11:16:47,094 [main] INFO  o.b.c.a.StaticComponentContainer - (StaticComponentContainer.java:369) - 

	Configuration values for static components:

		background-executor.all-tasks-monitoring.enabled=\
			true
		background-executor.all-tasks-monitoring.interval=\
			30000
		background-executor.all-tasks-monitoring.logger.enabled=\
			false
		background-executor.all-tasks-monitoring.minimum-elapsed-time-to-consider-a-task-as-probable-dead-locked=\
			300000
		background-executor.all-tasks-monitoring.probable-dead-locked-tasks-handling.policy=\
			log only
		background-executor.queued-task-executor[0].name=\
			Low priority tasks
		background-executor.queued-task-executor[0].priority=\
			1
		background-executor.queued-task-executor[1].name=\
			Normal priority tasks
		background-executor.queued-task-executor[1].priority=\
			5
		background-executor.queued-task-executor[2].name=\
			High priority tasks
		background-executor.queued-task-executor[2].priority=\
			10
		background-executor.task-creation-tracking.enabled=\
			${background-executor.all-tasks-monitoring.enabled}
		banner.additonal-informations=\
			${Bundle-Vendor} ${Bundle-Name} ${Bundle-Version}
		banner.additonal-informations.retrieve-from-manifest-file-of=\
			Burningwave Core
		banner.file=\
			org/burningwave/banner.bwb
		banner.hide=\
			true
		buffer-handler.default-allocation-mode=\
			ByteBuffer::allocateDirect
		buffer-handler.default-buffer-size=\
			1024
		group-name-for-named-elements=\
			Burningwave
		iterable-object-helper.default-values-separator=\
			;
		iterable-object-helper.parallel-iteration.applicability.default-minimum-collection-size=\
			2
		iterable-object-helper.parallel-iteration.applicability.max-runtime-thread-count-threshold=\
			autodetect
		iterable-object-helper.parallel-iteration.applicability.output-collection-enabled-types=\
			java.util.concurrent.ConcurrentHashMap$CollectionView;\
			java.util.Collections$SynchronizedCollection;\
			java.util.concurrent.CopyOnWriteArrayList;\
			java.util.concurrent.CopyOnWriteArraySet;\
			java.util.concurrent.BlockingQueue;\
			java.util.concurrent.ConcurrentSkipListSet;\
			java.util.concurrent.ConcurrentSkipListMap$EntrySet;\
			java.util.concurrent.ConcurrentSkipListMap$KeySet;\
			java.util.concurrent.ConcurrentSkipListMap$Values;
		jvm.driver.init=\
			false
		managed-logger.repository=\
			autodetect
		managed-logger.repository.enabled=\
			true
		managed-logger.repository.logging.warn.disabled-for=\
			org.burningwave.core.assembler.ComponentContainer$ClassLoader;\
			org.burningwave.core.classes.MemoryClassLoader;\
			org.burningwave.core.classes.PathScannerClassLoader;
		modules.export-all-to-all=\
			true
		resource-releaser.enabled=\
			true
		synchronizer.all-threads-monitoring.enabled=\
			false
		synchronizer.all-threads-monitoring.interval=\
			90000
		thread-supplier.default-daemon-flag-value=\
			true
		thread-supplier.default-thread-priority=\
			5
		thread-supplier.max-detached-thread-count=\
			${thread-supplier.max-poolable-thread-count}
		thread-supplier.max-detached-thread-count.elapsed-time-threshold-from-last-increase-for-gradual-decreasing-to-initial-value=\
			30000
		thread-supplier.max-detached-thread-count.increasing-step=\
			autodetect
		thread-supplier.max-poolable-thread-count=\
			autodetect
		thread-supplier.poolable-thread-request-timeout=\
			6000


2025-09-16 11:16:47,096 [main] INFO  o.b.core.jvm.BufferHandler - (BufferHandler.java:127) - default buffer size: 1024 bytes
2025-09-16 11:16:47,097 [main] INFO  o.b.core.jvm.BufferHandler - (BufferHandler.java:141) - default allocation mode: ByteBuffer::allocateDirect
2025-09-16 11:16:47,101 [main] INFO  org.burningwave.core.Cache - (Cache.java:76) - Building cache
2025-09-16 11:16:47,115 [main] INFO  o.b.c.a.StaticComponentContainer - (StaticComponentContainer.java:443) - org.burningwave.core.assembler.StaticComponentContainer initialized in 0.0676756 seconds
2025-09-16 11:16:48,859 [Worker-5: Loading available Gradle versions] INFO  o.e.b.c.i.u.g.PublishedGradleVersions - Gradle version information cache is out-of-date. Trying to update.
2025-09-16 11:17:35,469 [main] INFO  o.b.c.a.StaticComponentContainer - (StaticComponentContainer.java:368) - Instantiated org.burningwave.core.SLF4JManagedLoggerRepository
2025-09-16 11:17:35,471 [main] INFO  o.b.c.a.StaticComponentContainer - (StaticComponentContainer.java:369) - 

	Configuration values for static components:

		background-executor.all-tasks-monitoring.enabled=\
			true
		background-executor.all-tasks-monitoring.interval=\
			30000
		background-executor.all-tasks-monitoring.logger.enabled=\
			false
		background-executor.all-tasks-monitoring.minimum-elapsed-time-to-consider-a-task-as-probable-dead-locked=\
			300000
		background-executor.all-tasks-monitoring.probable-dead-locked-tasks-handling.policy=\
			log only
		background-executor.queued-task-executor[0].name=\
			Low priority tasks
		background-executor.queued-task-executor[0].priority=\
			1
		background-executor.queued-task-executor[1].name=\
			Normal priority tasks
		background-executor.queued-task-executor[1].priority=\
			5
		background-executor.queued-task-executor[2].name=\
			High priority tasks
		background-executor.queued-task-executor[2].priority=\
			10
		background-executor.task-creation-tracking.enabled=\
			${background-executor.all-tasks-monitoring.enabled}
		banner.additonal-informations=\
			${Bundle-Vendor} ${Bundle-Name} ${Bundle-Version}
		banner.additonal-informations.retrieve-from-manifest-file-of=\
			Burningwave Core
		banner.file=\
			org/burningwave/banner.bwb
		banner.hide=\
			true
		buffer-handler.default-allocation-mode=\
			ByteBuffer::allocateDirect
		buffer-handler.default-buffer-size=\
			1024
		group-name-for-named-elements=\
			Burningwave
		iterable-object-helper.default-values-separator=\
			;
		iterable-object-helper.parallel-iteration.applicability.default-minimum-collection-size=\
			2
		iterable-object-helper.parallel-iteration.applicability.max-runtime-thread-count-threshold=\
			autodetect
		iterable-object-helper.parallel-iteration.applicability.output-collection-enabled-types=\
			java.util.concurrent.ConcurrentHashMap$CollectionView;\
			java.util.Collections$SynchronizedCollection;\
			java.util.concurrent.CopyOnWriteArrayList;\
			java.util.concurrent.CopyOnWriteArraySet;\
			java.util.concurrent.BlockingQueue;\
			java.util.concurrent.ConcurrentSkipListSet;\
			java.util.concurrent.ConcurrentSkipListMap$EntrySet;\
			java.util.concurrent.ConcurrentSkipListMap$KeySet;\
			java.util.concurrent.ConcurrentSkipListMap$Values;
		jvm.driver.init=\
			false
		managed-logger.repository=\
			autodetect
		managed-logger.repository.enabled=\
			true
		managed-logger.repository.logging.warn.disabled-for=\
			org.burningwave.core.assembler.ComponentContainer$ClassLoader;\
			org.burningwave.core.classes.MemoryClassLoader;\
			org.burningwave.core.classes.PathScannerClassLoader;
		modules.export-all-to-all=\
			true
		resource-releaser.enabled=\
			true
		synchronizer.all-threads-monitoring.enabled=\
			false
		synchronizer.all-threads-monitoring.interval=\
			90000
		thread-supplier.default-daemon-flag-value=\
			true
		thread-supplier.default-thread-priority=\
			5
		thread-supplier.max-detached-thread-count=\
			${thread-supplier.max-poolable-thread-count}
		thread-supplier.max-detached-thread-count.elapsed-time-threshold-from-last-increase-for-gradual-decreasing-to-initial-value=\
			30000
		thread-supplier.max-detached-thread-count.increasing-step=\
			autodetect
		thread-supplier.max-poolable-thread-count=\
			autodetect
		thread-supplier.poolable-thread-request-timeout=\
			6000


2025-09-16 11:17:35,472 [main] INFO  o.b.core.jvm.BufferHandler - (BufferHandler.java:127) - default buffer size: 1024 bytes
2025-09-16 11:17:35,473 [main] INFO  o.b.core.jvm.BufferHandler - (BufferHandler.java:141) - default allocation mode: ByteBuffer::allocateDirect
2025-09-16 11:17:35,475 [main] INFO  org.burningwave.core.Cache - (Cache.java:76) - Building cache
2025-09-16 11:17:35,492 [main] INFO  o.b.c.a.StaticComponentContainer - (StaticComponentContainer.java:443) - org.burningwave.core.assembler.StaticComponentContainer initialized in 0.0698519 seconds
2025-09-16 11:17:36,920 [Worker-8: Loading available Gradle versions] INFO  o.e.b.c.i.u.g.PublishedGradleVersions - Gradle version information cache is up-to-date. Trying to read.
2025-09-16 11:35:13,525 [Burningwave - Resource releaser] INFO  o.b.c.a.StaticComponentContainer - (StaticComponentContainer.java:391) - ... Waiting for all tasks ending
2025-09-16 11:35:13,526 [Burningwave - Resource releaser] INFO  o.b.c.a.StaticComponentContainer - (StaticComponentContainer.java:397) - Closing all component containers
2025-09-16 11:35:13,528 [Burningwave - Resource releaser] INFO  o.b.c.a.StaticComponentContainer - (StaticComponentContainer.java:403) - Closing FileSystemHelper
2025-09-16 11:35:13,529 [Burningwave - Resource releaser] INFO  o.b.c.a.StaticComponentContainer - (StaticComponentContainer.java:409) - ... Waiting for all tasks ending before shutting down the BackgroundExecutor
2025-09-16 11:35:13,530 [Burningwave - Resource releaser] INFO  o.b.c.a.StaticComponentContainer - (StaticComponentContainer.java:414) - Shutting down BackgroundExecutor
2025-09-16 11:35:13,530 [Burningwave - Resource releaser] INFO  o.b.c.a.StaticComponentContainer - (StaticComponentContainer.java:420) - Stopping all threads monitoring thread
2025-09-16 11:35:13,531 [Burningwave - Resource releaser] INFO  o.b.c.a.StaticComponentContainer - (StaticComponentContainer.java:425) - Closing ThreadHolder
2025-09-16 11:35:13,532 [Burningwave - Resource releaser] INFO  o.b.c.a.StaticComponentContainer - (StaticComponentContainer.java:430) - Shutting down ThreadSupplier
2025-09-16 11:35:20,806 [main] INFO  o.b.c.a.StaticComponentContainer - (StaticComponentContainer.java:368) - Instantiated org.burningwave.core.SLF4JManagedLoggerRepository
2025-09-16 11:35:20,807 [main] INFO  o.b.c.a.StaticComponentContainer - (StaticComponentContainer.java:369) - 

	Configuration values for static components:

		background-executor.all-tasks-monitoring.enabled=\
			true
		background-executor.all-tasks-monitoring.interval=\
			30000
		background-executor.all-tasks-monitoring.logger.enabled=\
			false
		background-executor.all-tasks-monitoring.minimum-elapsed-time-to-consider-a-task-as-probable-dead-locked=\
			300000
		background-executor.all-tasks-monitoring.probable-dead-locked-tasks-handling.policy=\
			log only
		background-executor.queued-task-executor[0].name=\
			Low priority tasks
		background-executor.queued-task-executor[0].priority=\
			1
		background-executor.queued-task-executor[1].name=\
			Normal priority tasks
		background-executor.queued-task-executor[1].priority=\
			5
		background-executor.queued-task-executor[2].name=\
			High priority tasks
		background-executor.queued-task-executor[2].priority=\
			10
		background-executor.task-creation-tracking.enabled=\
			${background-executor.all-tasks-monitoring.enabled}
		banner.additonal-informations=\
			${Bundle-Vendor} ${Bundle-Name} ${Bundle-Version}
		banner.additonal-informations.retrieve-from-manifest-file-of=\
			Burningwave Core
		banner.file=\
			org/burningwave/banner.bwb
		banner.hide=\
			true
		buffer-handler.default-allocation-mode=\
			ByteBuffer::allocateDirect
		buffer-handler.default-buffer-size=\
			1024
		group-name-for-named-elements=\
			Burningwave
		iterable-object-helper.default-values-separator=\
			;
		iterable-object-helper.parallel-iteration.applicability.default-minimum-collection-size=\
			2
		iterable-object-helper.parallel-iteration.applicability.max-runtime-thread-count-threshold=\
			autodetect
		iterable-object-helper.parallel-iteration.applicability.output-collection-enabled-types=\
			java.util.concurrent.ConcurrentHashMap$CollectionView;\
			java.util.Collections$SynchronizedCollection;\
			java.util.concurrent.CopyOnWriteArrayList;\
			java.util.concurrent.CopyOnWriteArraySet;\
			java.util.concurrent.BlockingQueue;\
			java.util.concurrent.ConcurrentSkipListSet;\
			java.util.concurrent.ConcurrentSkipListMap$EntrySet;\
			java.util.concurrent.ConcurrentSkipListMap$KeySet;\
			java.util.concurrent.ConcurrentSkipListMap$Values;
		jvm.driver.init=\
			false
		managed-logger.repository=\
			autodetect
		managed-logger.repository.enabled=\
			true
		managed-logger.repository.logging.warn.disabled-for=\
			org.burningwave.core.assembler.ComponentContainer$ClassLoader;\
			org.burningwave.core.classes.MemoryClassLoader;\
			org.burningwave.core.classes.PathScannerClassLoader;
		modules.export-all-to-all=\
			true
		resource-releaser.enabled=\
			true
		synchronizer.all-threads-monitoring.enabled=\
			false
		synchronizer.all-threads-monitoring.interval=\
			90000
		thread-supplier.default-daemon-flag-value=\
			true
		thread-supplier.default-thread-priority=\
			5
		thread-supplier.max-detached-thread-count=\
			${thread-supplier.max-poolable-thread-count}
		thread-supplier.max-detached-thread-count.elapsed-time-threshold-from-last-increase-for-gradual-decreasing-to-initial-value=\
			30000
		thread-supplier.max-detached-thread-count.increasing-step=\
			autodetect
		thread-supplier.max-poolable-thread-count=\
			autodetect
		thread-supplier.poolable-thread-request-timeout=\
			6000


2025-09-16 11:35:20,809 [main] INFO  o.b.core.jvm.BufferHandler - (BufferHandler.java:127) - default buffer size: 1024 bytes
2025-09-16 11:35:20,809 [main] INFO  o.b.core.jvm.BufferHandler - (BufferHandler.java:141) - default allocation mode: ByteBuffer::allocateDirect
2025-09-16 11:35:20,811 [main] INFO  org.burningwave.core.Cache - (Cache.java:76) - Building cache
2025-09-16 11:35:20,822 [main] INFO  o.b.c.a.StaticComponentContainer - (StaticComponentContainer.java:443) - org.burningwave.core.assembler.StaticComponentContainer initialized in 0.0613846 seconds
2025-09-16 11:35:21,425 [Worker-7: Loading available Gradle versions] INFO  o.e.b.c.i.u.g.PublishedGradleVersions - Gradle version information cache is up-to-date. Trying to read.
2025-09-16 11:36:47,004 [Burningwave - Resource releaser] INFO  o.b.c.a.StaticComponentContainer - (StaticComponentContainer.java:391) - ... Waiting for all tasks ending
2025-09-16 11:36:47,005 [Burningwave - Resource releaser] INFO  o.b.c.a.StaticComponentContainer - (StaticComponentContainer.java:397) - Closing all component containers
2025-09-16 11:36:47,007 [Burningwave - Resource releaser] INFO  o.b.c.a.StaticComponentContainer - (StaticComponentContainer.java:403) - Closing FileSystemHelper
2025-09-16 11:36:47,009 [Burningwave - Resource releaser] INFO  o.b.c.a.StaticComponentContainer - (StaticComponentContainer.java:409) - ... Waiting for all tasks ending before shutting down the BackgroundExecutor
2025-09-16 11:36:47,010 [Burningwave - Resource releaser] INFO  o.b.c.a.StaticComponentContainer - (StaticComponentContainer.java:414) - Shutting down BackgroundExecutor
2025-09-16 11:36:47,012 [Burningwave - Resource releaser] INFO  o.b.c.a.StaticComponentContainer - (StaticComponentContainer.java:420) - Stopping all threads monitoring thread
2025-09-16 11:36:47,012 [Burningwave - Resource releaser] INFO  o.b.c.a.StaticComponentContainer - (StaticComponentContainer.java:425) - Closing ThreadHolder
2025-09-16 11:36:47,014 [Burningwave - Resource releaser] INFO  o.b.c.a.StaticComponentContainer - (StaticComponentContainer.java:430) - Shutting down ThreadSupplier
2025-09-16 11:36:54,414 [main] INFO  o.b.c.a.StaticComponentContainer - (StaticComponentContainer.java:368) - Instantiated org.burningwave.core.SLF4JManagedLoggerRepository
2025-09-16 11:36:54,416 [main] INFO  o.b.c.a.StaticComponentContainer - (StaticComponentContainer.java:369) - 

	Configuration values for static components:

		background-executor.all-tasks-monitoring.enabled=\
			true
		background-executor.all-tasks-monitoring.interval=\
			30000
		background-executor.all-tasks-monitoring.logger.enabled=\
			false
		background-executor.all-tasks-monitoring.minimum-elapsed-time-to-consider-a-task-as-probable-dead-locked=\
			300000
		background-executor.all-tasks-monitoring.probable-dead-locked-tasks-handling.policy=\
			log only
		background-executor.queued-task-executor[0].name=\
			Low priority tasks
		background-executor.queued-task-executor[0].priority=\
			1
		background-executor.queued-task-executor[1].name=\
			Normal priority tasks
		background-executor.queued-task-executor[1].priority=\
			5
		background-executor.queued-task-executor[2].name=\
			High priority tasks
		background-executor.queued-task-executor[2].priority=\
			10
		background-executor.task-creation-tracking.enabled=\
			${background-executor.all-tasks-monitoring.enabled}
		banner.additonal-informations=\
			${Bundle-Vendor} ${Bundle-Name} ${Bundle-Version}
		banner.additonal-informations.retrieve-from-manifest-file-of=\
			Burningwave Core
		banner.file=\
			org/burningwave/banner.bwb
		banner.hide=\
			true
		buffer-handler.default-allocation-mode=\
			ByteBuffer::allocateDirect
		buffer-handler.default-buffer-size=\
			1024
		group-name-for-named-elements=\
			Burningwave
		iterable-object-helper.default-values-separator=\
			;
		iterable-object-helper.parallel-iteration.applicability.default-minimum-collection-size=\
			2
		iterable-object-helper.parallel-iteration.applicability.max-runtime-thread-count-threshold=\
			autodetect
		iterable-object-helper.parallel-iteration.applicability.output-collection-enabled-types=\
			java.util.concurrent.ConcurrentHashMap$CollectionView;\
			java.util.Collections$SynchronizedCollection;\
			java.util.concurrent.CopyOnWriteArrayList;\
			java.util.concurrent.CopyOnWriteArraySet;\
			java.util.concurrent.BlockingQueue;\
			java.util.concurrent.ConcurrentSkipListSet;\
			java.util.concurrent.ConcurrentSkipListMap$EntrySet;\
			java.util.concurrent.ConcurrentSkipListMap$KeySet;\
			java.util.concurrent.ConcurrentSkipListMap$Values;
		jvm.driver.init=\
			false
		managed-logger.repository=\
			autodetect
		managed-logger.repository.enabled=\
			true
		managed-logger.repository.logging.warn.disabled-for=\
			org.burningwave.core.assembler.ComponentContainer$ClassLoader;\
			org.burningwave.core.classes.MemoryClassLoader;\
			org.burningwave.core.classes.PathScannerClassLoader;
		modules.export-all-to-all=\
			true
		resource-releaser.enabled=\
			true
		synchronizer.all-threads-monitoring.enabled=\
			false
		synchronizer.all-threads-monitoring.interval=\
			90000
		thread-supplier.default-daemon-flag-value=\
			true
		thread-supplier.default-thread-priority=\
			5
		thread-supplier.max-detached-thread-count=\
			${thread-supplier.max-poolable-thread-count}
		thread-supplier.max-detached-thread-count.elapsed-time-threshold-from-last-increase-for-gradual-decreasing-to-initial-value=\
			30000
		thread-supplier.max-detached-thread-count.increasing-step=\
			autodetect
		thread-supplier.max-poolable-thread-count=\
			autodetect
		thread-supplier.poolable-thread-request-timeout=\
			6000


2025-09-16 11:36:54,418 [main] INFO  o.b.core.jvm.BufferHandler - (BufferHandler.java:127) - default buffer size: 1024 bytes
2025-09-16 11:36:54,419 [main] INFO  o.b.core.jvm.BufferHandler - (BufferHandler.java:141) - default allocation mode: ByteBuffer::allocateDirect
2025-09-16 11:36:54,421 [main] INFO  org.burningwave.core.Cache - (Cache.java:76) - Building cache
2025-09-16 11:36:54,441 [main] INFO  o.b.c.a.StaticComponentContainer - (StaticComponentContainer.java:443) - org.burningwave.core.assembler.StaticComponentContainer initialized in 0.0997364 seconds
2025-09-16 11:36:55,081 [Worker-7: Loading available Gradle versions] INFO  o.e.b.c.i.u.g.PublishedGradleVersions - Gradle version information cache is up-to-date. Trying to read.
2025-09-16 11:41:46,811 [Burningwave - Resource releaser] INFO  o.b.c.a.StaticComponentContainer - (StaticComponentContainer.java:391) - ... Waiting for all tasks ending
2025-09-16 11:41:46,812 [Burningwave - Resource releaser] INFO  o.b.c.a.StaticComponentContainer - (StaticComponentContainer.java:397) - Closing all component containers
2025-09-16 11:41:46,813 [Burningwave - Resource releaser] INFO  o.b.c.a.StaticComponentContainer - (StaticComponentContainer.java:403) - Closing FileSystemHelper
2025-09-16 11:41:46,814 [Burningwave - Resource releaser] INFO  o.b.c.a.StaticComponentContainer - (StaticComponentContainer.java:409) - ... Waiting for all tasks ending before shutting down the BackgroundExecutor
2025-09-16 11:41:46,815 [Burningwave - Resource releaser] INFO  o.b.c.a.StaticComponentContainer - (StaticComponentContainer.java:414) - Shutting down BackgroundExecutor
2025-09-16 11:41:46,815 [Burningwave - Resource releaser] INFO  o.b.c.a.StaticComponentContainer - (StaticComponentContainer.java:420) - Stopping all threads monitoring thread
2025-09-16 11:41:46,815 [Burningwave - Resource releaser] INFO  o.b.c.a.StaticComponentContainer - (StaticComponentContainer.java:425) - Closing ThreadHolder
2025-09-16 11:41:46,816 [Burningwave - Resource releaser] INFO  o.b.c.a.StaticComponentContainer - (StaticComponentContainer.java:430) - Shutting down ThreadSupplier
2025-09-16 11:41:54,562 [main] INFO  o.b.c.a.StaticComponentContainer - (StaticComponentContainer.java:368) - Instantiated org.burningwave.core.SLF4JManagedLoggerRepository
2025-09-16 11:41:54,564 [main] INFO  o.b.c.a.StaticComponentContainer - (StaticComponentContainer.java:369) - 

	Configuration values for static components:

		background-executor.all-tasks-monitoring.enabled=\
			true
		background-executor.all-tasks-monitoring.interval=\
			30000
		background-executor.all-tasks-monitoring.logger.enabled=\
			false
		background-executor.all-tasks-monitoring.minimum-elapsed-time-to-consider-a-task-as-probable-dead-locked=\
			300000
		background-executor.all-tasks-monitoring.probable-dead-locked-tasks-handling.policy=\
			log only
		background-executor.queued-task-executor[0].name=\
			Low priority tasks
		background-executor.queued-task-executor[0].priority=\
			1
		background-executor.queued-task-executor[1].name=\
			Normal priority tasks
		background-executor.queued-task-executor[1].priority=\
			5
		background-executor.queued-task-executor[2].name=\
			High priority tasks
		background-executor.queued-task-executor[2].priority=\
			10
		background-executor.task-creation-tracking.enabled=\
			${background-executor.all-tasks-monitoring.enabled}
		banner.additonal-informations=\
			${Bundle-Vendor} ${Bundle-Name} ${Bundle-Version}
		banner.additonal-informations.retrieve-from-manifest-file-of=\
			Burningwave Core
		banner.file=\
			org/burningwave/banner.bwb
		banner.hide=\
			true
		buffer-handler.default-allocation-mode=\
			ByteBuffer::allocateDirect
		buffer-handler.default-buffer-size=\
			1024
		group-name-for-named-elements=\
			Burningwave
		iterable-object-helper.default-values-separator=\
			;
		iterable-object-helper.parallel-iteration.applicability.default-minimum-collection-size=\
			2
		iterable-object-helper.parallel-iteration.applicability.max-runtime-thread-count-threshold=\
			autodetect
		iterable-object-helper.parallel-iteration.applicability.output-collection-enabled-types=\
			java.util.concurrent.ConcurrentHashMap$CollectionView;\
			java.util.Collections$SynchronizedCollection;\
			java.util.concurrent.CopyOnWriteArrayList;\
			java.util.concurrent.CopyOnWriteArraySet;\
			java.util.concurrent.BlockingQueue;\
			java.util.concurrent.ConcurrentSkipListSet;\
			java.util.concurrent.ConcurrentSkipListMap$EntrySet;\
			java.util.concurrent.ConcurrentSkipListMap$KeySet;\
			java.util.concurrent.ConcurrentSkipListMap$Values;
		jvm.driver.init=\
			false
		managed-logger.repository=\
			autodetect
		managed-logger.repository.enabled=\
			true
		managed-logger.repository.logging.warn.disabled-for=\
			org.burningwave.core.assembler.ComponentContainer$ClassLoader;\
			org.burningwave.core.classes.MemoryClassLoader;\
			org.burningwave.core.classes.PathScannerClassLoader;
		modules.export-all-to-all=\
			true
		resource-releaser.enabled=\
			true
		synchronizer.all-threads-monitoring.enabled=\
			false
		synchronizer.all-threads-monitoring.interval=\
			90000
		thread-supplier.default-daemon-flag-value=\
			true
		thread-supplier.default-thread-priority=\
			5
		thread-supplier.max-detached-thread-count=\
			${thread-supplier.max-poolable-thread-count}
		thread-supplier.max-detached-thread-count.elapsed-time-threshold-from-last-increase-for-gradual-decreasing-to-initial-value=\
			30000
		thread-supplier.max-detached-thread-count.increasing-step=\
			autodetect
		thread-supplier.max-poolable-thread-count=\
			autodetect
		thread-supplier.poolable-thread-request-timeout=\
			6000


2025-09-16 11:41:54,565 [main] INFO  o.b.core.jvm.BufferHandler - (BufferHandler.java:127) - default buffer size: 1024 bytes
2025-09-16 11:41:54,566 [main] INFO  o.b.core.jvm.BufferHandler - (BufferHandler.java:141) - default allocation mode: ByteBuffer::allocateDirect
2025-09-16 11:41:54,567 [main] INFO  org.burningwave.core.Cache - (Cache.java:76) - Building cache
2025-09-16 11:41:54,581 [main] INFO  o.b.c.a.StaticComponentContainer - (StaticComponentContainer.java:443) - org.burningwave.core.assembler.StaticComponentContainer initialized in 0.0704984 seconds
2025-09-16 11:41:55,186 [Worker-7: Loading available Gradle versions] INFO  o.e.b.c.i.u.g.PublishedGradleVersions - Gradle version information cache is up-to-date. Trying to read.
2025-09-16 11:42:31,380 [Burningwave - Resource releaser] INFO  o.b.c.a.StaticComponentContainer - (StaticComponentContainer.java:391) - ... Waiting for all tasks ending
2025-09-16 11:42:31,390 [Burningwave - Resource releaser] INFO  o.b.c.a.StaticComponentContainer - (StaticComponentContainer.java:397) - Closing all component containers
2025-09-16 11:42:31,392 [Burningwave - Resource releaser] INFO  o.b.c.a.StaticComponentContainer - (StaticComponentContainer.java:403) - Closing FileSystemHelper
2025-09-16 11:42:31,393 [Burningwave - Resource releaser] INFO  o.b.c.a.StaticComponentContainer - (StaticComponentContainer.java:409) - ... Waiting for all tasks ending before shutting down the BackgroundExecutor
2025-09-16 11:42:31,394 [Burningwave - Resource releaser] INFO  o.b.c.a.StaticComponentContainer - (StaticComponentContainer.java:414) - Shutting down BackgroundExecutor
2025-09-16 11:42:31,394 [Burningwave - Resource releaser] INFO  o.b.c.a.StaticComponentContainer - (StaticComponentContainer.java:420) - Stopping all threads monitoring thread
2025-09-16 11:42:31,394 [Burningwave - Resource releaser] INFO  o.b.c.a.StaticComponentContainer - (StaticComponentContainer.java:425) - Closing ThreadHolder
2025-09-16 11:42:31,395 [Burningwave - Resource releaser] INFO  o.b.c.a.StaticComponentContainer - (StaticComponentContainer.java:430) - Shutting down ThreadSupplier
2025-09-16 11:42:38,416 [main] INFO  o.b.c.a.StaticComponentContainer - (StaticComponentContainer.java:368) - Instantiated org.burningwave.core.SLF4JManagedLoggerRepository
2025-09-16 11:42:38,418 [main] INFO  o.b.c.a.StaticComponentContainer - (StaticComponentContainer.java:369) - 

	Configuration values for static components:

		background-executor.all-tasks-monitoring.enabled=\
			true
		background-executor.all-tasks-monitoring.interval=\
			30000
		background-executor.all-tasks-monitoring.logger.enabled=\
			false
		background-executor.all-tasks-monitoring.minimum-elapsed-time-to-consider-a-task-as-probable-dead-locked=\
			300000
		background-executor.all-tasks-monitoring.probable-dead-locked-tasks-handling.policy=\
			log only
		background-executor.queued-task-executor[0].name=\
			Low priority tasks
		background-executor.queued-task-executor[0].priority=\
			1
		background-executor.queued-task-executor[1].name=\
			Normal priority tasks
		background-executor.queued-task-executor[1].priority=\
			5
		background-executor.queued-task-executor[2].name=\
			High priority tasks
		background-executor.queued-task-executor[2].priority=\
			10
		background-executor.task-creation-tracking.enabled=\
			${background-executor.all-tasks-monitoring.enabled}
		banner.additonal-informations=\
			${Bundle-Vendor} ${Bundle-Name} ${Bundle-Version}
		banner.additonal-informations.retrieve-from-manifest-file-of=\
			Burningwave Core
		banner.file=\
			org/burningwave/banner.bwb
		banner.hide=\
			true
		buffer-handler.default-allocation-mode=\
			ByteBuffer::allocateDirect
		buffer-handler.default-buffer-size=\
			1024
		group-name-for-named-elements=\
			Burningwave
		iterable-object-helper.default-values-separator=\
			;
		iterable-object-helper.parallel-iteration.applicability.default-minimum-collection-size=\
			2
		iterable-object-helper.parallel-iteration.applicability.max-runtime-thread-count-threshold=\
			autodetect
		iterable-object-helper.parallel-iteration.applicability.output-collection-enabled-types=\
			java.util.concurrent.ConcurrentHashMap$CollectionView;\
			java.util.Collections$SynchronizedCollection;\
			java.util.concurrent.CopyOnWriteArrayList;\
			java.util.concurrent.CopyOnWriteArraySet;\
			java.util.concurrent.BlockingQueue;\
			java.util.concurrent.ConcurrentSkipListSet;\
			java.util.concurrent.ConcurrentSkipListMap$EntrySet;\
			java.util.concurrent.ConcurrentSkipListMap$KeySet;\
			java.util.concurrent.ConcurrentSkipListMap$Values;
		jvm.driver.init=\
			false
		managed-logger.repository=\
			autodetect
		managed-logger.repository.enabled=\
			true
		managed-logger.repository.logging.warn.disabled-for=\
			org.burningwave.core.assembler.ComponentContainer$ClassLoader;\
			org.burningwave.core.classes.MemoryClassLoader;\
			org.burningwave.core.classes.PathScannerClassLoader;
		modules.export-all-to-all=\
			true
		resource-releaser.enabled=\
			true
		synchronizer.all-threads-monitoring.enabled=\
			false
		synchronizer.all-threads-monitoring.interval=\
			90000
		thread-supplier.default-daemon-flag-value=\
			true
		thread-supplier.default-thread-priority=\
			5
		thread-supplier.max-detached-thread-count=\
			${thread-supplier.max-poolable-thread-count}
		thread-supplier.max-detached-thread-count.elapsed-time-threshold-from-last-increase-for-gradual-decreasing-to-initial-value=\
			30000
		thread-supplier.max-detached-thread-count.increasing-step=\
			autodetect
		thread-supplier.max-poolable-thread-count=\
			autodetect
		thread-supplier.poolable-thread-request-timeout=\
			6000


2025-09-16 11:42:38,419 [main] INFO  o.b.core.jvm.BufferHandler - (BufferHandler.java:127) - default buffer size: 1024 bytes
2025-09-16 11:42:38,420 [main] INFO  o.b.core.jvm.BufferHandler - (BufferHandler.java:141) - default allocation mode: ByteBuffer::allocateDirect
2025-09-16 11:42:38,422 [main] INFO  org.burningwave.core.Cache - (Cache.java:76) - Building cache
2025-09-16 11:42:38,441 [main] INFO  o.b.c.a.StaticComponentContainer - (StaticComponentContainer.java:443) - org.burningwave.core.assembler.StaticComponentContainer initialized in 0.0705459 seconds
2025-09-16 11:42:39,059 [Worker-8: Loading available Gradle versions] INFO  o.e.b.c.i.u.g.PublishedGradleVersions - Gradle version information cache is up-to-date. Trying to read.
2025-09-16 11:43:56,977 [Burningwave - Resource releaser] INFO  o.b.c.a.StaticComponentContainer - (StaticComponentContainer.java:391) - ... Waiting for all tasks ending
2025-09-16 11:43:56,978 [Burningwave - Resource releaser] INFO  o.b.c.a.StaticComponentContainer - (StaticComponentContainer.java:397) - Closing all component containers
2025-09-16 11:43:56,980 [Burningwave - Resource releaser] INFO  o.b.c.a.StaticComponentContainer - (StaticComponentContainer.java:403) - Closing FileSystemHelper
2025-09-16 11:43:56,981 [Burningwave - Resource releaser] INFO  o.b.c.a.StaticComponentContainer - (StaticComponentContainer.java:409) - ... Waiting for all tasks ending before shutting down the BackgroundExecutor
2025-09-16 11:43:56,982 [Burningwave - Resource releaser] INFO  o.b.c.a.StaticComponentContainer - (StaticComponentContainer.java:414) - Shutting down BackgroundExecutor
2025-09-16 11:43:56,982 [Burningwave - Resource releaser] INFO  o.b.c.a.StaticComponentContainer - (StaticComponentContainer.java:420) - Stopping all threads monitoring thread
2025-09-16 11:43:56,982 [Burningwave - Resource releaser] INFO  o.b.c.a.StaticComponentContainer - (StaticComponentContainer.java:425) - Closing ThreadHolder
2025-09-16 11:43:56,983 [Burningwave - Resource releaser] INFO  o.b.c.a.StaticComponentContainer - (StaticComponentContainer.java:430) - Shutting down ThreadSupplier
2025-09-16 11:44:03,767 [main] INFO  o.b.c.a.StaticComponentContainer - (StaticComponentContainer.java:368) - Instantiated org.burningwave.core.SLF4JManagedLoggerRepository
2025-09-16 11:44:03,768 [main] INFO  o.b.c.a.StaticComponentContainer - (StaticComponentContainer.java:369) - 

	Configuration values for static components:

		background-executor.all-tasks-monitoring.enabled=\
			true
		background-executor.all-tasks-monitoring.interval=\
			30000
		background-executor.all-tasks-monitoring.logger.enabled=\
			false
		background-executor.all-tasks-monitoring.minimum-elapsed-time-to-consider-a-task-as-probable-dead-locked=\
			300000
		background-executor.all-tasks-monitoring.probable-dead-locked-tasks-handling.policy=\
			log only
		background-executor.queued-task-executor[0].name=\
			Low priority tasks
		background-executor.queued-task-executor[0].priority=\
			1
		background-executor.queued-task-executor[1].name=\
			Normal priority tasks
		background-executor.queued-task-executor[1].priority=\
			5
		background-executor.queued-task-executor[2].name=\
			High priority tasks
		background-executor.queued-task-executor[2].priority=\
			10
		background-executor.task-creation-tracking.enabled=\
			${background-executor.all-tasks-monitoring.enabled}
		banner.additonal-informations=\
			${Bundle-Vendor} ${Bundle-Name} ${Bundle-Version}
		banner.additonal-informations.retrieve-from-manifest-file-of=\
			Burningwave Core
		banner.file=\
			org/burningwave/banner.bwb
		banner.hide=\
			true
		buffer-handler.default-allocation-mode=\
			ByteBuffer::allocateDirect
		buffer-handler.default-buffer-size=\
			1024
		group-name-for-named-elements=\
			Burningwave
		iterable-object-helper.default-values-separator=\
			;
		iterable-object-helper.parallel-iteration.applicability.default-minimum-collection-size=\
			2
		iterable-object-helper.parallel-iteration.applicability.max-runtime-thread-count-threshold=\
			autodetect
		iterable-object-helper.parallel-iteration.applicability.output-collection-enabled-types=\
			java.util.concurrent.ConcurrentHashMap$CollectionView;\
			java.util.Collections$SynchronizedCollection;\
			java.util.concurrent.CopyOnWriteArrayList;\
			java.util.concurrent.CopyOnWriteArraySet;\
			java.util.concurrent.BlockingQueue;\
			java.util.concurrent.ConcurrentSkipListSet;\
			java.util.concurrent.ConcurrentSkipListMap$EntrySet;\
			java.util.concurrent.ConcurrentSkipListMap$KeySet;\
			java.util.concurrent.ConcurrentSkipListMap$Values;
		jvm.driver.init=\
			false
		managed-logger.repository=\
			autodetect
		managed-logger.repository.enabled=\
			true
		managed-logger.repository.logging.warn.disabled-for=\
			org.burningwave.core.assembler.ComponentContainer$ClassLoader;\
			org.burningwave.core.classes.MemoryClassLoader;\
			org.burningwave.core.classes.PathScannerClassLoader;
		modules.export-all-to-all=\
			true
		resource-releaser.enabled=\
			true
		synchronizer.all-threads-monitoring.enabled=\
			false
		synchronizer.all-threads-monitoring.interval=\
			90000
		thread-supplier.default-daemon-flag-value=\
			true
		thread-supplier.default-thread-priority=\
			5
		thread-supplier.max-detached-thread-count=\
			${thread-supplier.max-poolable-thread-count}
		thread-supplier.max-detached-thread-count.elapsed-time-threshold-from-last-increase-for-gradual-decreasing-to-initial-value=\
			30000
		thread-supplier.max-detached-thread-count.increasing-step=\
			autodetect
		thread-supplier.max-poolable-thread-count=\
			autodetect
		thread-supplier.poolable-thread-request-timeout=\
			6000


2025-09-16 11:44:03,770 [main] INFO  o.b.core.jvm.BufferHandler - (BufferHandler.java:127) - default buffer size: 1024 bytes
2025-09-16 11:44:03,770 [main] INFO  o.b.core.jvm.BufferHandler - (BufferHandler.java:141) - default allocation mode: ByteBuffer::allocateDirect
2025-09-16 11:44:03,772 [main] INFO  org.burningwave.core.Cache - (Cache.java:76) - Building cache
2025-09-16 11:44:03,785 [main] INFO  o.b.c.a.StaticComponentContainer - (StaticComponentContainer.java:443) - org.burningwave.core.assembler.StaticComponentContainer initialized in 0.0744716 seconds
2025-09-16 11:44:04,413 [Worker-7: Loading available Gradle versions] INFO  o.e.b.c.i.u.g.PublishedGradleVersions - Gradle version information cache is up-to-date. Trying to read.
2025-09-16 11:45:45,821 [Burningwave - Resource releaser] INFO  o.b.c.a.StaticComponentContainer - (StaticComponentContainer.java:391) - ... Waiting for all tasks ending
2025-09-16 11:45:45,823 [Burningwave - Resource releaser] INFO  o.b.c.a.StaticComponentContainer - (StaticComponentContainer.java:397) - Closing all component containers
2025-09-16 11:45:45,824 [Burningwave - Resource releaser] INFO  o.b.c.a.StaticComponentContainer - (StaticComponentContainer.java:403) - Closing FileSystemHelper
2025-09-16 11:45:45,826 [Burningwave - Resource releaser] INFO  o.b.c.a.StaticComponentContainer - (StaticComponentContainer.java:409) - ... Waiting for all tasks ending before shutting down the BackgroundExecutor
2025-09-16 11:45:45,826 [Burningwave - Resource releaser] INFO  o.b.c.a.StaticComponentContainer - (StaticComponentContainer.java:414) - Shutting down BackgroundExecutor
2025-09-16 11:45:45,827 [Burningwave - Resource releaser] INFO  o.b.c.a.StaticComponentContainer - (StaticComponentContainer.java:420) - Stopping all threads monitoring thread
2025-09-16 11:45:45,827 [Burningwave - Resource releaser] INFO  o.b.c.a.StaticComponentContainer - (StaticComponentContainer.java:425) - Closing ThreadHolder
2025-09-16 11:45:45,827 [Burningwave - Resource releaser] INFO  o.b.c.a.StaticComponentContainer - (StaticComponentContainer.java:430) - Shutting down ThreadSupplier
2025-09-16 11:45:53,065 [main] INFO  o.b.c.a.StaticComponentContainer - (StaticComponentContainer.java:368) - Instantiated org.burningwave.core.SLF4JManagedLoggerRepository
2025-09-16 11:45:53,066 [main] INFO  o.b.c.a.StaticComponentContainer - (StaticComponentContainer.java:369) - 

	Configuration values for static components:

		background-executor.all-tasks-monitoring.enabled=\
			true
		background-executor.all-tasks-monitoring.interval=\
			30000
		background-executor.all-tasks-monitoring.logger.enabled=\
			false
		background-executor.all-tasks-monitoring.minimum-elapsed-time-to-consider-a-task-as-probable-dead-locked=\
			300000
		background-executor.all-tasks-monitoring.probable-dead-locked-tasks-handling.policy=\
			log only
		background-executor.queued-task-executor[0].name=\
			Low priority tasks
		background-executor.queued-task-executor[0].priority=\
			1
		background-executor.queued-task-executor[1].name=\
			Normal priority tasks
		background-executor.queued-task-executor[1].priority=\
			5
		background-executor.queued-task-executor[2].name=\
			High priority tasks
		background-executor.queued-task-executor[2].priority=\
			10
		background-executor.task-creation-tracking.enabled=\
			${background-executor.all-tasks-monitoring.enabled}
		banner.additonal-informations=\
			${Bundle-Vendor} ${Bundle-Name} ${Bundle-Version}
		banner.additonal-informations.retrieve-from-manifest-file-of=\
			Burningwave Core
		banner.file=\
			org/burningwave/banner.bwb
		banner.hide=\
			true
		buffer-handler.default-allocation-mode=\
			ByteBuffer::allocateDirect
		buffer-handler.default-buffer-size=\
			1024
		group-name-for-named-elements=\
			Burningwave
		iterable-object-helper.default-values-separator=\
			;
		iterable-object-helper.parallel-iteration.applicability.default-minimum-collection-size=\
			2
		iterable-object-helper.parallel-iteration.applicability.max-runtime-thread-count-threshold=\
			autodetect
		iterable-object-helper.parallel-iteration.applicability.output-collection-enabled-types=\
			java.util.concurrent.ConcurrentHashMap$CollectionView;\
			java.util.Collections$SynchronizedCollection;\
			java.util.concurrent.CopyOnWriteArrayList;\
			java.util.concurrent.CopyOnWriteArraySet;\
			java.util.concurrent.BlockingQueue;\
			java.util.concurrent.ConcurrentSkipListSet;\
			java.util.concurrent.ConcurrentSkipListMap$EntrySet;\
			java.util.concurrent.ConcurrentSkipListMap$KeySet;\
			java.util.concurrent.ConcurrentSkipListMap$Values;
		jvm.driver.init=\
			false
		managed-logger.repository=\
			autodetect
		managed-logger.repository.enabled=\
			true
		managed-logger.repository.logging.warn.disabled-for=\
			org.burningwave.core.assembler.ComponentContainer$ClassLoader;\
			org.burningwave.core.classes.MemoryClassLoader;\
			org.burningwave.core.classes.PathScannerClassLoader;
		modules.export-all-to-all=\
			true
		resource-releaser.enabled=\
			true
		synchronizer.all-threads-monitoring.enabled=\
			false
		synchronizer.all-threads-monitoring.interval=\
			90000
		thread-supplier.default-daemon-flag-value=\
			true
		thread-supplier.default-thread-priority=\
			5
		thread-supplier.max-detached-thread-count=\
			${thread-supplier.max-poolable-thread-count}
		thread-supplier.max-detached-thread-count.elapsed-time-threshold-from-last-increase-for-gradual-decreasing-to-initial-value=\
			30000
		thread-supplier.max-detached-thread-count.increasing-step=\
			autodetect
		thread-supplier.max-poolable-thread-count=\
			autodetect
		thread-supplier.poolable-thread-request-timeout=\
			6000


2025-09-16 11:45:53,067 [main] INFO  o.b.core.jvm.BufferHandler - (BufferHandler.java:127) - default buffer size: 1024 bytes
2025-09-16 11:45:53,068 [main] INFO  o.b.core.jvm.BufferHandler - (BufferHandler.java:141) - default allocation mode: ByteBuffer::allocateDirect
2025-09-16 11:45:53,069 [main] INFO  org.burningwave.core.Cache - (Cache.java:76) - Building cache
2025-09-16 11:45:53,082 [main] INFO  o.b.c.a.StaticComponentContainer - (StaticComponentContainer.java:443) - org.burningwave.core.assembler.StaticComponentContainer initialized in 0.0618797 seconds
2025-09-16 11:45:53,721 [Worker-5: Loading available Gradle versions] INFO  o.e.b.c.i.u.g.PublishedGradleVersions - Gradle version information cache is up-to-date. Trying to read.
2025-09-16 11:46:57,862 [Burningwave - Resource releaser] INFO  o.b.c.a.StaticComponentContainer - (StaticComponentContainer.java:391) - ... Waiting for all tasks ending
2025-09-16 11:46:57,863 [Burningwave - Resource releaser] INFO  o.b.c.a.StaticComponentContainer - (StaticComponentContainer.java:397) - Closing all component containers
2025-09-16 11:46:57,864 [Burningwave - Resource releaser] INFO  o.b.c.a.StaticComponentContainer - (StaticComponentContainer.java:403) - Closing FileSystemHelper
2025-09-16 11:46:57,865 [Burningwave - Resource releaser] INFO  o.b.c.a.StaticComponentContainer - (StaticComponentContainer.java:409) - ... Waiting for all tasks ending before shutting down the BackgroundExecutor
2025-09-16 11:46:57,866 [Burningwave - Resource releaser] INFO  o.b.c.a.StaticComponentContainer - (StaticComponentContainer.java:414) - Shutting down BackgroundExecutor
2025-09-16 11:46:57,866 [Burningwave - Resource releaser] INFO  o.b.c.a.StaticComponentContainer - (StaticComponentContainer.java:420) - Stopping all threads monitoring thread
2025-09-16 11:46:57,866 [Burningwave - Resource releaser] INFO  o.b.c.a.StaticComponentContainer - (StaticComponentContainer.java:425) - Closing ThreadHolder
2025-09-16 11:46:57,867 [Burningwave - Resource releaser] INFO  o.b.c.a.StaticComponentContainer - (StaticComponentContainer.java:430) - Shutting down ThreadSupplier
2025-09-16 11:47:04,320 [main] INFO  o.b.c.a.StaticComponentContainer - (StaticComponentContainer.java:368) - Instantiated org.burningwave.core.SLF4JManagedLoggerRepository
2025-09-16 11:47:04,322 [main] INFO  o.b.c.a.StaticComponentContainer - (StaticComponentContainer.java:369) - 

	Configuration values for static components:

		background-executor.all-tasks-monitoring.enabled=\
			true
		background-executor.all-tasks-monitoring.interval=\
			30000
		background-executor.all-tasks-monitoring.logger.enabled=\
			false
		background-executor.all-tasks-monitoring.minimum-elapsed-time-to-consider-a-task-as-probable-dead-locked=\
			300000
		background-executor.all-tasks-monitoring.probable-dead-locked-tasks-handling.policy=\
			log only
		background-executor.queued-task-executor[0].name=\
			Low priority tasks
		background-executor.queued-task-executor[0].priority=\
			1
		background-executor.queued-task-executor[1].name=\
			Normal priority tasks
		background-executor.queued-task-executor[1].priority=\
			5
		background-executor.queued-task-executor[2].name=\
			High priority tasks
		background-executor.queued-task-executor[2].priority=\
			10
		background-executor.task-creation-tracking.enabled=\
			${background-executor.all-tasks-monitoring.enabled}
		banner.additonal-informations=\
			${Bundle-Vendor} ${Bundle-Name} ${Bundle-Version}
		banner.additonal-informations.retrieve-from-manifest-file-of=\
			Burningwave Core
		banner.file=\
			org/burningwave/banner.bwb
		banner.hide=\
			true
		buffer-handler.default-allocation-mode=\
			ByteBuffer::allocateDirect
		buffer-handler.default-buffer-size=\
			1024
		group-name-for-named-elements=\
			Burningwave
		iterable-object-helper.default-values-separator=\
			;
		iterable-object-helper.parallel-iteration.applicability.default-minimum-collection-size=\
			2
		iterable-object-helper.parallel-iteration.applicability.max-runtime-thread-count-threshold=\
			autodetect
		iterable-object-helper.parallel-iteration.applicability.output-collection-enabled-types=\
			java.util.concurrent.ConcurrentHashMap$CollectionView;\
			java.util.Collections$SynchronizedCollection;\
			java.util.concurrent.CopyOnWriteArrayList;\
			java.util.concurrent.CopyOnWriteArraySet;\
			java.util.concurrent.BlockingQueue;\
			java.util.concurrent.ConcurrentSkipListSet;\
			java.util.concurrent.ConcurrentSkipListMap$EntrySet;\
			java.util.concurrent.ConcurrentSkipListMap$KeySet;\
			java.util.concurrent.ConcurrentSkipListMap$Values;
		jvm.driver.init=\
			false
		managed-logger.repository=\
			autodetect
		managed-logger.repository.enabled=\
			true
		managed-logger.repository.logging.warn.disabled-for=\
			org.burningwave.core.assembler.ComponentContainer$ClassLoader;\
			org.burningwave.core.classes.MemoryClassLoader;\
			org.burningwave.core.classes.PathScannerClassLoader;
		modules.export-all-to-all=\
			true
		resource-releaser.enabled=\
			true
		synchronizer.all-threads-monitoring.enabled=\
			false
		synchronizer.all-threads-monitoring.interval=\
			90000
		thread-supplier.default-daemon-flag-value=\
			true
		thread-supplier.default-thread-priority=\
			5
		thread-supplier.max-detached-thread-count=\
			${thread-supplier.max-poolable-thread-count}
		thread-supplier.max-detached-thread-count.elapsed-time-threshold-from-last-increase-for-gradual-decreasing-to-initial-value=\
			30000
		thread-supplier.max-detached-thread-count.increasing-step=\
			autodetect
		thread-supplier.max-poolable-thread-count=\
			autodetect
		thread-supplier.poolable-thread-request-timeout=\
			6000


2025-09-16 11:47:04,324 [main] INFO  o.b.core.jvm.BufferHandler - (BufferHandler.java:127) - default buffer size: 1024 bytes
2025-09-16 11:47:04,324 [main] INFO  o.b.core.jvm.BufferHandler - (BufferHandler.java:141) - default allocation mode: ByteBuffer::allocateDirect
2025-09-16 11:47:04,326 [main] INFO  org.burningwave.core.Cache - (Cache.java:76) - Building cache
2025-09-16 11:47:04,339 [main] INFO  o.b.c.a.StaticComponentContainer - (StaticComponentContainer.java:443) - org.burningwave.core.assembler.StaticComponentContainer initialized in 0.0655129 seconds
2025-09-16 11:47:04,938 [Worker-2: Loading available Gradle versions] INFO  o.e.b.c.i.u.g.PublishedGradleVersions - Gradle version information cache is up-to-date. Trying to read.
2025-09-16 11:48:01,074 [Burningwave - Resource releaser] INFO  o.b.c.a.StaticComponentContainer - (StaticComponentContainer.java:391) - ... Waiting for all tasks ending
2025-09-16 11:48:01,075 [Burningwave - Resource releaser] INFO  o.b.c.a.StaticComponentContainer - (StaticComponentContainer.java:397) - Closing all component containers
2025-09-16 11:48:01,076 [Burningwave - Resource releaser] INFO  o.b.c.a.StaticComponentContainer - (StaticComponentContainer.java:403) - Closing FileSystemHelper
2025-09-16 11:48:01,077 [Burningwave - Resource releaser] INFO  o.b.c.a.StaticComponentContainer - (StaticComponentContainer.java:409) - ... Waiting for all tasks ending before shutting down the BackgroundExecutor
2025-09-16 11:48:01,077 [Burningwave - Resource releaser] INFO  o.b.c.a.StaticComponentContainer - (StaticComponentContainer.java:414) - Shutting down BackgroundExecutor
2025-09-16 11:48:01,078 [Burningwave - Resource releaser] INFO  o.b.c.a.StaticComponentContainer - (StaticComponentContainer.java:420) - Stopping all threads monitoring thread
2025-09-16 11:48:01,078 [Burningwave - Resource releaser] INFO  o.b.c.a.StaticComponentContainer - (StaticComponentContainer.java:425) - Closing ThreadHolder
2025-09-16 11:48:01,079 [Burningwave - Resource releaser] INFO  o.b.c.a.StaticComponentContainer - (StaticComponentContainer.java:430) - Shutting down ThreadSupplier
2025-09-16 11:48:08,754 [main] INFO  o.b.c.a.StaticComponentContainer - (StaticComponentContainer.java:368) - Instantiated org.burningwave.core.SLF4JManagedLoggerRepository
2025-09-16 11:48:08,756 [main] INFO  o.b.c.a.StaticComponentContainer - (StaticComponentContainer.java:369) - 

	Configuration values for static components:

		background-executor.all-tasks-monitoring.enabled=\
			true
		background-executor.all-tasks-monitoring.interval=\
			30000
		background-executor.all-tasks-monitoring.logger.enabled=\
			false
		background-executor.all-tasks-monitoring.minimum-elapsed-time-to-consider-a-task-as-probable-dead-locked=\
			300000
		background-executor.all-tasks-monitoring.probable-dead-locked-tasks-handling.policy=\
			log only
		background-executor.queued-task-executor[0].name=\
			Low priority tasks
		background-executor.queued-task-executor[0].priority=\
			1
		background-executor.queued-task-executor[1].name=\
			Normal priority tasks
		background-executor.queued-task-executor[1].priority=\
			5
		background-executor.queued-task-executor[2].name=\
			High priority tasks
		background-executor.queued-task-executor[2].priority=\
			10
		background-executor.task-creation-tracking.enabled=\
			${background-executor.all-tasks-monitoring.enabled}
		banner.additonal-informations=\
			${Bundle-Vendor} ${Bundle-Name} ${Bundle-Version}
		banner.additonal-informations.retrieve-from-manifest-file-of=\
			Burningwave Core
		banner.file=\
			org/burningwave/banner.bwb
		banner.hide=\
			true
		buffer-handler.default-allocation-mode=\
			ByteBuffer::allocateDirect
		buffer-handler.default-buffer-size=\
			1024
		group-name-for-named-elements=\
			Burningwave
		iterable-object-helper.default-values-separator=\
			;
		iterable-object-helper.parallel-iteration.applicability.default-minimum-collection-size=\
			2
		iterable-object-helper.parallel-iteration.applicability.max-runtime-thread-count-threshold=\
			autodetect
		iterable-object-helper.parallel-iteration.applicability.output-collection-enabled-types=\
			java.util.concurrent.ConcurrentHashMap$CollectionView;\
			java.util.Collections$SynchronizedCollection;\
			java.util.concurrent.CopyOnWriteArrayList;\
			java.util.concurrent.CopyOnWriteArraySet;\
			java.util.concurrent.BlockingQueue;\
			java.util.concurrent.ConcurrentSkipListSet;\
			java.util.concurrent.ConcurrentSkipListMap$EntrySet;\
			java.util.concurrent.ConcurrentSkipListMap$KeySet;\
			java.util.concurrent.ConcurrentSkipListMap$Values;
		jvm.driver.init=\
			false
		managed-logger.repository=\
			autodetect
		managed-logger.repository.enabled=\
			true
		managed-logger.repository.logging.warn.disabled-for=\
			org.burningwave.core.assembler.ComponentContainer$ClassLoader;\
			org.burningwave.core.classes.MemoryClassLoader;\
			org.burningwave.core.classes.PathScannerClassLoader;
		modules.export-all-to-all=\
			true
		resource-releaser.enabled=\
			true
		synchronizer.all-threads-monitoring.enabled=\
			false
		synchronizer.all-threads-monitoring.interval=\
			90000
		thread-supplier.default-daemon-flag-value=\
			true
		thread-supplier.default-thread-priority=\
			5
		thread-supplier.max-detached-thread-count=\
			${thread-supplier.max-poolable-thread-count}
		thread-supplier.max-detached-thread-count.elapsed-time-threshold-from-last-increase-for-gradual-decreasing-to-initial-value=\
			30000
		thread-supplier.max-detached-thread-count.increasing-step=\
			autodetect
		thread-supplier.max-poolable-thread-count=\
			autodetect
		thread-supplier.poolable-thread-request-timeout=\
			6000


2025-09-16 11:48:08,758 [main] INFO  o.b.core.jvm.BufferHandler - (BufferHandler.java:127) - default buffer size: 1024 bytes
2025-09-16 11:48:08,759 [main] INFO  o.b.core.jvm.BufferHandler - (BufferHandler.java:141) - default allocation mode: ByteBuffer::allocateDirect
2025-09-16 11:48:08,761 [main] INFO  org.burningwave.core.Cache - (Cache.java:76) - Building cache
2025-09-16 11:48:08,775 [main] INFO  o.b.c.a.StaticComponentContainer - (StaticComponentContainer.java:443) - org.burningwave.core.assembler.StaticComponentContainer initialized in 0.0823497 seconds
2025-09-16 11:48:09,377 [Worker-7: Loading available Gradle versions] INFO  o.e.b.c.i.u.g.PublishedGradleVersions - Gradle version information cache is up-to-date. Trying to read.
2025-09-16 11:48:29,345 [Burningwave - Resource releaser] INFO  o.b.c.a.StaticComponentContainer - (StaticComponentContainer.java:391) - ... Waiting for all tasks ending
2025-09-16 11:48:29,345 [Burningwave - Resource releaser] INFO  o.b.c.a.StaticComponentContainer - (StaticComponentContainer.java:397) - Closing all component containers
2025-09-16 11:48:29,349 [Burningwave - Resource releaser] INFO  o.b.c.a.StaticComponentContainer - (StaticComponentContainer.java:403) - Closing FileSystemHelper
2025-09-16 11:48:29,350 [Burningwave - Resource releaser] INFO  o.b.c.a.StaticComponentContainer - (StaticComponentContainer.java:409) - ... Waiting for all tasks ending before shutting down the BackgroundExecutor
2025-09-16 11:48:29,351 [Burningwave - Resource releaser] INFO  o.b.c.a.StaticComponentContainer - (StaticComponentContainer.java:414) - Shutting down BackgroundExecutor
2025-09-16 11:48:29,351 [Burningwave - Resource releaser] INFO  o.b.c.a.StaticComponentContainer - (StaticComponentContainer.java:420) - Stopping all threads monitoring thread
2025-09-16 11:48:29,351 [Burningwave - Resource releaser] INFO  o.b.c.a.StaticComponentContainer - (StaticComponentContainer.java:425) - Closing ThreadHolder
2025-09-16 11:48:29,352 [Burningwave - Resource releaser] INFO  o.b.c.a.StaticComponentContainer - (StaticComponentContainer.java:430) - Shutting down ThreadSupplier
2025-09-16 11:48:36,406 [main] INFO  o.b.c.a.StaticComponentContainer - (StaticComponentContainer.java:368) - Instantiated org.burningwave.core.SLF4JManagedLoggerRepository
2025-09-16 11:48:36,408 [main] INFO  o.b.c.a.StaticComponentContainer - (StaticComponentContainer.java:369) - 

	Configuration values for static components:

		background-executor.all-tasks-monitoring.enabled=\
			true
		background-executor.all-tasks-monitoring.interval=\
			30000
		background-executor.all-tasks-monitoring.logger.enabled=\
			false
		background-executor.all-tasks-monitoring.minimum-elapsed-time-to-consider-a-task-as-probable-dead-locked=\
			300000
		background-executor.all-tasks-monitoring.probable-dead-locked-tasks-handling.policy=\
			log only
		background-executor.queued-task-executor[0].name=\
			Low priority tasks
		background-executor.queued-task-executor[0].priority=\
			1
		background-executor.queued-task-executor[1].name=\
			Normal priority tasks
		background-executor.queued-task-executor[1].priority=\
			5
		background-executor.queued-task-executor[2].name=\
			High priority tasks
		background-executor.queued-task-executor[2].priority=\
			10
		background-executor.task-creation-tracking.enabled=\
			${background-executor.all-tasks-monitoring.enabled}
		banner.additonal-informations=\
			${Bundle-Vendor} ${Bundle-Name} ${Bundle-Version}
		banner.additonal-informations.retrieve-from-manifest-file-of=\
			Burningwave Core
		banner.file=\
			org/burningwave/banner.bwb
		banner.hide=\
			true
		buffer-handler.default-allocation-mode=\
			ByteBuffer::allocateDirect
		buffer-handler.default-buffer-size=\
			1024
		group-name-for-named-elements=\
			Burningwave
		iterable-object-helper.default-values-separator=\
			;
		iterable-object-helper.parallel-iteration.applicability.default-minimum-collection-size=\
			2
		iterable-object-helper.parallel-iteration.applicability.max-runtime-thread-count-threshold=\
			autodetect
		iterable-object-helper.parallel-iteration.applicability.output-collection-enabled-types=\
			java.util.concurrent.ConcurrentHashMap$CollectionView;\
			java.util.Collections$SynchronizedCollection;\
			java.util.concurrent.CopyOnWriteArrayList;\
			java.util.concurrent.CopyOnWriteArraySet;\
			java.util.concurrent.BlockingQueue;\
			java.util.concurrent.ConcurrentSkipListSet;\
			java.util.concurrent.ConcurrentSkipListMap$EntrySet;\
			java.util.concurrent.ConcurrentSkipListMap$KeySet;\
			java.util.concurrent.ConcurrentSkipListMap$Values;
		jvm.driver.init=\
			false
		managed-logger.repository=\
			autodetect
		managed-logger.repository.enabled=\
			true
		managed-logger.repository.logging.warn.disabled-for=\
			org.burningwave.core.assembler.ComponentContainer$ClassLoader;\
			org.burningwave.core.classes.MemoryClassLoader;\
			org.burningwave.core.classes.PathScannerClassLoader;
		modules.export-all-to-all=\
			true
		resource-releaser.enabled=\
			true
		synchronizer.all-threads-monitoring.enabled=\
			false
		synchronizer.all-threads-monitoring.interval=\
			90000
		thread-supplier.default-daemon-flag-value=\
			true
		thread-supplier.default-thread-priority=\
			5
		thread-supplier.max-detached-thread-count=\
			${thread-supplier.max-poolable-thread-count}
		thread-supplier.max-detached-thread-count.elapsed-time-threshold-from-last-increase-for-gradual-decreasing-to-initial-value=\
			30000
		thread-supplier.max-detached-thread-count.increasing-step=\
			autodetect
		thread-supplier.max-poolable-thread-count=\
			autodetect
		thread-supplier.poolable-thread-request-timeout=\
			6000


2025-09-16 11:48:36,409 [main] INFO  o.b.core.jvm.BufferHandler - (BufferHandler.java:127) - default buffer size: 1024 bytes
2025-09-16 11:48:36,409 [main] INFO  o.b.core.jvm.BufferHandler - (BufferHandler.java:141) - default allocation mode: ByteBuffer::allocateDirect
2025-09-16 11:48:36,411 [main] INFO  org.burningwave.core.Cache - (Cache.java:76) - Building cache
2025-09-16 11:48:36,424 [main] INFO  o.b.c.a.StaticComponentContainer - (StaticComponentContainer.java:443) - org.burningwave.core.assembler.StaticComponentContainer initialized in 0.068064 seconds
2025-09-16 11:48:37,036 [Worker-8: Loading available Gradle versions] INFO  o.e.b.c.i.u.g.PublishedGradleVersions - Gradle version information cache is up-to-date. Trying to read.
2025-09-16 11:50:08,080 [main] INFO  o.b.c.a.StaticComponentContainer - (StaticComponentContainer.java:368) - Instantiated org.burningwave.core.SLF4JManagedLoggerRepository
2025-09-16 11:50:08,082 [main] INFO  o.b.c.a.StaticComponentContainer - (StaticComponentContainer.java:369) - 

	Configuration values for static components:

		background-executor.all-tasks-monitoring.enabled=\
			true
		background-executor.all-tasks-monitoring.interval=\
			30000
		background-executor.all-tasks-monitoring.logger.enabled=\
			false
		background-executor.all-tasks-monitoring.minimum-elapsed-time-to-consider-a-task-as-probable-dead-locked=\
			300000
		background-executor.all-tasks-monitoring.probable-dead-locked-tasks-handling.policy=\
			log only
		background-executor.queued-task-executor[0].name=\
			Low priority tasks
		background-executor.queued-task-executor[0].priority=\
			1
		background-executor.queued-task-executor[1].name=\
			Normal priority tasks
		background-executor.queued-task-executor[1].priority=\
			5
		background-executor.queued-task-executor[2].name=\
			High priority tasks
		background-executor.queued-task-executor[2].priority=\
			10
		background-executor.task-creation-tracking.enabled=\
			${background-executor.all-tasks-monitoring.enabled}
		banner.additonal-informations=\
			${Bundle-Vendor} ${Bundle-Name} ${Bundle-Version}
		banner.additonal-informations.retrieve-from-manifest-file-of=\
			Burningwave Core
		banner.file=\
			org/burningwave/banner.bwb
		banner.hide=\
			true
		buffer-handler.default-allocation-mode=\
			ByteBuffer::allocateDirect
		buffer-handler.default-buffer-size=\
			1024
		group-name-for-named-elements=\
			Burningwave
		iterable-object-helper.default-values-separator=\
			;
		iterable-object-helper.parallel-iteration.applicability.default-minimum-collection-size=\
			2
		iterable-object-helper.parallel-iteration.applicability.max-runtime-thread-count-threshold=\
			autodetect
		iterable-object-helper.parallel-iteration.applicability.output-collection-enabled-types=\
			java.util.concurrent.ConcurrentHashMap$CollectionView;\
			java.util.Collections$SynchronizedCollection;\
			java.util.concurrent.CopyOnWriteArrayList;\
			java.util.concurrent.CopyOnWriteArraySet;\
			java.util.concurrent.BlockingQueue;\
			java.util.concurrent.ConcurrentSkipListSet;\
			java.util.concurrent.ConcurrentSkipListMap$EntrySet;\
			java.util.concurrent.ConcurrentSkipListMap$KeySet;\
			java.util.concurrent.ConcurrentSkipListMap$Values;
		jvm.driver.init=\
			false
		managed-logger.repository=\
			autodetect
		managed-logger.repository.enabled=\
			true
		managed-logger.repository.logging.warn.disabled-for=\
			org.burningwave.core.assembler.ComponentContainer$ClassLoader;\
			org.burningwave.core.classes.MemoryClassLoader;\
			org.burningwave.core.classes.PathScannerClassLoader;
		modules.export-all-to-all=\
			true
		resource-releaser.enabled=\
			true
		synchronizer.all-threads-monitoring.enabled=\
			false
		synchronizer.all-threads-monitoring.interval=\
			90000
		thread-supplier.default-daemon-flag-value=\
			true
		thread-supplier.default-thread-priority=\
			5
		thread-supplier.max-detached-thread-count=\
			${thread-supplier.max-poolable-thread-count}
		thread-supplier.max-detached-thread-count.elapsed-time-threshold-from-last-increase-for-gradual-decreasing-to-initial-value=\
			30000
		thread-supplier.max-detached-thread-count.increasing-step=\
			autodetect
		thread-supplier.max-poolable-thread-count=\
			autodetect
		thread-supplier.poolable-thread-request-timeout=\
			6000


2025-09-16 11:50:08,083 [main] INFO  o.b.core.jvm.BufferHandler - (BufferHandler.java:127) - default buffer size: 1024 bytes
2025-09-16 11:50:08,084 [main] INFO  o.b.core.jvm.BufferHandler - (BufferHandler.java:141) - default allocation mode: ByteBuffer::allocateDirect
2025-09-16 11:50:08,086 [main] INFO  org.burningwave.core.Cache - (Cache.java:76) - Building cache
2025-09-16 11:50:08,102 [main] INFO  o.b.c.a.StaticComponentContainer - (StaticComponentContainer.java:443) - org.burningwave.core.assembler.StaticComponentContainer initialized in 0.0668189 seconds
2025-09-16 11:50:08,730 [Worker-2: Loading available Gradle versions] INFO  o.e.b.c.i.u.g.PublishedGradleVersions - Gradle version information cache is up-to-date. Trying to read.
2025-09-16 11:51:10,263 [Burningwave - Resource releaser] INFO  o.b.c.a.StaticComponentContainer - (StaticComponentContainer.java:391) - ... Waiting for all tasks ending
2025-09-16 11:51:10,265 [Burningwave - Resource releaser] INFO  o.b.c.a.StaticComponentContainer - (StaticComponentContainer.java:397) - Closing all component containers
2025-09-16 11:51:10,266 [Burningwave - Resource releaser] INFO  o.b.c.a.StaticComponentContainer - (StaticComponentContainer.java:403) - Closing FileSystemHelper
2025-09-16 11:51:10,267 [Burningwave - Resource releaser] INFO  o.b.c.a.StaticComponentContainer - (StaticComponentContainer.java:409) - ... Waiting for all tasks ending before shutting down the BackgroundExecutor
2025-09-16 11:51:10,267 [Burningwave - Resource releaser] INFO  o.b.c.a.StaticComponentContainer - (StaticComponentContainer.java:414) - Shutting down BackgroundExecutor
2025-09-16 11:51:10,267 [Burningwave - Resource releaser] INFO  o.b.c.a.StaticComponentContainer - (StaticComponentContainer.java:420) - Stopping all threads monitoring thread
2025-09-16 11:51:10,268 [Burningwave - Resource releaser] INFO  o.b.c.a.StaticComponentContainer - (StaticComponentContainer.java:425) - Closing ThreadHolder
2025-09-16 11:51:10,268 [Burningwave - Resource releaser] INFO  o.b.c.a.StaticComponentContainer - (StaticComponentContainer.java:430) - Shutting down ThreadSupplier
2025-09-16 11:51:18,861 [main] INFO  o.b.c.a.StaticComponentContainer - (StaticComponentContainer.java:368) - Instantiated org.burningwave.core.SLF4JManagedLoggerRepository
2025-09-16 11:51:18,863 [main] INFO  o.b.c.a.StaticComponentContainer - (StaticComponentContainer.java:369) - 

	Configuration values for static components:

		background-executor.all-tasks-monitoring.enabled=\
			true
		background-executor.all-tasks-monitoring.interval=\
			30000
		background-executor.all-tasks-monitoring.logger.enabled=\
			false
		background-executor.all-tasks-monitoring.minimum-elapsed-time-to-consider-a-task-as-probable-dead-locked=\
			300000
		background-executor.all-tasks-monitoring.probable-dead-locked-tasks-handling.policy=\
			log only
		background-executor.queued-task-executor[0].name=\
			Low priority tasks
		background-executor.queued-task-executor[0].priority=\
			1
		background-executor.queued-task-executor[1].name=\
			Normal priority tasks
		background-executor.queued-task-executor[1].priority=\
			5
		background-executor.queued-task-executor[2].name=\
			High priority tasks
		background-executor.queued-task-executor[2].priority=\
			10
		background-executor.task-creation-tracking.enabled=\
			${background-executor.all-tasks-monitoring.enabled}
		banner.additonal-informations=\
			${Bundle-Vendor} ${Bundle-Name} ${Bundle-Version}
		banner.additonal-informations.retrieve-from-manifest-file-of=\
			Burningwave Core
		banner.file=\
			org/burningwave/banner.bwb
		banner.hide=\
			true
		buffer-handler.default-allocation-mode=\
			ByteBuffer::allocateDirect
		buffer-handler.default-buffer-size=\
			1024
		group-name-for-named-elements=\
			Burningwave
		iterable-object-helper.default-values-separator=\
			;
		iterable-object-helper.parallel-iteration.applicability.default-minimum-collection-size=\
			2
		iterable-object-helper.parallel-iteration.applicability.max-runtime-thread-count-threshold=\
			autodetect
		iterable-object-helper.parallel-iteration.applicability.output-collection-enabled-types=\
			java.util.concurrent.ConcurrentHashMap$CollectionView;\
			java.util.Collections$SynchronizedCollection;\
			java.util.concurrent.CopyOnWriteArrayList;\
			java.util.concurrent.CopyOnWriteArraySet;\
			java.util.concurrent.BlockingQueue;\
			java.util.concurrent.ConcurrentSkipListSet;\
			java.util.concurrent.ConcurrentSkipListMap$EntrySet;\
			java.util.concurrent.ConcurrentSkipListMap$KeySet;\
			java.util.concurrent.ConcurrentSkipListMap$Values;
		jvm.driver.init=\
			false
		managed-logger.repository=\
			autodetect
		managed-logger.repository.enabled=\
			true
		managed-logger.repository.logging.warn.disabled-for=\
			org.burningwave.core.assembler.ComponentContainer$ClassLoader;\
			org.burningwave.core.classes.MemoryClassLoader;\
			org.burningwave.core.classes.PathScannerClassLoader;
		modules.export-all-to-all=\
			true
		resource-releaser.enabled=\
			true
		synchronizer.all-threads-monitoring.enabled=\
			false
		synchronizer.all-threads-monitoring.interval=\
			90000
		thread-supplier.default-daemon-flag-value=\
			true
		thread-supplier.default-thread-priority=\
			5
		thread-supplier.max-detached-thread-count=\
			${thread-supplier.max-poolable-thread-count}
		thread-supplier.max-detached-thread-count.elapsed-time-threshold-from-last-increase-for-gradual-decreasing-to-initial-value=\
			30000
		thread-supplier.max-detached-thread-count.increasing-step=\
			autodetect
		thread-supplier.max-poolable-thread-count=\
			autodetect
		thread-supplier.poolable-thread-request-timeout=\
			6000


2025-09-16 11:51:18,864 [main] INFO  o.b.core.jvm.BufferHandler - (BufferHandler.java:127) - default buffer size: 1024 bytes
2025-09-16 11:51:18,865 [main] INFO  o.b.core.jvm.BufferHandler - (BufferHandler.java:141) - default allocation mode: ByteBuffer::allocateDirect
2025-09-16 11:51:18,867 [main] INFO  org.burningwave.core.Cache - (Cache.java:76) - Building cache
2025-09-16 11:51:18,881 [main] INFO  o.b.c.a.StaticComponentContainer - (StaticComponentContainer.java:443) - org.burningwave.core.assembler.StaticComponentContainer initialized in 0.0714868 seconds
2025-09-16 11:51:19,578 [Worker-5: Loading available Gradle versions] INFO  o.e.b.c.i.u.g.PublishedGradleVersions - Gradle version information cache is up-to-date. Trying to read.
2025-09-16 11:55:01,414 [Burningwave - Resource releaser] INFO  o.b.c.a.StaticComponentContainer - (StaticComponentContainer.java:391) - ... Waiting for all tasks ending
2025-09-16 11:55:01,415 [Burningwave - Resource releaser] INFO  o.b.c.a.StaticComponentContainer - (StaticComponentContainer.java:397) - Closing all component containers
2025-09-16 11:55:01,416 [Burningwave - Resource releaser] INFO  o.b.c.a.StaticComponentContainer - (StaticComponentContainer.java:403) - Closing FileSystemHelper
2025-09-16 11:55:01,417 [Burningwave - Resource releaser] INFO  o.b.c.a.StaticComponentContainer - (StaticComponentContainer.java:409) - ... Waiting for all tasks ending before shutting down the BackgroundExecutor
2025-09-16 11:55:01,417 [Burningwave - Resource releaser] INFO  o.b.c.a.StaticComponentContainer - (StaticComponentContainer.java:414) - Shutting down BackgroundExecutor
2025-09-16 11:55:01,417 [Burningwave - Resource releaser] INFO  o.b.c.a.StaticComponentContainer - (StaticComponentContainer.java:420) - Stopping all threads monitoring thread
2025-09-16 11:55:01,418 [Burningwave - Resource releaser] INFO  o.b.c.a.StaticComponentContainer - (StaticComponentContainer.java:425) - Closing ThreadHolder
2025-09-16 11:55:01,418 [Burningwave - Resource releaser] INFO  o.b.c.a.StaticComponentContainer - (StaticComponentContainer.java:430) - Shutting down ThreadSupplier
2025-09-16 11:55:09,455 [main] INFO  o.b.c.a.StaticComponentContainer - (StaticComponentContainer.java:368) - Instantiated org.burningwave.core.SLF4JManagedLoggerRepository
2025-09-16 11:55:09,456 [main] INFO  o.b.c.a.StaticComponentContainer - (StaticComponentContainer.java:369) - 

	Configuration values for static components:

		background-executor.all-tasks-monitoring.enabled=\
			true
		background-executor.all-tasks-monitoring.interval=\
			30000
		background-executor.all-tasks-monitoring.logger.enabled=\
			false
		background-executor.all-tasks-monitoring.minimum-elapsed-time-to-consider-a-task-as-probable-dead-locked=\
			300000
		background-executor.all-tasks-monitoring.probable-dead-locked-tasks-handling.policy=\
			log only
		background-executor.queued-task-executor[0].name=\
			Low priority tasks
		background-executor.queued-task-executor[0].priority=\
			1
		background-executor.queued-task-executor[1].name=\
			Normal priority tasks
		background-executor.queued-task-executor[1].priority=\
			5
		background-executor.queued-task-executor[2].name=\
			High priority tasks
		background-executor.queued-task-executor[2].priority=\
			10
		background-executor.task-creation-tracking.enabled=\
			${background-executor.all-tasks-monitoring.enabled}
		banner.additonal-informations=\
			${Bundle-Vendor} ${Bundle-Name} ${Bundle-Version}
		banner.additonal-informations.retrieve-from-manifest-file-of=\
			Burningwave Core
		banner.file=\
			org/burningwave/banner.bwb
		banner.hide=\
			true
		buffer-handler.default-allocation-mode=\
			ByteBuffer::allocateDirect
		buffer-handler.default-buffer-size=\
			1024
		group-name-for-named-elements=\
			Burningwave
		iterable-object-helper.default-values-separator=\
			;
		iterable-object-helper.parallel-iteration.applicability.default-minimum-collection-size=\
			2
		iterable-object-helper.parallel-iteration.applicability.max-runtime-thread-count-threshold=\
			autodetect
		iterable-object-helper.parallel-iteration.applicability.output-collection-enabled-types=\
			java.util.concurrent.ConcurrentHashMap$CollectionView;\
			java.util.Collections$SynchronizedCollection;\
			java.util.concurrent.CopyOnWriteArrayList;\
			java.util.concurrent.CopyOnWriteArraySet;\
			java.util.concurrent.BlockingQueue;\
			java.util.concurrent.ConcurrentSkipListSet;\
			java.util.concurrent.ConcurrentSkipListMap$EntrySet;\
			java.util.concurrent.ConcurrentSkipListMap$KeySet;\
			java.util.concurrent.ConcurrentSkipListMap$Values;
		jvm.driver.init=\
			false
		managed-logger.repository=\
			autodetect
		managed-logger.repository.enabled=\
			true
		managed-logger.repository.logging.warn.disabled-for=\
			org.burningwave.core.assembler.ComponentContainer$ClassLoader;\
			org.burningwave.core.classes.MemoryClassLoader;\
			org.burningwave.core.classes.PathScannerClassLoader;
		modules.export-all-to-all=\
			true
		resource-releaser.enabled=\
			true
		synchronizer.all-threads-monitoring.enabled=\
			false
		synchronizer.all-threads-monitoring.interval=\
			90000
		thread-supplier.default-daemon-flag-value=\
			true
		thread-supplier.default-thread-priority=\
			5
		thread-supplier.max-detached-thread-count=\
			${thread-supplier.max-poolable-thread-count}
		thread-supplier.max-detached-thread-count.elapsed-time-threshold-from-last-increase-for-gradual-decreasing-to-initial-value=\
			30000
		thread-supplier.max-detached-thread-count.increasing-step=\
			autodetect
		thread-supplier.max-poolable-thread-count=\
			autodetect
		thread-supplier.poolable-thread-request-timeout=\
			6000


2025-09-16 11:55:09,457 [main] INFO  o.b.core.jvm.BufferHandler - (BufferHandler.java:127) - default buffer size: 1024 bytes
2025-09-16 11:55:09,458 [main] INFO  o.b.core.jvm.BufferHandler - (BufferHandler.java:141) - default allocation mode: ByteBuffer::allocateDirect
2025-09-16 11:55:09,459 [main] INFO  org.burningwave.core.Cache - (Cache.java:76) - Building cache
2025-09-16 11:55:09,477 [main] INFO  o.b.c.a.StaticComponentContainer - (StaticComponentContainer.java:443) - org.burningwave.core.assembler.StaticComponentContainer initialized in 0.0784376 seconds
2025-09-16 11:55:10,152 [Worker-8: Loading available Gradle versions] INFO  o.e.b.c.i.u.g.PublishedGradleVersions - Gradle version information cache is up-to-date. Trying to read.
2025-09-16 12:46:34,190 [Burningwave - Resource releaser] INFO  o.b.c.a.StaticComponentContainer - (StaticComponentContainer.java:391) - ... Waiting for all tasks ending
2025-09-16 12:46:34,190 [Burningwave - Resource releaser] INFO  o.b.c.a.StaticComponentContainer - (StaticComponentContainer.java:397) - Closing all component containers
2025-09-16 12:46:34,191 [Burningwave - Resource releaser] INFO  o.b.c.a.StaticComponentContainer - (StaticComponentContainer.java:403) - Closing FileSystemHelper
2025-09-16 12:46:34,192 [Burningwave - Resource releaser] INFO  o.b.c.a.StaticComponentContainer - (StaticComponentContainer.java:409) - ... Waiting for all tasks ending before shutting down the BackgroundExecutor
2025-09-16 12:46:34,192 [Burningwave - Resource releaser] INFO  o.b.c.a.StaticComponentContainer - (StaticComponentContainer.java:414) - Shutting down BackgroundExecutor
2025-09-16 12:46:34,193 [Burningwave - Resource releaser] INFO  o.b.c.a.StaticComponentContainer - (StaticComponentContainer.java:420) - Stopping all threads monitoring thread
2025-09-16 12:46:34,193 [Burningwave - Resource releaser] INFO  o.b.c.a.StaticComponentContainer - (StaticComponentContainer.java:425) - Closing ThreadHolder
2025-09-16 12:46:34,193 [Burningwave - Resource releaser] INFO  o.b.c.a.StaticComponentContainer - (StaticComponentContainer.java:430) - Shutting down ThreadSupplier
2025-09-18 12:40:09,961 [main] INFO  o.b.c.a.StaticComponentContainer - (StaticComponentContainer.java:368) - Instantiated org.burningwave.core.SLF4JManagedLoggerRepository
2025-09-18 12:40:09,963 [main] INFO  o.b.c.a.StaticComponentContainer - (StaticComponentContainer.java:369) - 

	Configuration values for static components:

		background-executor.all-tasks-monitoring.enabled=\
			true
		background-executor.all-tasks-monitoring.interval=\
			30000
		background-executor.all-tasks-monitoring.logger.enabled=\
			false
		background-executor.all-tasks-monitoring.minimum-elapsed-time-to-consider-a-task-as-probable-dead-locked=\
			300000
		background-executor.all-tasks-monitoring.probable-dead-locked-tasks-handling.policy=\
			log only
		background-executor.queued-task-executor[0].name=\
			Low priority tasks
		background-executor.queued-task-executor[0].priority=\
			1
		background-executor.queued-task-executor[1].name=\
			Normal priority tasks
		background-executor.queued-task-executor[1].priority=\
			5
		background-executor.queued-task-executor[2].name=\
			High priority tasks
		background-executor.queued-task-executor[2].priority=\
			10
		background-executor.task-creation-tracking.enabled=\
			${background-executor.all-tasks-monitoring.enabled}
		banner.additonal-informations=\
			${Bundle-Vendor} ${Bundle-Name} ${Bundle-Version}
		banner.additonal-informations.retrieve-from-manifest-file-of=\
			Burningwave Core
		banner.file=\
			org/burningwave/banner.bwb
		banner.hide=\
			true
		buffer-handler.default-allocation-mode=\
			ByteBuffer::allocateDirect
		buffer-handler.default-buffer-size=\
			1024
		group-name-for-named-elements=\
			Burningwave
		iterable-object-helper.default-values-separator=\
			;
		iterable-object-helper.parallel-iteration.applicability.default-minimum-collection-size=\
			2
		iterable-object-helper.parallel-iteration.applicability.max-runtime-thread-count-threshold=\
			autodetect
		iterable-object-helper.parallel-iteration.applicability.output-collection-enabled-types=\
			java.util.concurrent.ConcurrentHashMap$CollectionView;\
			java.util.Collections$SynchronizedCollection;\
			java.util.concurrent.CopyOnWriteArrayList;\
			java.util.concurrent.CopyOnWriteArraySet;\
			java.util.concurrent.BlockingQueue;\
			java.util.concurrent.ConcurrentSkipListSet;\
			java.util.concurrent.ConcurrentSkipListMap$EntrySet;\
			java.util.concurrent.ConcurrentSkipListMap$KeySet;\
			java.util.concurrent.ConcurrentSkipListMap$Values;
		jvm.driver.init=\
			false
		managed-logger.repository=\
			autodetect
		managed-logger.repository.enabled=\
			true
		managed-logger.repository.logging.warn.disabled-for=\
			org.burningwave.core.assembler.ComponentContainer$ClassLoader;\
			org.burningwave.core.classes.MemoryClassLoader;\
			org.burningwave.core.classes.PathScannerClassLoader;
		modules.export-all-to-all=\
			true
		resource-releaser.enabled=\
			true
		synchronizer.all-threads-monitoring.enabled=\
			false
		synchronizer.all-threads-monitoring.interval=\
			90000
		thread-supplier.default-daemon-flag-value=\
			true
		thread-supplier.default-thread-priority=\
			5
		thread-supplier.max-detached-thread-count=\
			${thread-supplier.max-poolable-thread-count}
		thread-supplier.max-detached-thread-count.elapsed-time-threshold-from-last-increase-for-gradual-decreasing-to-initial-value=\
			30000
		thread-supplier.max-detached-thread-count.increasing-step=\
			autodetect
		thread-supplier.max-poolable-thread-count=\
			autodetect
		thread-supplier.poolable-thread-request-timeout=\
			6000


2025-09-18 12:40:09,964 [main] INFO  o.b.core.jvm.BufferHandler - (BufferHandler.java:127) - default buffer size: 1024 bytes
2025-09-18 12:40:09,964 [main] INFO  o.b.core.jvm.BufferHandler - (BufferHandler.java:141) - default allocation mode: ByteBuffer::allocateDirect
2025-09-18 12:40:09,966 [main] INFO  org.burningwave.core.Cache - (Cache.java:76) - Building cache
2025-09-18 12:40:09,980 [main] INFO  o.b.c.a.StaticComponentContainer - (StaticComponentContainer.java:443) - org.burningwave.core.assembler.StaticComponentContainer initialized in 0.0718509 seconds
2025-09-18 12:40:11,019 [Worker-2: Loading available Gradle versions] INFO  o.e.b.c.i.u.g.PublishedGradleVersions - Gradle version information cache is out-of-date. Trying to update.
2025-09-18 14:26:05,510 [Burningwave - Resource releaser] INFO  o.b.c.a.StaticComponentContainer - (StaticComponentContainer.java:391) - ... Waiting for all tasks ending
2025-09-18 14:26:05,514 [Burningwave - Resource releaser] INFO  o.b.c.a.StaticComponentContainer - (StaticComponentContainer.java:397) - Closing all component containers
2025-09-18 14:26:05,517 [Burningwave - Resource releaser] INFO  o.b.c.a.StaticComponentContainer - (StaticComponentContainer.java:403) - Closing FileSystemHelper
2025-09-18 14:26:05,519 [Burningwave - Resource releaser] INFO  o.b.c.a.StaticComponentContainer - (StaticComponentContainer.java:409) - ... Waiting for all tasks ending before shutting down the BackgroundExecutor
2025-09-18 14:26:05,520 [Burningwave - Resource releaser] INFO  o.b.c.a.StaticComponentContainer - (StaticComponentContainer.java:414) - Shutting down BackgroundExecutor
2025-09-18 14:26:05,522 [Burningwave - Resource releaser] INFO  o.b.c.a.StaticComponentContainer - (StaticComponentContainer.java:420) - Stopping all threads monitoring thread
2025-09-18 14:26:05,522 [Burningwave - Resource releaser] INFO  o.b.c.a.StaticComponentContainer - (StaticComponentContainer.java:425) - Closing ThreadHolder
2025-09-18 14:26:05,524 [Burningwave - Resource releaser] INFO  o.b.c.a.StaticComponentContainer - (StaticComponentContainer.java:430) - Shutting down ThreadSupplier
2025-09-19 08:03:02,772 [Worker-2: Loading available Gradle versions] INFO  o.e.b.c.i.u.g.PublishedGradleVersions - Gradle version information cache is up-to-date. Trying to read.
2025-09-19 08:03:19,800 [main] INFO  o.b.c.a.StaticComponentContainer - (StaticComponentContainer.java:368) - Instantiated org.burningwave.core.SLF4JManagedLoggerRepository
2025-09-19 08:03:19,801 [main] INFO  o.b.c.a.StaticComponentContainer - (StaticComponentContainer.java:369) - 

	Configuration values for static components:

		background-executor.all-tasks-monitoring.enabled=\
			true
		background-executor.all-tasks-monitoring.interval=\
			30000
		background-executor.all-tasks-monitoring.logger.enabled=\
			false
		background-executor.all-tasks-monitoring.minimum-elapsed-time-to-consider-a-task-as-probable-dead-locked=\
			300000
		background-executor.all-tasks-monitoring.probable-dead-locked-tasks-handling.policy=\
			log only
		background-executor.queued-task-executor[0].name=\
			Low priority tasks
		background-executor.queued-task-executor[0].priority=\
			1
		background-executor.queued-task-executor[1].name=\
			Normal priority tasks
		background-executor.queued-task-executor[1].priority=\
			5
		background-executor.queued-task-executor[2].name=\
			High priority tasks
		background-executor.queued-task-executor[2].priority=\
			10
		background-executor.task-creation-tracking.enabled=\
			${background-executor.all-tasks-monitoring.enabled}
		banner.additonal-informations=\
			${Bundle-Vendor} ${Bundle-Name} ${Bundle-Version}
		banner.additonal-informations.retrieve-from-manifest-file-of=\
			Burningwave Core
		banner.file=\
			org/burningwave/banner.bwb
		banner.hide=\
			true
		buffer-handler.default-allocation-mode=\
			ByteBuffer::allocateDirect
		buffer-handler.default-buffer-size=\
			1024
		group-name-for-named-elements=\
			Burningwave
		iterable-object-helper.default-values-separator=\
			;
		iterable-object-helper.parallel-iteration.applicability.default-minimum-collection-size=\
			2
		iterable-object-helper.parallel-iteration.applicability.max-runtime-thread-count-threshold=\
			autodetect
		iterable-object-helper.parallel-iteration.applicability.output-collection-enabled-types=\
			java.util.concurrent.ConcurrentHashMap$CollectionView;\
			java.util.Collections$SynchronizedCollection;\
			java.util.concurrent.CopyOnWriteArrayList;\
			java.util.concurrent.CopyOnWriteArraySet;\
			java.util.concurrent.BlockingQueue;\
			java.util.concurrent.ConcurrentSkipListSet;\
			java.util.concurrent.ConcurrentSkipListMap$EntrySet;\
			java.util.concurrent.ConcurrentSkipListMap$KeySet;\
			java.util.concurrent.ConcurrentSkipListMap$Values;
		jvm.driver.init=\
			false
		managed-logger.repository=\
			autodetect
		managed-logger.repository.enabled=\
			true
		managed-logger.repository.logging.warn.disabled-for=\
			org.burningwave.core.assembler.ComponentContainer$ClassLoader;\
			org.burningwave.core.classes.MemoryClassLoader;\
			org.burningwave.core.classes.PathScannerClassLoader;
		modules.export-all-to-all=\
			true
		resource-releaser.enabled=\
			true
		synchronizer.all-threads-monitoring.enabled=\
			false
		synchronizer.all-threads-monitoring.interval=\
			90000
		thread-supplier.default-daemon-flag-value=\
			true
		thread-supplier.default-thread-priority=\
			5
		thread-supplier.max-detached-thread-count=\
			${thread-supplier.max-poolable-thread-count}
		thread-supplier.max-detached-thread-count.elapsed-time-threshold-from-last-increase-for-gradual-decreasing-to-initial-value=\
			30000
		thread-supplier.max-detached-thread-count.increasing-step=\
			autodetect
		thread-supplier.max-poolable-thread-count=\
			autodetect
		thread-supplier.poolable-thread-request-timeout=\
			6000


2025-09-19 08:03:19,803 [main] INFO  o.b.core.jvm.BufferHandler - (BufferHandler.java:127) - default buffer size: 1024 bytes
2025-09-19 08:03:19,804 [main] INFO  o.b.core.jvm.BufferHandler - (BufferHandler.java:141) - default allocation mode: ByteBuffer::allocateDirect
2025-09-19 08:03:19,808 [main] INFO  org.burningwave.core.Cache - (Cache.java:76) - Building cache
2025-09-19 08:03:19,833 [main] INFO  o.b.c.a.StaticComponentContainer - (StaticComponentContainer.java:443) - org.burningwave.core.assembler.StaticComponentContainer initialized in 0.1037687 seconds
2025-09-19 13:30:42,599 [Burningwave - Resource releaser] INFO  o.b.c.a.StaticComponentContainer - (StaticComponentContainer.java:391) - ... Waiting for all tasks ending
2025-09-19 13:30:42,601 [Burningwave - Resource releaser] INFO  o.b.c.a.StaticComponentContainer - (StaticComponentContainer.java:397) - Closing all component containers
2025-09-19 13:30:42,603 [Burningwave - Resource releaser] INFO  o.b.c.a.StaticComponentContainer - (StaticComponentContainer.java:403) - Closing FileSystemHelper
2025-09-19 13:30:42,604 [Burningwave - Resource releaser] INFO  o.b.c.a.StaticComponentContainer - (StaticComponentContainer.java:409) - ... Waiting for all tasks ending before shutting down the BackgroundExecutor
2025-09-19 13:30:42,605 [Burningwave - Resource releaser] INFO  o.b.c.a.StaticComponentContainer - (StaticComponentContainer.java:414) - Shutting down BackgroundExecutor
2025-09-19 13:30:42,606 [Burningwave - Resource releaser] INFO  o.b.c.a.StaticComponentContainer - (StaticComponentContainer.java:420) - Stopping all threads monitoring thread
2025-09-19 13:30:42,607 [Burningwave - Resource releaser] INFO  o.b.c.a.StaticComponentContainer - (StaticComponentContainer.java:425) - Closing ThreadHolder
2025-09-19 13:30:42,608 [Burningwave - Resource releaser] INFO  o.b.c.a.StaticComponentContainer - (StaticComponentContainer.java:430) - Shutting down ThreadSupplier
2025-09-22 09:03:30,809 [Worker-7: Loading available Gradle versions] INFO  o.e.b.c.i.u.g.PublishedGradleVersions - Gradle version information cache is out-of-date. Trying to update.
2025-09-22 09:04:49,867 [main] INFO  o.b.c.a.StaticComponentContainer - (StaticComponentContainer.java:368) - Instantiated org.burningwave.core.SLF4JManagedLoggerRepository
2025-09-22 09:04:49,868 [main] INFO  o.b.c.a.StaticComponentContainer - (StaticComponentContainer.java:369) - 

	Configuration values for static components:

		background-executor.all-tasks-monitoring.enabled=\
			true
		background-executor.all-tasks-monitoring.interval=\
			30000
		background-executor.all-tasks-monitoring.logger.enabled=\
			false
		background-executor.all-tasks-monitoring.minimum-elapsed-time-to-consider-a-task-as-probable-dead-locked=\
			300000
		background-executor.all-tasks-monitoring.probable-dead-locked-tasks-handling.policy=\
			log only
		background-executor.queued-task-executor[0].name=\
			Low priority tasks
		background-executor.queued-task-executor[0].priority=\
			1
		background-executor.queued-task-executor[1].name=\
			Normal priority tasks
		background-executor.queued-task-executor[1].priority=\
			5
		background-executor.queued-task-executor[2].name=\
			High priority tasks
		background-executor.queued-task-executor[2].priority=\
			10
		background-executor.task-creation-tracking.enabled=\
			${background-executor.all-tasks-monitoring.enabled}
		banner.additonal-informations=\
			${Bundle-Vendor} ${Bundle-Name} ${Bundle-Version}
		banner.additonal-informations.retrieve-from-manifest-file-of=\
			Burningwave Core
		banner.file=\
			org/burningwave/banner.bwb
		banner.hide=\
			true
		buffer-handler.default-allocation-mode=\
			ByteBuffer::allocateDirect
		buffer-handler.default-buffer-size=\
			1024
		group-name-for-named-elements=\
			Burningwave
		iterable-object-helper.default-values-separator=\
			;
		iterable-object-helper.parallel-iteration.applicability.default-minimum-collection-size=\
			2
		iterable-object-helper.parallel-iteration.applicability.max-runtime-thread-count-threshold=\
			autodetect
		iterable-object-helper.parallel-iteration.applicability.output-collection-enabled-types=\
			java.util.concurrent.ConcurrentHashMap$CollectionView;\
			java.util.Collections$SynchronizedCollection;\
			java.util.concurrent.CopyOnWriteArrayList;\
			java.util.concurrent.CopyOnWriteArraySet;\
			java.util.concurrent.BlockingQueue;\
			java.util.concurrent.ConcurrentSkipListSet;\
			java.util.concurrent.ConcurrentSkipListMap$EntrySet;\
			java.util.concurrent.ConcurrentSkipListMap$KeySet;\
			java.util.concurrent.ConcurrentSkipListMap$Values;
		jvm.driver.init=\
			false
		managed-logger.repository=\
			autodetect
		managed-logger.repository.enabled=\
			true
		managed-logger.repository.logging.warn.disabled-for=\
			org.burningwave.core.assembler.ComponentContainer$ClassLoader;\
			org.burningwave.core.classes.MemoryClassLoader;\
			org.burningwave.core.classes.PathScannerClassLoader;
		modules.export-all-to-all=\
			true
		resource-releaser.enabled=\
			true
		synchronizer.all-threads-monitoring.enabled=\
			false
		synchronizer.all-threads-monitoring.interval=\
			90000
		thread-supplier.default-daemon-flag-value=\
			true
		thread-supplier.default-thread-priority=\
			5
		thread-supplier.max-detached-thread-count=\
			${thread-supplier.max-poolable-thread-count}
		thread-supplier.max-detached-thread-count.elapsed-time-threshold-from-last-increase-for-gradual-decreasing-to-initial-value=\
			30000
		thread-supplier.max-detached-thread-count.increasing-step=\
			autodetect
		thread-supplier.max-poolable-thread-count=\
			autodetect
		thread-supplier.poolable-thread-request-timeout=\
			6000


2025-09-22 09:04:49,870 [main] INFO  o.b.core.jvm.BufferHandler - (BufferHandler.java:127) - default buffer size: 1024 bytes
2025-09-22 09:04:49,871 [main] INFO  o.b.core.jvm.BufferHandler - (BufferHandler.java:141) - default allocation mode: ByteBuffer::allocateDirect
2025-09-22 09:04:49,874 [main] INFO  org.burningwave.core.Cache - (Cache.java:76) - Building cache
2025-09-22 09:04:49,894 [main] INFO  o.b.c.a.StaticComponentContainer - (StaticComponentContainer.java:443) - org.burningwave.core.assembler.StaticComponentContainer initialized in 0.0986222 seconds
2025-09-22 11:20:49,096 [Burningwave - Resource releaser] INFO  o.b.c.a.StaticComponentContainer - (StaticComponentContainer.java:391) - ... Waiting for all tasks ending
2025-09-22 11:20:49,097 [Burningwave - Resource releaser] INFO  o.b.c.a.StaticComponentContainer - (StaticComponentContainer.java:397) - Closing all component containers
2025-09-22 11:20:49,099 [Burningwave - Resource releaser] INFO  o.b.c.a.StaticComponentContainer - (StaticComponentContainer.java:403) - Closing FileSystemHelper
2025-09-22 11:20:49,099 [Burningwave - Resource releaser] INFO  o.b.c.a.StaticComponentContainer - (StaticComponentContainer.java:409) - ... Waiting for all tasks ending before shutting down the BackgroundExecutor
2025-09-22 11:20:49,100 [Burningwave - Resource releaser] INFO  o.b.c.a.StaticComponentContainer - (StaticComponentContainer.java:414) - Shutting down BackgroundExecutor
2025-09-22 11:20:49,100 [Burningwave - Resource releaser] INFO  o.b.c.a.StaticComponentContainer - (StaticComponentContainer.java:420) - Stopping all threads monitoring thread
2025-09-22 11:20:49,101 [Burningwave - Resource releaser] INFO  o.b.c.a.StaticComponentContainer - (StaticComponentContainer.java:425) - Closing ThreadHolder
2025-09-22 11:20:49,101 [Burningwave - Resource releaser] INFO  o.b.c.a.StaticComponentContainer - (StaticComponentContainer.java:430) - Shutting down ThreadSupplier
2025-09-22 13:37:38,446 [main] INFO  o.b.c.a.StaticComponentContainer - (StaticComponentContainer.java:368) - Instantiated org.burningwave.core.SLF4JManagedLoggerRepository
2025-09-22 13:37:38,449 [main] INFO  o.b.c.a.StaticComponentContainer - (StaticComponentContainer.java:369) - 

	Configuration values for static components:

		background-executor.all-tasks-monitoring.enabled=\
			true
		background-executor.all-tasks-monitoring.interval=\
			30000
		background-executor.all-tasks-monitoring.logger.enabled=\
			false
		background-executor.all-tasks-monitoring.minimum-elapsed-time-to-consider-a-task-as-probable-dead-locked=\
			300000
		background-executor.all-tasks-monitoring.probable-dead-locked-tasks-handling.policy=\
			log only
		background-executor.queued-task-executor[0].name=\
			Low priority tasks
		background-executor.queued-task-executor[0].priority=\
			1
		background-executor.queued-task-executor[1].name=\
			Normal priority tasks
		background-executor.queued-task-executor[1].priority=\
			5
		background-executor.queued-task-executor[2].name=\
			High priority tasks
		background-executor.queued-task-executor[2].priority=\
			10
		background-executor.task-creation-tracking.enabled=\
			${background-executor.all-tasks-monitoring.enabled}
		banner.additonal-informations=\
			${Bundle-Vendor} ${Bundle-Name} ${Bundle-Version}
		banner.additonal-informations.retrieve-from-manifest-file-of=\
			Burningwave Core
		banner.file=\
			org/burningwave/banner.bwb
		banner.hide=\
			true
		buffer-handler.default-allocation-mode=\
			ByteBuffer::allocateDirect
		buffer-handler.default-buffer-size=\
			1024
		group-name-for-named-elements=\
			Burningwave
		iterable-object-helper.default-values-separator=\
			;
		iterable-object-helper.parallel-iteration.applicability.default-minimum-collection-size=\
			2
		iterable-object-helper.parallel-iteration.applicability.max-runtime-thread-count-threshold=\
			autodetect
		iterable-object-helper.parallel-iteration.applicability.output-collection-enabled-types=\
			java.util.concurrent.ConcurrentHashMap$CollectionView;\
			java.util.Collections$SynchronizedCollection;\
			java.util.concurrent.CopyOnWriteArrayList;\
			java.util.concurrent.CopyOnWriteArraySet;\
			java.util.concurrent.BlockingQueue;\
			java.util.concurrent.ConcurrentSkipListSet;\
			java.util.concurrent.ConcurrentSkipListMap$EntrySet;\
			java.util.concurrent.ConcurrentSkipListMap$KeySet;\
			java.util.concurrent.ConcurrentSkipListMap$Values;
		jvm.driver.init=\
			false
		managed-logger.repository=\
			autodetect
		managed-logger.repository.enabled=\
			true
		managed-logger.repository.logging.warn.disabled-for=\
			org.burningwave.core.assembler.ComponentContainer$ClassLoader;\
			org.burningwave.core.classes.MemoryClassLoader;\
			org.burningwave.core.classes.PathScannerClassLoader;
		modules.export-all-to-all=\
			true
		resource-releaser.enabled=\
			true
		synchronizer.all-threads-monitoring.enabled=\
			false
		synchronizer.all-threads-monitoring.interval=\
			90000
		thread-supplier.default-daemon-flag-value=\
			true
		thread-supplier.default-thread-priority=\
			5
		thread-supplier.max-detached-thread-count=\
			${thread-supplier.max-poolable-thread-count}
		thread-supplier.max-detached-thread-count.elapsed-time-threshold-from-last-increase-for-gradual-decreasing-to-initial-value=\
			30000
		thread-supplier.max-detached-thread-count.increasing-step=\
			autodetect
		thread-supplier.max-poolable-thread-count=\
			autodetect
		thread-supplier.poolable-thread-request-timeout=\
			6000


2025-09-22 13:37:38,450 [main] INFO  o.b.core.jvm.BufferHandler - (BufferHandler.java:127) - default buffer size: 1024 bytes
2025-09-22 13:37:38,450 [main] INFO  o.b.core.jvm.BufferHandler - (BufferHandler.java:141) - default allocation mode: ByteBuffer::allocateDirect
2025-09-22 13:37:38,452 [main] INFO  org.burningwave.core.Cache - (Cache.java:76) - Building cache
2025-09-22 13:37:38,466 [main] INFO  o.b.c.a.StaticComponentContainer - (StaticComponentContainer.java:443) - org.burningwave.core.assembler.StaticComponentContainer initialized in 0.0772339 seconds
2025-09-22 13:37:39,479 [Worker-6: Loading available Gradle versions] INFO  o.e.b.c.i.u.g.PublishedGradleVersions - Gradle version information cache is up-to-date. Trying to read.
2025-09-22 13:42:27,623 [Burningwave - Resource releaser] INFO  o.b.c.a.StaticComponentContainer - (StaticComponentContainer.java:391) - ... Waiting for all tasks ending
2025-09-22 13:42:27,626 [Burningwave - Resource releaser] INFO  o.b.c.a.StaticComponentContainer - (StaticComponentContainer.java:397) - Closing all component containers
2025-09-22 13:42:27,628 [Burningwave - Resource releaser] INFO  o.b.c.a.StaticComponentContainer - (StaticComponentContainer.java:403) - Closing FileSystemHelper
2025-09-22 13:42:27,631 [Burningwave - Resource releaser] INFO  o.b.c.a.StaticComponentContainer - (StaticComponentContainer.java:409) - ... Waiting for all tasks ending before shutting down the BackgroundExecutor
2025-09-22 13:42:27,631 [Burningwave - Resource releaser] INFO  o.b.c.a.StaticComponentContainer - (StaticComponentContainer.java:414) - Shutting down BackgroundExecutor
2025-09-22 13:42:27,631 [Burningwave - Resource releaser] INFO  o.b.c.a.StaticComponentContainer - (StaticComponentContainer.java:420) - Stopping all threads monitoring thread
2025-09-22 13:42:27,631 [Burningwave - Resource releaser] INFO  o.b.c.a.StaticComponentContainer - (StaticComponentContainer.java:425) - Closing ThreadHolder
2025-09-22 13:42:27,631 [Burningwave - Resource releaser] INFO  o.b.c.a.StaticComponentContainer - (StaticComponentContainer.java:430) - Shutting down ThreadSupplier
2025-09-22 13:58:57,625 [main] INFO  o.b.c.a.StaticComponentContainer - (StaticComponentContainer.java:368) - Instantiated org.burningwave.core.SLF4JManagedLoggerRepository
2025-09-22 13:58:57,626 [main] INFO  o.b.c.a.StaticComponentContainer - (StaticComponentContainer.java:369) - 

	Configuration values for static components:

		background-executor.all-tasks-monitoring.enabled=\
			true
		background-executor.all-tasks-monitoring.interval=\
			30000
		background-executor.all-tasks-monitoring.logger.enabled=\
			false
		background-executor.all-tasks-monitoring.minimum-elapsed-time-to-consider-a-task-as-probable-dead-locked=\
			300000
		background-executor.all-tasks-monitoring.probable-dead-locked-tasks-handling.policy=\
			log only
		background-executor.queued-task-executor[0].name=\
			Low priority tasks
		background-executor.queued-task-executor[0].priority=\
			1
		background-executor.queued-task-executor[1].name=\
			Normal priority tasks
		background-executor.queued-task-executor[1].priority=\
			5
		background-executor.queued-task-executor[2].name=\
			High priority tasks
		background-executor.queued-task-executor[2].priority=\
			10
		background-executor.task-creation-tracking.enabled=\
			${background-executor.all-tasks-monitoring.enabled}
		banner.additonal-informations=\
			${Bundle-Vendor} ${Bundle-Name} ${Bundle-Version}
		banner.additonal-informations.retrieve-from-manifest-file-of=\
			Burningwave Core
		banner.file=\
			org/burningwave/banner.bwb
		banner.hide=\
			true
		buffer-handler.default-allocation-mode=\
			ByteBuffer::allocateDirect
		buffer-handler.default-buffer-size=\
			1024
		group-name-for-named-elements=\
			Burningwave
		iterable-object-helper.default-values-separator=\
			;
		iterable-object-helper.parallel-iteration.applicability.default-minimum-collection-size=\
			2
		iterable-object-helper.parallel-iteration.applicability.max-runtime-thread-count-threshold=\
			autodetect
		iterable-object-helper.parallel-iteration.applicability.output-collection-enabled-types=\
			java.util.concurrent.ConcurrentHashMap$CollectionView;\
			java.util.Collections$SynchronizedCollection;\
			java.util.concurrent.CopyOnWriteArrayList;\
			java.util.concurrent.CopyOnWriteArraySet;\
			java.util.concurrent.BlockingQueue;\
			java.util.concurrent.ConcurrentSkipListSet;\
			java.util.concurrent.ConcurrentSkipListMap$EntrySet;\
			java.util.concurrent.ConcurrentSkipListMap$KeySet;\
			java.util.concurrent.ConcurrentSkipListMap$Values;
		jvm.driver.init=\
			false
		managed-logger.repository=\
			autodetect
		managed-logger.repository.enabled=\
			true
		managed-logger.repository.logging.warn.disabled-for=\
			org.burningwave.core.assembler.ComponentContainer$ClassLoader;\
			org.burningwave.core.classes.MemoryClassLoader;\
			org.burningwave.core.classes.PathScannerClassLoader;
		modules.export-all-to-all=\
			true
		resource-releaser.enabled=\
			true
		synchronizer.all-threads-monitoring.enabled=\
			false
		synchronizer.all-threads-monitoring.interval=\
			90000
		thread-supplier.default-daemon-flag-value=\
			true
		thread-supplier.default-thread-priority=\
			5
		thread-supplier.max-detached-thread-count=\
			${thread-supplier.max-poolable-thread-count}
		thread-supplier.max-detached-thread-count.elapsed-time-threshold-from-last-increase-for-gradual-decreasing-to-initial-value=\
			30000
		thread-supplier.max-detached-thread-count.increasing-step=\
			autodetect
		thread-supplier.max-poolable-thread-count=\
			autodetect
		thread-supplier.poolable-thread-request-timeout=\
			6000


2025-09-22 13:58:57,628 [main] INFO  o.b.core.jvm.BufferHandler - (BufferHandler.java:127) - default buffer size: 1024 bytes
2025-09-22 13:58:57,629 [main] INFO  o.b.core.jvm.BufferHandler - (BufferHandler.java:141) - default allocation mode: ByteBuffer::allocateDirect
2025-09-22 13:58:57,631 [main] INFO  org.burningwave.core.Cache - (Cache.java:76) - Building cache
2025-09-22 13:58:57,645 [main] INFO  o.b.c.a.StaticComponentContainer - (StaticComponentContainer.java:443) - org.burningwave.core.assembler.StaticComponentContainer initialized in 0.0805961 seconds
2025-09-22 13:58:58,380 [Worker-5: Loading available Gradle versions] INFO  o.e.b.c.i.u.g.PublishedGradleVersions - Gradle version information cache is up-to-date. Trying to read.
2025-09-22 13:59:01,119 [Burningwave - Resource releaser] INFO  o.b.c.a.StaticComponentContainer - (StaticComponentContainer.java:391) - ... Waiting for all tasks ending
2025-09-22 13:59:01,120 [Burningwave - Resource releaser] INFO  o.b.c.a.StaticComponentContainer - (StaticComponentContainer.java:397) - Closing all component containers
2025-09-22 13:59:01,121 [Burningwave - Resource releaser] INFO  o.b.c.a.StaticComponentContainer - (StaticComponentContainer.java:403) - Closing FileSystemHelper
2025-09-22 13:59:01,122 [Burningwave - Resource releaser] INFO  o.b.c.a.StaticComponentContainer - (StaticComponentContainer.java:409) - ... Waiting for all tasks ending before shutting down the BackgroundExecutor
2025-09-22 13:59:01,122 [Burningwave - Resource releaser] INFO  o.b.c.a.StaticComponentContainer - (StaticComponentContainer.java:414) - Shutting down BackgroundExecutor
2025-09-22 13:59:01,122 [Burningwave - Resource releaser] INFO  o.b.c.a.StaticComponentContainer - (StaticComponentContainer.java:420) - Stopping all threads monitoring thread
2025-09-22 13:59:01,122 [Burningwave - Resource releaser] INFO  o.b.c.a.StaticComponentContainer - (StaticComponentContainer.java:425) - Closing ThreadHolder
2025-09-22 13:59:01,123 [Burningwave - Resource releaser] INFO  o.b.c.a.StaticComponentContainer - (StaticComponentContainer.java:430) - Shutting down ThreadSupplier
2025-09-23 09:04:38,315 [main] INFO  o.b.c.a.StaticComponentContainer - (StaticComponentContainer.java:368) - Instantiated org.burningwave.core.SLF4JManagedLoggerRepository
2025-09-23 09:04:38,317 [main] INFO  o.b.c.a.StaticComponentContainer - (StaticComponentContainer.java:369) - 

	Configuration values for static components:

		background-executor.all-tasks-monitoring.enabled=\
			true
		background-executor.all-tasks-monitoring.interval=\
			30000
		background-executor.all-tasks-monitoring.logger.enabled=\
			false
		background-executor.all-tasks-monitoring.minimum-elapsed-time-to-consider-a-task-as-probable-dead-locked=\
			300000
		background-executor.all-tasks-monitoring.probable-dead-locked-tasks-handling.policy=\
			log only
		background-executor.queued-task-executor[0].name=\
			Low priority tasks
		background-executor.queued-task-executor[0].priority=\
			1
		background-executor.queued-task-executor[1].name=\
			Normal priority tasks
		background-executor.queued-task-executor[1].priority=\
			5
		background-executor.queued-task-executor[2].name=\
			High priority tasks
		background-executor.queued-task-executor[2].priority=\
			10
		background-executor.task-creation-tracking.enabled=\
			${background-executor.all-tasks-monitoring.enabled}
		banner.additonal-informations=\
			${Bundle-Vendor} ${Bundle-Name} ${Bundle-Version}
		banner.additonal-informations.retrieve-from-manifest-file-of=\
			Burningwave Core
		banner.file=\
			org/burningwave/banner.bwb
		banner.hide=\
			true
		buffer-handler.default-allocation-mode=\
			ByteBuffer::allocateDirect
		buffer-handler.default-buffer-size=\
			1024
		group-name-for-named-elements=\
			Burningwave
		iterable-object-helper.default-values-separator=\
			;
		iterable-object-helper.parallel-iteration.applicability.default-minimum-collection-size=\
			2
		iterable-object-helper.parallel-iteration.applicability.max-runtime-thread-count-threshold=\
			autodetect
		iterable-object-helper.parallel-iteration.applicability.output-collection-enabled-types=\
			java.util.concurrent.ConcurrentHashMap$CollectionView;\
			java.util.Collections$SynchronizedCollection;\
			java.util.concurrent.CopyOnWriteArrayList;\
			java.util.concurrent.CopyOnWriteArraySet;\
			java.util.concurrent.BlockingQueue;\
			java.util.concurrent.ConcurrentSkipListSet;\
			java.util.concurrent.ConcurrentSkipListMap$EntrySet;\
			java.util.concurrent.ConcurrentSkipListMap$KeySet;\
			java.util.concurrent.ConcurrentSkipListMap$Values;
		jvm.driver.init=\
			false
		managed-logger.repository=\
			autodetect
		managed-logger.repository.enabled=\
			true
		managed-logger.repository.logging.warn.disabled-for=\
			org.burningwave.core.assembler.ComponentContainer$ClassLoader;\
			org.burningwave.core.classes.MemoryClassLoader;\
			org.burningwave.core.classes.PathScannerClassLoader;
		modules.export-all-to-all=\
			true
		resource-releaser.enabled=\
			true
		synchronizer.all-threads-monitoring.enabled=\
			false
		synchronizer.all-threads-monitoring.interval=\
			90000
		thread-supplier.default-daemon-flag-value=\
			true
		thread-supplier.default-thread-priority=\
			5
		thread-supplier.max-detached-thread-count=\
			${thread-supplier.max-poolable-thread-count}
		thread-supplier.max-detached-thread-count.elapsed-time-threshold-from-last-increase-for-gradual-decreasing-to-initial-value=\
			30000
		thread-supplier.max-detached-thread-count.increasing-step=\
			autodetect
		thread-supplier.max-poolable-thread-count=\
			autodetect
		thread-supplier.poolable-thread-request-timeout=\
			6000


2025-09-23 09:04:38,320 [main] INFO  o.b.core.jvm.BufferHandler - (BufferHandler.java:127) - default buffer size: 1024 bytes
2025-09-23 09:04:38,320 [main] INFO  o.b.core.jvm.BufferHandler - (BufferHandler.java:141) - default allocation mode: ByteBuffer::allocateDirect
2025-09-23 09:04:38,323 [main] INFO  org.burningwave.core.Cache - (Cache.java:76) - Building cache
2025-09-23 09:04:38,342 [main] INFO  o.b.c.a.StaticComponentContainer - (StaticComponentContainer.java:443) - org.burningwave.core.assembler.StaticComponentContainer initialized in 0.0960087 seconds
2025-09-23 09:04:39,528 [Worker-1: Loading available Gradle versions] INFO  o.e.b.c.i.u.g.PublishedGradleVersions - Gradle version information cache is out-of-date. Trying to update.
2025-09-23 14:28:45,626 [Burningwave - Resource releaser] INFO  o.b.c.a.StaticComponentContainer - (StaticComponentContainer.java:391) - ... Waiting for all tasks ending
2025-09-23 14:28:45,626 [Burningwave - Resource releaser] INFO  o.b.c.a.StaticComponentContainer - (StaticComponentContainer.java:397) - Closing all component containers
2025-09-23 14:28:45,626 [Burningwave - Resource releaser] INFO  o.b.c.a.StaticComponentContainer - (StaticComponentContainer.java:403) - Closing FileSystemHelper
2025-09-23 14:28:45,630 [Burningwave - Resource releaser] INFO  o.b.c.a.StaticComponentContainer - (StaticComponentContainer.java:409) - ... Waiting for all tasks ending before shutting down the BackgroundExecutor
2025-09-23 14:28:45,630 [Burningwave - Resource releaser] INFO  o.b.c.a.StaticComponentContainer - (StaticComponentContainer.java:414) - Shutting down BackgroundExecutor
2025-09-23 14:28:45,630 [Burningwave - Resource releaser] INFO  o.b.c.a.StaticComponentContainer - (StaticComponentContainer.java:420) - Stopping all threads monitoring thread
2025-09-23 14:28:45,630 [Burningwave - Resource releaser] INFO  o.b.c.a.StaticComponentContainer - (StaticComponentContainer.java:425) - Closing ThreadHolder
2025-09-23 14:28:45,630 [Burningwave - Resource releaser] INFO  o.b.c.a.StaticComponentContainer - (StaticComponentContainer.java:430) - Shutting down ThreadSupplier
2025-09-25 10:48:31,346 [main] INFO  o.b.c.a.StaticComponentContainer - (StaticComponentContainer.java:368) - Instantiated org.burningwave.core.SLF4JManagedLoggerRepository
2025-09-25 10:48:31,349 [main] INFO  o.b.c.a.StaticComponentContainer - (StaticComponentContainer.java:369) - 

	Configuration values for static components:

		background-executor.all-tasks-monitoring.enabled=\
			true
		background-executor.all-tasks-monitoring.interval=\
			30000
		background-executor.all-tasks-monitoring.logger.enabled=\
			false
		background-executor.all-tasks-monitoring.minimum-elapsed-time-to-consider-a-task-as-probable-dead-locked=\
			300000
		background-executor.all-tasks-monitoring.probable-dead-locked-tasks-handling.policy=\
			log only
		background-executor.queued-task-executor[0].name=\
			Low priority tasks
		background-executor.queued-task-executor[0].priority=\
			1
		background-executor.queued-task-executor[1].name=\
			Normal priority tasks
		background-executor.queued-task-executor[1].priority=\
			5
		background-executor.queued-task-executor[2].name=\
			High priority tasks
		background-executor.queued-task-executor[2].priority=\
			10
		background-executor.task-creation-tracking.enabled=\
			${background-executor.all-tasks-monitoring.enabled}
		banner.additonal-informations=\
			${Bundle-Vendor} ${Bundle-Name} ${Bundle-Version}
		banner.additonal-informations.retrieve-from-manifest-file-of=\
			Burningwave Core
		banner.file=\
			org/burningwave/banner.bwb
		banner.hide=\
			true
		buffer-handler.default-allocation-mode=\
			ByteBuffer::allocateDirect
		buffer-handler.default-buffer-size=\
			1024
		group-name-for-named-elements=\
			Burningwave
		iterable-object-helper.default-values-separator=\
			;
		iterable-object-helper.parallel-iteration.applicability.default-minimum-collection-size=\
			2
		iterable-object-helper.parallel-iteration.applicability.max-runtime-thread-count-threshold=\
			autodetect
		iterable-object-helper.parallel-iteration.applicability.output-collection-enabled-types=\
			java.util.concurrent.ConcurrentHashMap$CollectionView;\
			java.util.Collections$SynchronizedCollection;\
			java.util.concurrent.CopyOnWriteArrayList;\
			java.util.concurrent.CopyOnWriteArraySet;\
			java.util.concurrent.BlockingQueue;\
			java.util.concurrent.ConcurrentSkipListSet;\
			java.util.concurrent.ConcurrentSkipListMap$EntrySet;\
			java.util.concurrent.ConcurrentSkipListMap$KeySet;\
			java.util.concurrent.ConcurrentSkipListMap$Values;
		jvm.driver.init=\
			false
		managed-logger.repository=\
			autodetect
		managed-logger.repository.enabled=\
			true
		managed-logger.repository.logging.warn.disabled-for=\
			org.burningwave.core.assembler.ComponentContainer$ClassLoader;\
			org.burningwave.core.classes.MemoryClassLoader;\
			org.burningwave.core.classes.PathScannerClassLoader;
		modules.export-all-to-all=\
			true
		resource-releaser.enabled=\
			true
		synchronizer.all-threads-monitoring.enabled=\
			false
		synchronizer.all-threads-monitoring.interval=\
			90000
		thread-supplier.default-daemon-flag-value=\
			true
		thread-supplier.default-thread-priority=\
			5
		thread-supplier.max-detached-thread-count=\
			${thread-supplier.max-poolable-thread-count}
		thread-supplier.max-detached-thread-count.elapsed-time-threshold-from-last-increase-for-gradual-decreasing-to-initial-value=\
			30000
		thread-supplier.max-detached-thread-count.increasing-step=\
			autodetect
		thread-supplier.max-poolable-thread-count=\
			autodetect
		thread-supplier.poolable-thread-request-timeout=\
			6000


2025-09-25 10:48:31,350 [main] INFO  o.b.core.jvm.BufferHandler - (BufferHandler.java:127) - default buffer size: 1024 bytes
2025-09-25 10:48:31,350 [main] INFO  o.b.core.jvm.BufferHandler - (BufferHandler.java:141) - default allocation mode: ByteBuffer::allocateDirect
2025-09-25 10:48:31,352 [main] INFO  org.burningwave.core.Cache - (Cache.java:76) - Building cache
2025-09-25 10:48:31,364 [main] INFO  o.b.c.a.StaticComponentContainer - (StaticComponentContainer.java:443) - org.burningwave.core.assembler.StaticComponentContainer initialized in 0.0852329 seconds
2025-09-25 10:48:32,320 [Worker-2: Loading available Gradle versions] INFO  o.e.b.c.i.u.g.PublishedGradleVersions - Gradle version information cache is out-of-date. Trying to update.
2025-09-25 13:32:41,775 [main] INFO  o.b.c.a.StaticComponentContainer - (StaticComponentContainer.java:368) - Instantiated org.burningwave.core.SLF4JManagedLoggerRepository
2025-09-25 13:32:41,776 [main] INFO  o.b.c.a.StaticComponentContainer - (StaticComponentContainer.java:369) - 

	Configuration values for static components:

		background-executor.all-tasks-monitoring.enabled=\
			true
		background-executor.all-tasks-monitoring.interval=\
			30000
		background-executor.all-tasks-monitoring.logger.enabled=\
			false
		background-executor.all-tasks-monitoring.minimum-elapsed-time-to-consider-a-task-as-probable-dead-locked=\
			300000
		background-executor.all-tasks-monitoring.probable-dead-locked-tasks-handling.policy=\
			log only
		background-executor.queued-task-executor[0].name=\
			Low priority tasks
		background-executor.queued-task-executor[0].priority=\
			1
		background-executor.queued-task-executor[1].name=\
			Normal priority tasks
		background-executor.queued-task-executor[1].priority=\
			5
		background-executor.queued-task-executor[2].name=\
			High priority tasks
		background-executor.queued-task-executor[2].priority=\
			10
		background-executor.task-creation-tracking.enabled=\
			${background-executor.all-tasks-monitoring.enabled}
		banner.additonal-informations=\
			${Bundle-Vendor} ${Bundle-Name} ${Bundle-Version}
		banner.additonal-informations.retrieve-from-manifest-file-of=\
			Burningwave Core
		banner.file=\
			org/burningwave/banner.bwb
		banner.hide=\
			true
		buffer-handler.default-allocation-mode=\
			ByteBuffer::allocateDirect
		buffer-handler.default-buffer-size=\
			1024
		group-name-for-named-elements=\
			Burningwave
		iterable-object-helper.default-values-separator=\
			;
		iterable-object-helper.parallel-iteration.applicability.default-minimum-collection-size=\
			2
		iterable-object-helper.parallel-iteration.applicability.max-runtime-thread-count-threshold=\
			autodetect
		iterable-object-helper.parallel-iteration.applicability.output-collection-enabled-types=\
			java.util.concurrent.ConcurrentHashMap$CollectionView;\
			java.util.Collections$SynchronizedCollection;\
			java.util.concurrent.CopyOnWriteArrayList;\
			java.util.concurrent.CopyOnWriteArraySet;\
			java.util.concurrent.BlockingQueue;\
			java.util.concurrent.ConcurrentSkipListSet;\
			java.util.concurrent.ConcurrentSkipListMap$EntrySet;\
			java.util.concurrent.ConcurrentSkipListMap$KeySet;\
			java.util.concurrent.ConcurrentSkipListMap$Values;
		jvm.driver.init=\
			false
		managed-logger.repository=\
			autodetect
		managed-logger.repository.enabled=\
			true
		managed-logger.repository.logging.warn.disabled-for=\
			org.burningwave.core.assembler.ComponentContainer$ClassLoader;\
			org.burningwave.core.classes.MemoryClassLoader;\
			org.burningwave.core.classes.PathScannerClassLoader;
		modules.export-all-to-all=\
			true
		resource-releaser.enabled=\
			true
		synchronizer.all-threads-monitoring.enabled=\
			false
		synchronizer.all-threads-monitoring.interval=\
			90000
		thread-supplier.default-daemon-flag-value=\
			true
		thread-supplier.default-thread-priority=\
			5
		thread-supplier.max-detached-thread-count=\
			${thread-supplier.max-poolable-thread-count}
		thread-supplier.max-detached-thread-count.elapsed-time-threshold-from-last-increase-for-gradual-decreasing-to-initial-value=\
			30000
		thread-supplier.max-detached-thread-count.increasing-step=\
			autodetect
		thread-supplier.max-poolable-thread-count=\
			autodetect
		thread-supplier.poolable-thread-request-timeout=\
			6000


2025-09-25 13:32:41,779 [main] INFO  o.b.core.jvm.BufferHandler - (BufferHandler.java:127) - default buffer size: 1024 bytes
2025-09-25 13:32:41,779 [main] INFO  o.b.core.jvm.BufferHandler - (BufferHandler.java:141) - default allocation mode: ByteBuffer::allocateDirect
2025-09-25 13:32:41,782 [main] INFO  org.burningwave.core.Cache - (Cache.java:76) - Building cache
2025-09-25 13:32:41,799 [main] INFO  o.b.c.a.StaticComponentContainer - (StaticComponentContainer.java:443) - org.burningwave.core.assembler.StaticComponentContainer initialized in 0.0796805 seconds
2025-09-25 13:32:42,724 [Worker-5: Loading available Gradle versions] INFO  o.e.b.c.i.u.g.PublishedGradleVersions - Gradle version information cache is up-to-date. Trying to read.
2025-09-25 14:26:46,266 [Burningwave - Resource releaser] INFO  o.b.c.a.StaticComponentContainer - (StaticComponentContainer.java:391) - ... Waiting for all tasks ending
2025-09-25 14:26:46,266 [Burningwave - Resource releaser] INFO  o.b.c.a.StaticComponentContainer - (StaticComponentContainer.java:397) - Closing all component containers
2025-09-25 14:26:46,266 [Burningwave - Resource releaser] INFO  o.b.c.a.StaticComponentContainer - (StaticComponentContainer.java:403) - Closing FileSystemHelper
2025-09-25 14:26:46,266 [Burningwave - Resource releaser] INFO  o.b.c.a.StaticComponentContainer - (StaticComponentContainer.java:409) - ... Waiting for all tasks ending before shutting down the BackgroundExecutor
2025-09-25 14:26:46,266 [Burningwave - Resource releaser] INFO  o.b.c.a.StaticComponentContainer - (StaticComponentContainer.java:414) - Shutting down BackgroundExecutor
2025-09-25 14:26:46,266 [Burningwave - Resource releaser] INFO  o.b.c.a.StaticComponentContainer - (StaticComponentContainer.java:420) - Stopping all threads monitoring thread
2025-09-25 14:26:46,276 [Burningwave - Resource releaser] INFO  o.b.c.a.StaticComponentContainer - (StaticComponentContainer.java:425) - Closing ThreadHolder
2025-09-25 14:26:46,276 [Burningwave - Resource releaser] INFO  o.b.c.a.StaticComponentContainer - (StaticComponentContainer.java:430) - Shutting down ThreadSupplier
2025-09-29 09:10:41,702 [main] INFO  o.b.c.a.StaticComponentContainer - (StaticComponentContainer.java:368) - Instantiated org.burningwave.core.SLF4JManagedLoggerRepository
2025-09-29 09:10:41,704 [main] INFO  o.b.c.a.StaticComponentContainer - (StaticComponentContainer.java:369) - 

	Configuration values for static components:

		background-executor.all-tasks-monitoring.enabled=\
			true
		background-executor.all-tasks-monitoring.interval=\
			30000
		background-executor.all-tasks-monitoring.logger.enabled=\
			false
		background-executor.all-tasks-monitoring.minimum-elapsed-time-to-consider-a-task-as-probable-dead-locked=\
			300000
		background-executor.all-tasks-monitoring.probable-dead-locked-tasks-handling.policy=\
			log only
		background-executor.queued-task-executor[0].name=\
			Low priority tasks
		background-executor.queued-task-executor[0].priority=\
			1
		background-executor.queued-task-executor[1].name=\
			Normal priority tasks
		background-executor.queued-task-executor[1].priority=\
			5
		background-executor.queued-task-executor[2].name=\
			High priority tasks
		background-executor.queued-task-executor[2].priority=\
			10
		background-executor.task-creation-tracking.enabled=\
			${background-executor.all-tasks-monitoring.enabled}
		banner.additonal-informations=\
			${Bundle-Vendor} ${Bundle-Name} ${Bundle-Version}
		banner.additonal-informations.retrieve-from-manifest-file-of=\
			Burningwave Core
		banner.file=\
			org/burningwave/banner.bwb
		banner.hide=\
			true
		buffer-handler.default-allocation-mode=\
			ByteBuffer::allocateDirect
		buffer-handler.default-buffer-size=\
			1024
		group-name-for-named-elements=\
			Burningwave
		iterable-object-helper.default-values-separator=\
			;
		iterable-object-helper.parallel-iteration.applicability.default-minimum-collection-size=\
			2
		iterable-object-helper.parallel-iteration.applicability.max-runtime-thread-count-threshold=\
			autodetect
		iterable-object-helper.parallel-iteration.applicability.output-collection-enabled-types=\
			java.util.concurrent.ConcurrentHashMap$CollectionView;\
			java.util.Collections$SynchronizedCollection;\
			java.util.concurrent.CopyOnWriteArrayList;\
			java.util.concurrent.CopyOnWriteArraySet;\
			java.util.concurrent.BlockingQueue;\
			java.util.concurrent.ConcurrentSkipListSet;\
			java.util.concurrent.ConcurrentSkipListMap$EntrySet;\
			java.util.concurrent.ConcurrentSkipListMap$KeySet;\
			java.util.concurrent.ConcurrentSkipListMap$Values;
		jvm.driver.init=\
			false
		managed-logger.repository=\
			autodetect
		managed-logger.repository.enabled=\
			true
		managed-logger.repository.logging.warn.disabled-for=\
			org.burningwave.core.assembler.ComponentContainer$ClassLoader;\
			org.burningwave.core.classes.MemoryClassLoader;\
			org.burningwave.core.classes.PathScannerClassLoader;
		modules.export-all-to-all=\
			true
		resource-releaser.enabled=\
			true
		synchronizer.all-threads-monitoring.enabled=\
			false
		synchronizer.all-threads-monitoring.interval=\
			90000
		thread-supplier.default-daemon-flag-value=\
			true
		thread-supplier.default-thread-priority=\
			5
		thread-supplier.max-detached-thread-count=\
			${thread-supplier.max-poolable-thread-count}
		thread-supplier.max-detached-thread-count.elapsed-time-threshold-from-last-increase-for-gradual-decreasing-to-initial-value=\
			30000
		thread-supplier.max-detached-thread-count.increasing-step=\
			autodetect
		thread-supplier.max-poolable-thread-count=\
			autodetect
		thread-supplier.poolable-thread-request-timeout=\
			6000


2025-09-29 09:10:41,705 [main] INFO  o.b.core.jvm.BufferHandler - (BufferHandler.java:127) - default buffer size: 1024 bytes
2025-09-29 09:10:41,705 [main] INFO  o.b.core.jvm.BufferHandler - (BufferHandler.java:141) - default allocation mode: ByteBuffer::allocateDirect
2025-09-29 09:10:41,708 [main] INFO  org.burningwave.core.Cache - (Cache.java:76) - Building cache
2025-09-29 09:10:41,724 [main] INFO  o.b.c.a.StaticComponentContainer - (StaticComponentContainer.java:443) - org.burningwave.core.assembler.StaticComponentContainer initialized in 0.0774166 seconds
2025-09-29 09:10:42,669 [Worker-3: Loading available Gradle versions] INFO  o.e.b.c.i.u.g.PublishedGradleVersions - Gradle version information cache is out-of-date. Trying to update.
2025-09-29 11:40:21,248 [Burningwave - Resource releaser] INFO  o.b.c.a.StaticComponentContainer - (StaticComponentContainer.java:391) - ... Waiting for all tasks ending
2025-09-29 11:40:21,251 [Burningwave - Resource releaser] INFO  o.b.c.a.StaticComponentContainer - (StaticComponentContainer.java:397) - Closing all component containers
2025-09-29 11:40:21,254 [Burningwave - Resource releaser] INFO  o.b.c.a.StaticComponentContainer - (StaticComponentContainer.java:403) - Closing FileSystemHelper
2025-09-29 11:40:21,255 [Burningwave - Resource releaser] INFO  o.b.c.a.StaticComponentContainer - (StaticComponentContainer.java:409) - ... Waiting for all tasks ending before shutting down the BackgroundExecutor
2025-09-29 11:40:21,256 [Burningwave - Resource releaser] INFO  o.b.c.a.StaticComponentContainer - (StaticComponentContainer.java:414) - Shutting down BackgroundExecutor
2025-09-29 11:40:21,257 [Burningwave - Resource releaser] INFO  o.b.c.a.StaticComponentContainer - (StaticComponentContainer.java:420) - Stopping all threads monitoring thread
2025-09-29 11:40:21,257 [Burningwave - Resource releaser] INFO  o.b.c.a.StaticComponentContainer - (StaticComponentContainer.java:425) - Closing ThreadHolder
2025-09-29 11:40:21,257 [Burningwave - Resource releaser] INFO  o.b.c.a.StaticComponentContainer - (StaticComponentContainer.java:430) - Shutting down ThreadSupplier
2025-09-30 09:05:04,981 [main] INFO  o.b.c.a.StaticComponentContainer - (StaticComponentContainer.java:368) - Instantiated org.burningwave.core.SLF4JManagedLoggerRepository
2025-09-30 09:05:04,983 [main] INFO  o.b.c.a.StaticComponentContainer - (StaticComponentContainer.java:369) - 

	Configuration values for static components:

		background-executor.all-tasks-monitoring.enabled=\
			true
		background-executor.all-tasks-monitoring.interval=\
			30000
		background-executor.all-tasks-monitoring.logger.enabled=\
			false
		background-executor.all-tasks-monitoring.minimum-elapsed-time-to-consider-a-task-as-probable-dead-locked=\
			300000
		background-executor.all-tasks-monitoring.probable-dead-locked-tasks-handling.policy=\
			log only
		background-executor.queued-task-executor[0].name=\
			Low priority tasks
		background-executor.queued-task-executor[0].priority=\
			1
		background-executor.queued-task-executor[1].name=\
			Normal priority tasks
		background-executor.queued-task-executor[1].priority=\
			5
		background-executor.queued-task-executor[2].name=\
			High priority tasks
		background-executor.queued-task-executor[2].priority=\
			10
		background-executor.task-creation-tracking.enabled=\
			${background-executor.all-tasks-monitoring.enabled}
		banner.additonal-informations=\
			${Bundle-Vendor} ${Bundle-Name} ${Bundle-Version}
		banner.additonal-informations.retrieve-from-manifest-file-of=\
			Burningwave Core
		banner.file=\
			org/burningwave/banner.bwb
		banner.hide=\
			true
		buffer-handler.default-allocation-mode=\
			ByteBuffer::allocateDirect
		buffer-handler.default-buffer-size=\
			1024
		group-name-for-named-elements=\
			Burningwave
		iterable-object-helper.default-values-separator=\
			;
		iterable-object-helper.parallel-iteration.applicability.default-minimum-collection-size=\
			2
		iterable-object-helper.parallel-iteration.applicability.max-runtime-thread-count-threshold=\
			autodetect
		iterable-object-helper.parallel-iteration.applicability.output-collection-enabled-types=\
			java.util.concurrent.ConcurrentHashMap$CollectionView;\
			java.util.Collections$SynchronizedCollection;\
			java.util.concurrent.CopyOnWriteArrayList;\
			java.util.concurrent.CopyOnWriteArraySet;\
			java.util.concurrent.BlockingQueue;\
			java.util.concurrent.ConcurrentSkipListSet;\
			java.util.concurrent.ConcurrentSkipListMap$EntrySet;\
			java.util.concurrent.ConcurrentSkipListMap$KeySet;\
			java.util.concurrent.ConcurrentSkipListMap$Values;
		jvm.driver.init=\
			false
		managed-logger.repository=\
			autodetect
		managed-logger.repository.enabled=\
			true
		managed-logger.repository.logging.warn.disabled-for=\
			org.burningwave.core.assembler.ComponentContainer$ClassLoader;\
			org.burningwave.core.classes.MemoryClassLoader;\
			org.burningwave.core.classes.PathScannerClassLoader;
		modules.export-all-to-all=\
			true
		resource-releaser.enabled=\
			true
		synchronizer.all-threads-monitoring.enabled=\
			false
		synchronizer.all-threads-monitoring.interval=\
			90000
		thread-supplier.default-daemon-flag-value=\
			true
		thread-supplier.default-thread-priority=\
			5
		thread-supplier.max-detached-thread-count=\
			${thread-supplier.max-poolable-thread-count}
		thread-supplier.max-detached-thread-count.elapsed-time-threshold-from-last-increase-for-gradual-decreasing-to-initial-value=\
			30000
		thread-supplier.max-detached-thread-count.increasing-step=\
			autodetect
		thread-supplier.max-poolable-thread-count=\
			autodetect
		thread-supplier.poolable-thread-request-timeout=\
			6000


2025-09-30 09:05:04,986 [main] INFO  o.b.core.jvm.BufferHandler - (BufferHandler.java:127) - default buffer size: 1024 bytes
2025-09-30 09:05:04,988 [main] INFO  o.b.core.jvm.BufferHandler - (BufferHandler.java:141) - default allocation mode: ByteBuffer::allocateDirect
2025-09-30 09:05:04,991 [main] INFO  org.burningwave.core.Cache - (Cache.java:76) - Building cache
2025-09-30 09:05:05,007 [main] INFO  o.b.c.a.StaticComponentContainer - (StaticComponentContainer.java:443) - org.burningwave.core.assembler.StaticComponentContainer initialized in 0.0876682 seconds
2025-09-30 09:05:06,128 [Worker-7: Loading available Gradle versions] INFO  o.e.b.c.i.u.g.PublishedGradleVersions - Gradle version information cache is up-to-date. Trying to read.
2025-09-30 12:31:46,322 [Burningwave - Resource releaser] INFO  o.b.c.a.StaticComponentContainer - (StaticComponentContainer.java:391) - ... Waiting for all tasks ending
2025-09-30 12:31:46,323 [Burningwave - Resource releaser] INFO  o.b.c.a.StaticComponentContainer - (StaticComponentContainer.java:397) - Closing all component containers
2025-09-30 12:31:46,324 [Burningwave - Resource releaser] INFO  o.b.c.a.StaticComponentContainer - (StaticComponentContainer.java:403) - Closing FileSystemHelper
2025-09-30 12:31:46,325 [Burningwave - Resource releaser] INFO  o.b.c.a.StaticComponentContainer - (StaticComponentContainer.java:409) - ... Waiting for all tasks ending before shutting down the BackgroundExecutor
2025-09-30 12:31:46,325 [Burningwave - Resource releaser] INFO  o.b.c.a.StaticComponentContainer - (StaticComponentContainer.java:414) - Shutting down BackgroundExecutor
2025-09-30 12:31:46,326 [Burningwave - Resource releaser] INFO  o.b.c.a.StaticComponentContainer - (StaticComponentContainer.java:420) - Stopping all threads monitoring thread
2025-09-30 12:31:46,326 [Burningwave - Resource releaser] INFO  o.b.c.a.StaticComponentContainer - (StaticComponentContainer.java:425) - Closing ThreadHolder
2025-09-30 12:31:46,326 [Burningwave - Resource releaser] INFO  o.b.c.a.StaticComponentContainer - (StaticComponentContainer.java:430) - Shutting down ThreadSupplier
2025-10-03 10:11:31,099 [main] INFO  o.b.c.a.StaticComponentContainer - (StaticComponentContainer.java:368) - Instantiated org.burningwave.core.SLF4JManagedLoggerRepository
2025-10-03 10:11:31,101 [main] INFO  o.b.c.a.StaticComponentContainer - (StaticComponentContainer.java:369) - 

	Configuration values for static components:

		background-executor.all-tasks-monitoring.enabled=\
			true
		background-executor.all-tasks-monitoring.interval=\
			30000
		background-executor.all-tasks-monitoring.logger.enabled=\
			false
		background-executor.all-tasks-monitoring.minimum-elapsed-time-to-consider-a-task-as-probable-dead-locked=\
			300000
		background-executor.all-tasks-monitoring.probable-dead-locked-tasks-handling.policy=\
			log only
		background-executor.queued-task-executor[0].name=\
			Low priority tasks
		background-executor.queued-task-executor[0].priority=\
			1
		background-executor.queued-task-executor[1].name=\
			Normal priority tasks
		background-executor.queued-task-executor[1].priority=\
			5
		background-executor.queued-task-executor[2].name=\
			High priority tasks
		background-executor.queued-task-executor[2].priority=\
			10
		background-executor.task-creation-tracking.enabled=\
			${background-executor.all-tasks-monitoring.enabled}
		banner.additonal-informations=\
			${Bundle-Vendor} ${Bundle-Name} ${Bundle-Version}
		banner.additonal-informations.retrieve-from-manifest-file-of=\
			Burningwave Core
		banner.file=\
			org/burningwave/banner.bwb
		banner.hide=\
			true
		buffer-handler.default-allocation-mode=\
			ByteBuffer::allocateDirect
		buffer-handler.default-buffer-size=\
			1024
		group-name-for-named-elements=\
			Burningwave
		iterable-object-helper.default-values-separator=\
			;
		iterable-object-helper.parallel-iteration.applicability.default-minimum-collection-size=\
			2
		iterable-object-helper.parallel-iteration.applicability.max-runtime-thread-count-threshold=\
			autodetect
		iterable-object-helper.parallel-iteration.applicability.output-collection-enabled-types=\
			java.util.concurrent.ConcurrentHashMap$CollectionView;\
			java.util.Collections$SynchronizedCollection;\
			java.util.concurrent.CopyOnWriteArrayList;\
			java.util.concurrent.CopyOnWriteArraySet;\
			java.util.concurrent.BlockingQueue;\
			java.util.concurrent.ConcurrentSkipListSet;\
			java.util.concurrent.ConcurrentSkipListMap$EntrySet;\
			java.util.concurrent.ConcurrentSkipListMap$KeySet;\
			java.util.concurrent.ConcurrentSkipListMap$Values;
		jvm.driver.init=\
			false
		managed-logger.repository=\
			autodetect
		managed-logger.repository.enabled=\
			true
		managed-logger.repository.logging.warn.disabled-for=\
			org.burningwave.core.assembler.ComponentContainer$ClassLoader;\
			org.burningwave.core.classes.MemoryClassLoader;\
			org.burningwave.core.classes.PathScannerClassLoader;
		modules.export-all-to-all=\
			true
		resource-releaser.enabled=\
			true
		synchronizer.all-threads-monitoring.enabled=\
			false
		synchronizer.all-threads-monitoring.interval=\
			90000
		thread-supplier.default-daemon-flag-value=\
			true
		thread-supplier.default-thread-priority=\
			5
		thread-supplier.max-detached-thread-count=\
			${thread-supplier.max-poolable-thread-count}
		thread-supplier.max-detached-thread-count.elapsed-time-threshold-from-last-increase-for-gradual-decreasing-to-initial-value=\
			30000
		thread-supplier.max-detached-thread-count.increasing-step=\
			autodetect
		thread-supplier.max-poolable-thread-count=\
			autodetect
		thread-supplier.poolable-thread-request-timeout=\
			6000


2025-10-03 10:11:31,103 [main] INFO  o.b.core.jvm.BufferHandler - (BufferHandler.java:127) - default buffer size: 1024 bytes
2025-10-03 10:11:31,103 [main] INFO  o.b.core.jvm.BufferHandler - (BufferHandler.java:141) - default allocation mode: ByteBuffer::allocateDirect
2025-10-03 10:11:31,106 [main] INFO  org.burningwave.core.Cache - (Cache.java:76) - Building cache
2025-10-03 10:11:31,120 [main] INFO  o.b.c.a.StaticComponentContainer - (StaticComponentContainer.java:443) - org.burningwave.core.assembler.StaticComponentContainer initialized in 0.0942894 seconds
2025-10-03 10:11:32,074 [Worker-7: Loading available Gradle versions] INFO  o.e.b.c.i.u.g.PublishedGradleVersions - Gradle version information cache is out-of-date. Trying to update.
2025-10-03 13:29:48,614 [Burningwave - Resource releaser] INFO  o.b.c.a.StaticComponentContainer - (StaticComponentContainer.java:391) - ... Waiting for all tasks ending
2025-10-03 13:29:48,615 [Burningwave - Resource releaser] INFO  o.b.c.a.StaticComponentContainer - (StaticComponentContainer.java:397) - Closing all component containers
2025-10-03 13:29:48,616 [Burningwave - Resource releaser] INFO  o.b.c.a.StaticComponentContainer - (StaticComponentContainer.java:403) - Closing FileSystemHelper
2025-10-03 13:29:48,617 [Burningwave - Resource releaser] INFO  o.b.c.a.StaticComponentContainer - (StaticComponentContainer.java:409) - ... Waiting for all tasks ending before shutting down the BackgroundExecutor
2025-10-03 13:29:48,617 [Burningwave - Resource releaser] INFO  o.b.c.a.StaticComponentContainer - (StaticComponentContainer.java:414) - Shutting down BackgroundExecutor
2025-10-03 13:29:48,617 [Burningwave - Resource releaser] INFO  o.b.c.a.StaticComponentContainer - (StaticComponentContainer.java:420) - Stopping all threads monitoring thread
2025-10-03 13:29:48,618 [Burningwave - Resource releaser] INFO  o.b.c.a.StaticComponentContainer - (StaticComponentContainer.java:425) - Closing ThreadHolder
2025-10-03 13:29:48,618 [Burningwave - Resource releaser] INFO  o.b.c.a.StaticComponentContainer - (StaticComponentContainer.java:430) - Shutting down ThreadSupplier
2025-10-06 09:52:41,413 [main] INFO  o.b.c.a.StaticComponentContainer - (StaticComponentContainer.java:368) - Instantiated org.burningwave.core.SLF4JManagedLoggerRepository
2025-10-06 09:52:41,416 [main] INFO  o.b.c.a.StaticComponentContainer - (StaticComponentContainer.java:369) - 

	Configuration values for static components:

		background-executor.all-tasks-monitoring.enabled=\
			true
		background-executor.all-tasks-monitoring.interval=\
			30000
		background-executor.all-tasks-monitoring.logger.enabled=\
			false
		background-executor.all-tasks-monitoring.minimum-elapsed-time-to-consider-a-task-as-probable-dead-locked=\
			300000
		background-executor.all-tasks-monitoring.probable-dead-locked-tasks-handling.policy=\
			log only
		background-executor.queued-task-executor[0].name=\
			Low priority tasks
		background-executor.queued-task-executor[0].priority=\
			1
		background-executor.queued-task-executor[1].name=\
			Normal priority tasks
		background-executor.queued-task-executor[1].priority=\
			5
		background-executor.queued-task-executor[2].name=\
			High priority tasks
		background-executor.queued-task-executor[2].priority=\
			10
		background-executor.task-creation-tracking.enabled=\
			${background-executor.all-tasks-monitoring.enabled}
		banner.additonal-informations=\
			${Bundle-Vendor} ${Bundle-Name} ${Bundle-Version}
		banner.additonal-informations.retrieve-from-manifest-file-of=\
			Burningwave Core
		banner.file=\
			org/burningwave/banner.bwb
		banner.hide=\
			true
		buffer-handler.default-allocation-mode=\
			ByteBuffer::allocateDirect
		buffer-handler.default-buffer-size=\
			1024
		group-name-for-named-elements=\
			Burningwave
		iterable-object-helper.default-values-separator=\
			;
		iterable-object-helper.parallel-iteration.applicability.default-minimum-collection-size=\
			2
		iterable-object-helper.parallel-iteration.applicability.max-runtime-thread-count-threshold=\
			autodetect
		iterable-object-helper.parallel-iteration.applicability.output-collection-enabled-types=\
			java.util.concurrent.ConcurrentHashMap$CollectionView;\
			java.util.Collections$SynchronizedCollection;\
			java.util.concurrent.CopyOnWriteArrayList;\
			java.util.concurrent.CopyOnWriteArraySet;\
			java.util.concurrent.BlockingQueue;\
			java.util.concurrent.ConcurrentSkipListSet;\
			java.util.concurrent.ConcurrentSkipListMap$EntrySet;\
			java.util.concurrent.ConcurrentSkipListMap$KeySet;\
			java.util.concurrent.ConcurrentSkipListMap$Values;
		jvm.driver.init=\
			false
		managed-logger.repository=\
			autodetect
		managed-logger.repository.enabled=\
			true
		managed-logger.repository.logging.warn.disabled-for=\
			org.burningwave.core.assembler.ComponentContainer$ClassLoader;\
			org.burningwave.core.classes.MemoryClassLoader;\
			org.burningwave.core.classes.PathScannerClassLoader;
		modules.export-all-to-all=\
			true
		resource-releaser.enabled=\
			true
		synchronizer.all-threads-monitoring.enabled=\
			false
		synchronizer.all-threads-monitoring.interval=\
			90000
		thread-supplier.default-daemon-flag-value=\
			true
		thread-supplier.default-thread-priority=\
			5
		thread-supplier.max-detached-thread-count=\
			${thread-supplier.max-poolable-thread-count}
		thread-supplier.max-detached-thread-count.elapsed-time-threshold-from-last-increase-for-gradual-decreasing-to-initial-value=\
			30000
		thread-supplier.max-detached-thread-count.increasing-step=\
			autodetect
		thread-supplier.max-poolable-thread-count=\
			autodetect
		thread-supplier.poolable-thread-request-timeout=\
			6000


2025-10-06 09:52:41,418 [main] INFO  o.b.core.jvm.BufferHandler - (BufferHandler.java:127) - default buffer size: 1024 bytes
2025-10-06 09:52:41,419 [main] INFO  o.b.core.jvm.BufferHandler - (BufferHandler.java:141) - default allocation mode: ByteBuffer::allocateDirect
2025-10-06 09:52:41,421 [main] INFO  org.burningwave.core.Cache - (Cache.java:76) - Building cache
2025-10-06 09:52:41,436 [main] INFO  o.b.c.a.StaticComponentContainer - (StaticComponentContainer.java:443) - org.burningwave.core.assembler.StaticComponentContainer initialized in 0.0857733 seconds
2025-10-06 09:52:42,555 [Worker-2: Loading available Gradle versions] INFO  o.e.b.c.i.u.g.PublishedGradleVersions - Gradle version information cache is out-of-date. Trying to update.
2025-10-06 11:32:31,277 [Burningwave - Resource releaser] INFO  o.b.c.a.StaticComponentContainer - (StaticComponentContainer.java:391) - ... Waiting for all tasks ending
2025-10-06 11:32:31,278 [Burningwave - Resource releaser] INFO  o.b.c.a.StaticComponentContainer - (StaticComponentContainer.java:397) - Closing all component containers
2025-10-06 11:32:31,279 [Burningwave - Resource releaser] INFO  o.b.c.a.StaticComponentContainer - (StaticComponentContainer.java:403) - Closing FileSystemHelper
2025-10-06 11:32:31,280 [Burningwave - Resource releaser] INFO  o.b.c.a.StaticComponentContainer - (StaticComponentContainer.java:409) - ... Waiting for all tasks ending before shutting down the BackgroundExecutor
2025-10-06 11:32:31,280 [Burningwave - Resource releaser] INFO  o.b.c.a.StaticComponentContainer - (StaticComponentContainer.java:414) - Shutting down BackgroundExecutor
2025-10-06 11:32:31,281 [Burningwave - Resource releaser] INFO  o.b.c.a.StaticComponentContainer - (StaticComponentContainer.java:420) - Stopping all threads monitoring thread
2025-10-06 11:32:31,281 [Burningwave - Resource releaser] INFO  o.b.c.a.StaticComponentContainer - (StaticComponentContainer.java:425) - Closing ThreadHolder
2025-10-06 11:32:31,282 [Burningwave - Resource releaser] INFO  o.b.c.a.StaticComponentContainer - (StaticComponentContainer.java:430) - Shutting down ThreadSupplier
2025-10-07 09:05:04,343 [main] INFO  o.b.c.a.StaticComponentContainer - (StaticComponentContainer.java:368) - Instantiated org.burningwave.core.SLF4JManagedLoggerRepository
2025-10-07 09:05:04,343 [main] INFO  o.b.c.a.StaticComponentContainer - (StaticComponentContainer.java:369) - 

	Configuration values for static components:

		background-executor.all-tasks-monitoring.enabled=\
			true
		background-executor.all-tasks-monitoring.interval=\
			30000
		background-executor.all-tasks-monitoring.logger.enabled=\
			false
		background-executor.all-tasks-monitoring.minimum-elapsed-time-to-consider-a-task-as-probable-dead-locked=\
			300000
		background-executor.all-tasks-monitoring.probable-dead-locked-tasks-handling.policy=\
			log only
		background-executor.queued-task-executor[0].name=\
			Low priority tasks
		background-executor.queued-task-executor[0].priority=\
			1
		background-executor.queued-task-executor[1].name=\
			Normal priority tasks
		background-executor.queued-task-executor[1].priority=\
			5
		background-executor.queued-task-executor[2].name=\
			High priority tasks
		background-executor.queued-task-executor[2].priority=\
			10
		background-executor.task-creation-tracking.enabled=\
			${background-executor.all-tasks-monitoring.enabled}
		banner.additonal-informations=\
			${Bundle-Vendor} ${Bundle-Name} ${Bundle-Version}
		banner.additonal-informations.retrieve-from-manifest-file-of=\
			Burningwave Core
		banner.file=\
			org/burningwave/banner.bwb
		banner.hide=\
			true
		buffer-handler.default-allocation-mode=\
			ByteBuffer::allocateDirect
		buffer-handler.default-buffer-size=\
			1024
		group-name-for-named-elements=\
			Burningwave
		iterable-object-helper.default-values-separator=\
			;
		iterable-object-helper.parallel-iteration.applicability.default-minimum-collection-size=\
			2
		iterable-object-helper.parallel-iteration.applicability.max-runtime-thread-count-threshold=\
			autodetect
		iterable-object-helper.parallel-iteration.applicability.output-collection-enabled-types=\
			java.util.concurrent.ConcurrentHashMap$CollectionView;\
			java.util.Collections$SynchronizedCollection;\
			java.util.concurrent.CopyOnWriteArrayList;\
			java.util.concurrent.CopyOnWriteArraySet;\
			java.util.concurrent.BlockingQueue;\
			java.util.concurrent.ConcurrentSkipListSet;\
			java.util.concurrent.ConcurrentSkipListMap$EntrySet;\
			java.util.concurrent.ConcurrentSkipListMap$KeySet;\
			java.util.concurrent.ConcurrentSkipListMap$Values;
		jvm.driver.init=\
			false
		managed-logger.repository=\
			autodetect
		managed-logger.repository.enabled=\
			true
		managed-logger.repository.logging.warn.disabled-for=\
			org.burningwave.core.assembler.ComponentContainer$ClassLoader;\
			org.burningwave.core.classes.MemoryClassLoader;\
			org.burningwave.core.classes.PathScannerClassLoader;
		modules.export-all-to-all=\
			true
		resource-releaser.enabled=\
			true
		synchronizer.all-threads-monitoring.enabled=\
			false
		synchronizer.all-threads-monitoring.interval=\
			90000
		thread-supplier.default-daemon-flag-value=\
			true
		thread-supplier.default-thread-priority=\
			5
		thread-supplier.max-detached-thread-count=\
			${thread-supplier.max-poolable-thread-count}
		thread-supplier.max-detached-thread-count.elapsed-time-threshold-from-last-increase-for-gradual-decreasing-to-initial-value=\
			30000
		thread-supplier.max-detached-thread-count.increasing-step=\
			autodetect
		thread-supplier.max-poolable-thread-count=\
			autodetect
		thread-supplier.poolable-thread-request-timeout=\
			6000


2025-10-07 09:05:04,352 [main] INFO  o.b.core.jvm.BufferHandler - (BufferHandler.java:127) - default buffer size: 1024 bytes
2025-10-07 09:05:04,352 [main] INFO  o.b.core.jvm.BufferHandler - (BufferHandler.java:141) - default allocation mode: ByteBuffer::allocateDirect
2025-10-07 09:05:04,352 [main] INFO  org.burningwave.core.Cache - (Cache.java:76) - Building cache
2025-10-07 09:05:04,368 [main] INFO  o.b.c.a.StaticComponentContainer - (StaticComponentContainer.java:443) - org.burningwave.core.assembler.StaticComponentContainer initialized in 0.0948209 seconds
2025-10-07 09:05:05,404 [Worker-5: Loading available Gradle versions] INFO  o.e.b.c.i.u.g.PublishedGradleVersions - Gradle version information cache is up-to-date. Trying to read.
2025-10-07 14:24:24,160 [Burningwave - Resource releaser] INFO  o.b.c.a.StaticComponentContainer - (StaticComponentContainer.java:391) - ... Waiting for all tasks ending
2025-10-07 14:24:24,160 [Burningwave - Resource releaser] INFO  o.b.c.a.StaticComponentContainer - (StaticComponentContainer.java:397) - Closing all component containers
2025-10-07 14:24:24,160 [Burningwave - Resource releaser] INFO  o.b.c.a.StaticComponentContainer - (StaticComponentContainer.java:403) - Closing FileSystemHelper
2025-10-07 14:24:24,160 [Burningwave - Resource releaser] INFO  o.b.c.a.StaticComponentContainer - (StaticComponentContainer.java:409) - ... Waiting for all tasks ending before shutting down the BackgroundExecutor
2025-10-07 14:24:24,160 [Burningwave - Resource releaser] INFO  o.b.c.a.StaticComponentContainer - (StaticComponentContainer.java:414) - Shutting down BackgroundExecutor
2025-10-07 14:24:24,160 [Burningwave - Resource releaser] INFO  o.b.c.a.StaticComponentContainer - (StaticComponentContainer.java:420) - Stopping all threads monitoring thread
2025-10-07 14:24:24,160 [Burningwave - Resource releaser] INFO  o.b.c.a.StaticComponentContainer - (StaticComponentContainer.java:425) - Closing ThreadHolder
2025-10-07 14:24:24,168 [Burningwave - Resource releaser] INFO  o.b.c.a.StaticComponentContainer - (StaticComponentContainer.java:430) - Shutting down ThreadSupplier
2025-10-09 12:46:15,390 [main] INFO  o.b.c.a.StaticComponentContainer - (StaticComponentContainer.java:368) - Instantiated org.burningwave.core.SLF4JManagedLoggerRepository
2025-10-09 12:46:15,392 [main] INFO  o.b.c.a.StaticComponentContainer - (StaticComponentContainer.java:369) - 

	Configuration values for static components:

		background-executor.all-tasks-monitoring.enabled=\
			true
		background-executor.all-tasks-monitoring.interval=\
			30000
		background-executor.all-tasks-monitoring.logger.enabled=\
			false
		background-executor.all-tasks-monitoring.minimum-elapsed-time-to-consider-a-task-as-probable-dead-locked=\
			300000
		background-executor.all-tasks-monitoring.probable-dead-locked-tasks-handling.policy=\
			log only
		background-executor.queued-task-executor[0].name=\
			Low priority tasks
		background-executor.queued-task-executor[0].priority=\
			1
		background-executor.queued-task-executor[1].name=\
			Normal priority tasks
		background-executor.queued-task-executor[1].priority=\
			5
		background-executor.queued-task-executor[2].name=\
			High priority tasks
		background-executor.queued-task-executor[2].priority=\
			10
		background-executor.task-creation-tracking.enabled=\
			${background-executor.all-tasks-monitoring.enabled}
		banner.additonal-informations=\
			${Bundle-Vendor} ${Bundle-Name} ${Bundle-Version}
		banner.additonal-informations.retrieve-from-manifest-file-of=\
			Burningwave Core
		banner.file=\
			org/burningwave/banner.bwb
		banner.hide=\
			true
		buffer-handler.default-allocation-mode=\
			ByteBuffer::allocateDirect
		buffer-handler.default-buffer-size=\
			1024
		group-name-for-named-elements=\
			Burningwave
		iterable-object-helper.default-values-separator=\
			;
		iterable-object-helper.parallel-iteration.applicability.default-minimum-collection-size=\
			2
		iterable-object-helper.parallel-iteration.applicability.max-runtime-thread-count-threshold=\
			autodetect
		iterable-object-helper.parallel-iteration.applicability.output-collection-enabled-types=\
			java.util.concurrent.ConcurrentHashMap$CollectionView;\
			java.util.Collections$SynchronizedCollection;\
			java.util.concurrent.CopyOnWriteArrayList;\
			java.util.concurrent.CopyOnWriteArraySet;\
			java.util.concurrent.BlockingQueue;\
			java.util.concurrent.ConcurrentSkipListSet;\
			java.util.concurrent.ConcurrentSkipListMap$EntrySet;\
			java.util.concurrent.ConcurrentSkipListMap$KeySet;\
			java.util.concurrent.ConcurrentSkipListMap$Values;
		jvm.driver.init=\
			false
		managed-logger.repository=\
			autodetect
		managed-logger.repository.enabled=\
			true
		managed-logger.repository.logging.warn.disabled-for=\
			org.burningwave.core.assembler.ComponentContainer$ClassLoader;\
			org.burningwave.core.classes.MemoryClassLoader;\
			org.burningwave.core.classes.PathScannerClassLoader;
		modules.export-all-to-all=\
			true
		resource-releaser.enabled=\
			true
		synchronizer.all-threads-monitoring.enabled=\
			false
		synchronizer.all-threads-monitoring.interval=\
			90000
		thread-supplier.default-daemon-flag-value=\
			true
		thread-supplier.default-thread-priority=\
			5
		thread-supplier.max-detached-thread-count=\
			${thread-supplier.max-poolable-thread-count}
		thread-supplier.max-detached-thread-count.elapsed-time-threshold-from-last-increase-for-gradual-decreasing-to-initial-value=\
			30000
		thread-supplier.max-detached-thread-count.increasing-step=\
			autodetect
		thread-supplier.max-poolable-thread-count=\
			autodetect
		thread-supplier.poolable-thread-request-timeout=\
			6000


2025-10-09 12:46:15,395 [main] INFO  o.b.core.jvm.BufferHandler - (BufferHandler.java:127) - default buffer size: 1024 bytes
2025-10-09 12:46:15,395 [main] INFO  o.b.core.jvm.BufferHandler - (BufferHandler.java:141) - default allocation mode: ByteBuffer::allocateDirect
2025-10-09 12:46:15,398 [main] INFO  org.burningwave.core.Cache - (Cache.java:76) - Building cache
2025-10-09 12:46:15,415 [main] INFO  o.b.c.a.StaticComponentContainer - (StaticComponentContainer.java:443) - org.burningwave.core.assembler.StaticComponentContainer initialized in 0.0899082 seconds
2025-10-09 12:46:16,393 [Worker-5: Loading available Gradle versions] INFO  o.e.b.c.i.u.g.PublishedGradleVersions - Gradle version information cache is out-of-date. Trying to update.
2025-10-09 12:46:19,309 [Burningwave - Resource releaser] INFO  o.b.c.a.StaticComponentContainer - (StaticComponentContainer.java:391) - ... Waiting for all tasks ending
2025-10-09 12:46:19,311 [Burningwave - Resource releaser] INFO  o.b.c.a.StaticComponentContainer - (StaticComponentContainer.java:397) - Closing all component containers
2025-10-09 12:46:19,314 [Burningwave - Resource releaser] INFO  o.b.c.a.StaticComponentContainer - (StaticComponentContainer.java:403) - Closing FileSystemHelper
2025-10-09 12:46:19,315 [Burningwave - Resource releaser] INFO  o.b.c.a.StaticComponentContainer - (StaticComponentContainer.java:409) - ... Waiting for all tasks ending before shutting down the BackgroundExecutor
2025-10-09 12:46:19,315 [Burningwave - Resource releaser] INFO  o.b.c.a.StaticComponentContainer - (StaticComponentContainer.java:414) - Shutting down BackgroundExecutor
2025-10-09 12:46:19,316 [Burningwave - Resource releaser] INFO  o.b.c.a.StaticComponentContainer - (StaticComponentContainer.java:420) - Stopping all threads monitoring thread
2025-10-09 12:46:19,316 [Burningwave - Resource releaser] INFO  o.b.c.a.StaticComponentContainer - (StaticComponentContainer.java:425) - Closing ThreadHolder
2025-10-09 12:46:19,317 [Burningwave - Resource releaser] INFO  o.b.c.a.StaticComponentContainer - (StaticComponentContainer.java:430) - Shutting down ThreadSupplier
2025-10-10 10:04:02,715 [main] INFO  o.b.c.a.StaticComponentContainer - (StaticComponentContainer.java:368) - Instantiated org.burningwave.core.SLF4JManagedLoggerRepository
2025-10-10 10:04:02,715 [main] INFO  o.b.c.a.StaticComponentContainer - (StaticComponentContainer.java:369) - 

	Configuration values for static components:

		background-executor.all-tasks-monitoring.enabled=\
			true
		background-executor.all-tasks-monitoring.interval=\
			30000
		background-executor.all-tasks-monitoring.logger.enabled=\
			false
		background-executor.all-tasks-monitoring.minimum-elapsed-time-to-consider-a-task-as-probable-dead-locked=\
			300000
		background-executor.all-tasks-monitoring.probable-dead-locked-tasks-handling.policy=\
			log only
		background-executor.queued-task-executor[0].name=\
			Low priority tasks
		background-executor.queued-task-executor[0].priority=\
			1
		background-executor.queued-task-executor[1].name=\
			Normal priority tasks
		background-executor.queued-task-executor[1].priority=\
			5
		background-executor.queued-task-executor[2].name=\
			High priority tasks
		background-executor.queued-task-executor[2].priority=\
			10
		background-executor.task-creation-tracking.enabled=\
			${background-executor.all-tasks-monitoring.enabled}
		banner.additonal-informations=\
			${Bundle-Vendor} ${Bundle-Name} ${Bundle-Version}
		banner.additonal-informations.retrieve-from-manifest-file-of=\
			Burningwave Core
		banner.file=\
			org/burningwave/banner.bwb
		banner.hide=\
			true
		buffer-handler.default-allocation-mode=\
			ByteBuffer::allocateDirect
		buffer-handler.default-buffer-size=\
			1024
		group-name-for-named-elements=\
			Burningwave
		iterable-object-helper.default-values-separator=\
			;
		iterable-object-helper.parallel-iteration.applicability.default-minimum-collection-size=\
			2
		iterable-object-helper.parallel-iteration.applicability.max-runtime-thread-count-threshold=\
			autodetect
		iterable-object-helper.parallel-iteration.applicability.output-collection-enabled-types=\
			java.util.concurrent.ConcurrentHashMap$CollectionView;\
			java.util.Collections$SynchronizedCollection;\
			java.util.concurrent.CopyOnWriteArrayList;\
			java.util.concurrent.CopyOnWriteArraySet;\
			java.util.concurrent.BlockingQueue;\
			java.util.concurrent.ConcurrentSkipListSet;\
			java.util.concurrent.ConcurrentSkipListMap$EntrySet;\
			java.util.concurrent.ConcurrentSkipListMap$KeySet;\
			java.util.concurrent.ConcurrentSkipListMap$Values;
		jvm.driver.init=\
			false
		managed-logger.repository=\
			autodetect
		managed-logger.repository.enabled=\
			true
		managed-logger.repository.logging.warn.disabled-for=\
			org.burningwave.core.assembler.ComponentContainer$ClassLoader;\
			org.burningwave.core.classes.MemoryClassLoader;\
			org.burningwave.core.classes.PathScannerClassLoader;
		modules.export-all-to-all=\
			true
		resource-releaser.enabled=\
			true
		synchronizer.all-threads-monitoring.enabled=\
			false
		synchronizer.all-threads-monitoring.interval=\
			90000
		thread-supplier.default-daemon-flag-value=\
			true
		thread-supplier.default-thread-priority=\
			5
		thread-supplier.max-detached-thread-count=\
			${thread-supplier.max-poolable-thread-count}
		thread-supplier.max-detached-thread-count.elapsed-time-threshold-from-last-increase-for-gradual-decreasing-to-initial-value=\
			30000
		thread-supplier.max-detached-thread-count.increasing-step=\
			autodetect
		thread-supplier.max-poolable-thread-count=\
			autodetect
		thread-supplier.poolable-thread-request-timeout=\
			6000


2025-10-10 10:04:02,715 [main] INFO  o.b.core.jvm.BufferHandler - (BufferHandler.java:127) - default buffer size: 1024 bytes
2025-10-10 10:04:02,715 [main] INFO  o.b.core.jvm.BufferHandler - (BufferHandler.java:141) - default allocation mode: ByteBuffer::allocateDirect
2025-10-10 10:04:02,731 [main] INFO  org.burningwave.core.Cache - (Cache.java:76) - Building cache
2025-10-10 10:04:02,758 [main] INFO  o.b.c.a.StaticComponentContainer - (StaticComponentContainer.java:443) - org.burningwave.core.assembler.StaticComponentContainer initialized in 0.1098948 seconds
2025-10-10 10:04:03,966 [Worker-5: Loading available Gradle versions] INFO  o.e.b.c.i.u.g.PublishedGradleVersions - Gradle version information cache is up-to-date. Trying to read.
2025-10-10 13:30:56,398 [Burningwave - Resource releaser] INFO  o.b.c.a.StaticComponentContainer - (StaticComponentContainer.java:391) - ... Waiting for all tasks ending
2025-10-10 13:30:56,399 [Burningwave - Resource releaser] INFO  o.b.c.a.StaticComponentContainer - (StaticComponentContainer.java:397) - Closing all component containers
2025-10-10 13:30:56,401 [Burningwave - Resource releaser] INFO  o.b.c.a.StaticComponentContainer - (StaticComponentContainer.java:403) - Closing FileSystemHelper
2025-10-10 13:30:56,402 [Burningwave - Resource releaser] INFO  o.b.c.a.StaticComponentContainer - (StaticComponentContainer.java:409) - ... Waiting for all tasks ending before shutting down the BackgroundExecutor
2025-10-10 13:30:56,403 [Burningwave - Resource releaser] INFO  o.b.c.a.StaticComponentContainer - (StaticComponentContainer.java:414) - Shutting down BackgroundExecutor
2025-10-10 13:30:56,403 [Burningwave - Resource releaser] INFO  o.b.c.a.StaticComponentContainer - (StaticComponentContainer.java:420) - Stopping all threads monitoring thread
2025-10-10 13:30:56,404 [Burningwave - Resource releaser] INFO  o.b.c.a.StaticComponentContainer - (StaticComponentContainer.java:425) - Closing ThreadHolder
2025-10-10 13:30:56,405 [Burningwave - Resource releaser] INFO  o.b.c.a.StaticComponentContainer - (StaticComponentContainer.java:430) - Shutting down ThreadSupplier
2025-10-13 09:04:34,098 [main] INFO  o.b.c.a.StaticComponentContainer - (StaticComponentContainer.java:368) - Instantiated org.burningwave.core.SLF4JManagedLoggerRepository
2025-10-13 09:04:34,101 [main] INFO  o.b.c.a.StaticComponentContainer - (StaticComponentContainer.java:369) - 

	Configuration values for static components:

		background-executor.all-tasks-monitoring.enabled=\
			true
		background-executor.all-tasks-monitoring.interval=\
			30000
		background-executor.all-tasks-monitoring.logger.enabled=\
			false
		background-executor.all-tasks-monitoring.minimum-elapsed-time-to-consider-a-task-as-probable-dead-locked=\
			300000
		background-executor.all-tasks-monitoring.probable-dead-locked-tasks-handling.policy=\
			log only
		background-executor.queued-task-executor[0].name=\
			Low priority tasks
		background-executor.queued-task-executor[0].priority=\
			1
		background-executor.queued-task-executor[1].name=\
			Normal priority tasks
		background-executor.queued-task-executor[1].priority=\
			5
		background-executor.queued-task-executor[2].name=\
			High priority tasks
		background-executor.queued-task-executor[2].priority=\
			10
		background-executor.task-creation-tracking.enabled=\
			${background-executor.all-tasks-monitoring.enabled}
		banner.additonal-informations=\
			${Bundle-Vendor} ${Bundle-Name} ${Bundle-Version}
		banner.additonal-informations.retrieve-from-manifest-file-of=\
			Burningwave Core
		banner.file=\
			org/burningwave/banner.bwb
		banner.hide=\
			true
		buffer-handler.default-allocation-mode=\
			ByteBuffer::allocateDirect
		buffer-handler.default-buffer-size=\
			1024
		group-name-for-named-elements=\
			Burningwave
		iterable-object-helper.default-values-separator=\
			;
		iterable-object-helper.parallel-iteration.applicability.default-minimum-collection-size=\
			2
		iterable-object-helper.parallel-iteration.applicability.max-runtime-thread-count-threshold=\
			autodetect
		iterable-object-helper.parallel-iteration.applicability.output-collection-enabled-types=\
			java.util.concurrent.ConcurrentHashMap$CollectionView;\
			java.util.Collections$SynchronizedCollection;\
			java.util.concurrent.CopyOnWriteArrayList;\
			java.util.concurrent.CopyOnWriteArraySet;\
			java.util.concurrent.BlockingQueue;\
			java.util.concurrent.ConcurrentSkipListSet;\
			java.util.concurrent.ConcurrentSkipListMap$EntrySet;\
			java.util.concurrent.ConcurrentSkipListMap$KeySet;\
			java.util.concurrent.ConcurrentSkipListMap$Values;
		jvm.driver.init=\
			false
		managed-logger.repository=\
			autodetect
		managed-logger.repository.enabled=\
			true
		managed-logger.repository.logging.warn.disabled-for=\
			org.burningwave.core.assembler.ComponentContainer$ClassLoader;\
			org.burningwave.core.classes.MemoryClassLoader;\
			org.burningwave.core.classes.PathScannerClassLoader;
		modules.export-all-to-all=\
			true
		resource-releaser.enabled=\
			true
		synchronizer.all-threads-monitoring.enabled=\
			false
		synchronizer.all-threads-monitoring.interval=\
			90000
		thread-supplier.default-daemon-flag-value=\
			true
		thread-supplier.default-thread-priority=\
			5
		thread-supplier.max-detached-thread-count=\
			${thread-supplier.max-poolable-thread-count}
		thread-supplier.max-detached-thread-count.elapsed-time-threshold-from-last-increase-for-gradual-decreasing-to-initial-value=\
			30000
		thread-supplier.max-detached-thread-count.increasing-step=\
			autodetect
		thread-supplier.max-poolable-thread-count=\
			autodetect
		thread-supplier.poolable-thread-request-timeout=\
			6000


2025-10-13 09:04:34,103 [main] INFO  o.b.core.jvm.BufferHandler - (BufferHandler.java:127) - default buffer size: 1024 bytes
2025-10-13 09:04:34,103 [main] INFO  o.b.core.jvm.BufferHandler - (BufferHandler.java:141) - default allocation mode: ByteBuffer::allocateDirect
2025-10-13 09:04:34,107 [main] INFO  org.burningwave.core.Cache - (Cache.java:76) - Building cache
2025-10-13 09:04:34,130 [main] INFO  o.b.c.a.StaticComponentContainer - (StaticComponentContainer.java:443) - org.burningwave.core.assembler.StaticComponentContainer initialized in 0.1142525 seconds
2025-10-13 09:04:35,098 [Worker-7: Loading available Gradle versions] INFO  o.e.b.c.i.u.g.PublishedGradleVersions - Gradle version information cache is out-of-date. Trying to update.
2025-10-13 12:15:46,717 [Burningwave - Resource releaser] INFO  o.b.c.a.StaticComponentContainer - (StaticComponentContainer.java:391) - ... Waiting for all tasks ending
2025-10-13 12:15:46,718 [Burningwave - Resource releaser] INFO  o.b.c.a.StaticComponentContainer - (StaticComponentContainer.java:397) - Closing all component containers
2025-10-13 12:15:46,720 [Burningwave - Resource releaser] INFO  o.b.c.a.StaticComponentContainer - (StaticComponentContainer.java:403) - Closing FileSystemHelper
2025-10-13 12:15:46,720 [Burningwave - Resource releaser] INFO  o.b.c.a.StaticComponentContainer - (StaticComponentContainer.java:409) - ... Waiting for all tasks ending before shutting down the BackgroundExecutor
2025-10-13 12:15:46,721 [Burningwave - Resource releaser] INFO  o.b.c.a.StaticComponentContainer - (StaticComponentContainer.java:414) - Shutting down BackgroundExecutor
2025-10-13 12:15:46,721 [Burningwave - Resource releaser] INFO  o.b.c.a.StaticComponentContainer - (StaticComponentContainer.java:420) - Stopping all threads monitoring thread
2025-10-13 12:15:46,721 [Burningwave - Resource releaser] INFO  o.b.c.a.StaticComponentContainer - (StaticComponentContainer.java:425) - Closing ThreadHolder
2025-10-13 12:15:46,721 [Burningwave - Resource releaser] INFO  o.b.c.a.StaticComponentContainer - (StaticComponentContainer.java:430) - Shutting down ThreadSupplier
2025-10-13 12:18:59,860 [main] INFO  o.b.c.a.StaticComponentContainer - (StaticComponentContainer.java:368) - Instantiated org.burningwave.core.SLF4JManagedLoggerRepository
2025-10-13 12:18:59,861 [main] INFO  o.b.c.a.StaticComponentContainer - (StaticComponentContainer.java:369) - 

	Configuration values for static components:

		background-executor.all-tasks-monitoring.enabled=\
			true
		background-executor.all-tasks-monitoring.interval=\
			30000
		background-executor.all-tasks-monitoring.logger.enabled=\
			false
		background-executor.all-tasks-monitoring.minimum-elapsed-time-to-consider-a-task-as-probable-dead-locked=\
			300000
		background-executor.all-tasks-monitoring.probable-dead-locked-tasks-handling.policy=\
			log only
		background-executor.queued-task-executor[0].name=\
			Low priority tasks
		background-executor.queued-task-executor[0].priority=\
			1
		background-executor.queued-task-executor[1].name=\
			Normal priority tasks
		background-executor.queued-task-executor[1].priority=\
			5
		background-executor.queued-task-executor[2].name=\
			High priority tasks
		background-executor.queued-task-executor[2].priority=\
			10
		background-executor.task-creation-tracking.enabled=\
			${background-executor.all-tasks-monitoring.enabled}
		banner.additonal-informations=\
			${Bundle-Vendor} ${Bundle-Name} ${Bundle-Version}
		banner.additonal-informations.retrieve-from-manifest-file-of=\
			Burningwave Core
		banner.file=\
			org/burningwave/banner.bwb
		banner.hide=\
			true
		buffer-handler.default-allocation-mode=\
			ByteBuffer::allocateDirect
		buffer-handler.default-buffer-size=\
			1024
		group-name-for-named-elements=\
			Burningwave
		iterable-object-helper.default-values-separator=\
			;
		iterable-object-helper.parallel-iteration.applicability.default-minimum-collection-size=\
			2
		iterable-object-helper.parallel-iteration.applicability.max-runtime-thread-count-threshold=\
			autodetect
		iterable-object-helper.parallel-iteration.applicability.output-collection-enabled-types=\
			java.util.concurrent.ConcurrentHashMap$CollectionView;\
			java.util.Collections$SynchronizedCollection;\
			java.util.concurrent.CopyOnWriteArrayList;\
			java.util.concurrent.CopyOnWriteArraySet;\
			java.util.concurrent.BlockingQueue;\
			java.util.concurrent.ConcurrentSkipListSet;\
			java.util.concurrent.ConcurrentSkipListMap$EntrySet;\
			java.util.concurrent.ConcurrentSkipListMap$KeySet;\
			java.util.concurrent.ConcurrentSkipListMap$Values;
		jvm.driver.init=\
			false
		managed-logger.repository=\
			autodetect
		managed-logger.repository.enabled=\
			true
		managed-logger.repository.logging.warn.disabled-for=\
			org.burningwave.core.assembler.ComponentContainer$ClassLoader;\
			org.burningwave.core.classes.MemoryClassLoader;\
			org.burningwave.core.classes.PathScannerClassLoader;
		modules.export-all-to-all=\
			true
		resource-releaser.enabled=\
			true
		synchronizer.all-threads-monitoring.enabled=\
			false
		synchronizer.all-threads-monitoring.interval=\
			90000
		thread-supplier.default-daemon-flag-value=\
			true
		thread-supplier.default-thread-priority=\
			5
		thread-supplier.max-detached-thread-count=\
			${thread-supplier.max-poolable-thread-count}
		thread-supplier.max-detached-thread-count.elapsed-time-threshold-from-last-increase-for-gradual-decreasing-to-initial-value=\
			30000
		thread-supplier.max-detached-thread-count.increasing-step=\
			autodetect
		thread-supplier.max-poolable-thread-count=\
			autodetect
		thread-supplier.poolable-thread-request-timeout=\
			6000


2025-10-13 12:18:59,863 [main] INFO  o.b.core.jvm.BufferHandler - (BufferHandler.java:127) - default buffer size: 1024 bytes
2025-10-13 12:18:59,863 [main] INFO  o.b.core.jvm.BufferHandler - (BufferHandler.java:141) - default allocation mode: ByteBuffer::allocateDirect
2025-10-13 12:18:59,866 [main] INFO  org.burningwave.core.Cache - (Cache.java:76) - Building cache
2025-10-13 12:18:59,881 [main] INFO  o.b.c.a.StaticComponentContainer - (StaticComponentContainer.java:443) - org.burningwave.core.assembler.StaticComponentContainer initialized in 0.0730205 seconds
2025-10-13 12:19:00,924 [Worker-1: Loading available Gradle versions] INFO  o.e.b.c.i.u.g.PublishedGradleVersions - Gradle version information cache is up-to-date. Trying to read.
2025-10-13 12:19:26,802 [Burningwave - Resource releaser] INFO  o.b.c.a.StaticComponentContainer - (StaticComponentContainer.java:391) - ... Waiting for all tasks ending
2025-10-13 12:19:26,802 [Burningwave - Resource releaser] INFO  o.b.c.a.StaticComponentContainer - (StaticComponentContainer.java:397) - Closing all component containers
2025-10-13 12:19:26,804 [Burningwave - Resource releaser] INFO  o.b.c.a.StaticComponentContainer - (StaticComponentContainer.java:403) - Closing FileSystemHelper
2025-10-13 12:19:26,804 [Burningwave - Resource releaser] INFO  o.b.c.a.StaticComponentContainer - (StaticComponentContainer.java:409) - ... Waiting for all tasks ending before shutting down the BackgroundExecutor
2025-10-13 12:19:26,804 [Burningwave - Resource releaser] INFO  o.b.c.a.StaticComponentContainer - (StaticComponentContainer.java:414) - Shutting down BackgroundExecutor
2025-10-13 12:19:26,805 [Burningwave - Resource releaser] INFO  o.b.c.a.StaticComponentContainer - (StaticComponentContainer.java:420) - Stopping all threads monitoring thread
2025-10-13 12:19:26,805 [Burningwave - Resource releaser] INFO  o.b.c.a.StaticComponentContainer - (StaticComponentContainer.java:425) - Closing ThreadHolder
2025-10-13 12:19:26,805 [Burningwave - Resource releaser] INFO  o.b.c.a.StaticComponentContainer - (StaticComponentContainer.java:430) - Shutting down ThreadSupplier
2025-10-13 12:38:39,566 [main] INFO  o.b.c.a.StaticComponentContainer - (StaticComponentContainer.java:368) - Instantiated org.burningwave.core.SLF4JManagedLoggerRepository
2025-10-13 12:38:39,568 [main] INFO  o.b.c.a.StaticComponentContainer - (StaticComponentContainer.java:369) - 

	Configuration values for static components:

		background-executor.all-tasks-monitoring.enabled=\
			true
		background-executor.all-tasks-monitoring.interval=\
			30000
		background-executor.all-tasks-monitoring.logger.enabled=\
			false
		background-executor.all-tasks-monitoring.minimum-elapsed-time-to-consider-a-task-as-probable-dead-locked=\
			300000
		background-executor.all-tasks-monitoring.probable-dead-locked-tasks-handling.policy=\
			log only
		background-executor.queued-task-executor[0].name=\
			Low priority tasks
		background-executor.queued-task-executor[0].priority=\
			1
		background-executor.queued-task-executor[1].name=\
			Normal priority tasks
		background-executor.queued-task-executor[1].priority=\
			5
		background-executor.queued-task-executor[2].name=\
			High priority tasks
		background-executor.queued-task-executor[2].priority=\
			10
		background-executor.task-creation-tracking.enabled=\
			${background-executor.all-tasks-monitoring.enabled}
		banner.additonal-informations=\
			${Bundle-Vendor} ${Bundle-Name} ${Bundle-Version}
		banner.additonal-informations.retrieve-from-manifest-file-of=\
			Burningwave Core
		banner.file=\
			org/burningwave/banner.bwb
		banner.hide=\
			true
		buffer-handler.default-allocation-mode=\
			ByteBuffer::allocateDirect
		buffer-handler.default-buffer-size=\
			1024
		group-name-for-named-elements=\
			Burningwave
		iterable-object-helper.default-values-separator=\
			;
		iterable-object-helper.parallel-iteration.applicability.default-minimum-collection-size=\
			2
		iterable-object-helper.parallel-iteration.applicability.max-runtime-thread-count-threshold=\
			autodetect
		iterable-object-helper.parallel-iteration.applicability.output-collection-enabled-types=\
			java.util.concurrent.ConcurrentHashMap$CollectionView;\
			java.util.Collections$SynchronizedCollection;\
			java.util.concurrent.CopyOnWriteArrayList;\
			java.util.concurrent.CopyOnWriteArraySet;\
			java.util.concurrent.BlockingQueue;\
			java.util.concurrent.ConcurrentSkipListSet;\
			java.util.concurrent.ConcurrentSkipListMap$EntrySet;\
			java.util.concurrent.ConcurrentSkipListMap$KeySet;\
			java.util.concurrent.ConcurrentSkipListMap$Values;
		jvm.driver.init=\
			false
		managed-logger.repository=\
			autodetect
		managed-logger.repository.enabled=\
			true
		managed-logger.repository.logging.warn.disabled-for=\
			org.burningwave.core.assembler.ComponentContainer$ClassLoader;\
			org.burningwave.core.classes.MemoryClassLoader;\
			org.burningwave.core.classes.PathScannerClassLoader;
		modules.export-all-to-all=\
			true
		resource-releaser.enabled=\
			true
		synchronizer.all-threads-monitoring.enabled=\
			false
		synchronizer.all-threads-monitoring.interval=\
			90000
		thread-supplier.default-daemon-flag-value=\
			true
		thread-supplier.default-thread-priority=\
			5
		thread-supplier.max-detached-thread-count=\
			${thread-supplier.max-poolable-thread-count}
		thread-supplier.max-detached-thread-count.elapsed-time-threshold-from-last-increase-for-gradual-decreasing-to-initial-value=\
			30000
		thread-supplier.max-detached-thread-count.increasing-step=\
			autodetect
		thread-supplier.max-poolable-thread-count=\
			autodetect
		thread-supplier.poolable-thread-request-timeout=\
			6000


2025-10-13 12:38:39,569 [main] INFO  o.b.core.jvm.BufferHandler - (BufferHandler.java:127) - default buffer size: 1024 bytes
2025-10-13 12:38:39,570 [main] INFO  o.b.core.jvm.BufferHandler - (BufferHandler.java:141) - default allocation mode: ByteBuffer::allocateDirect
2025-10-13 12:38:39,574 [main] INFO  org.burningwave.core.Cache - (Cache.java:76) - Building cache
2025-10-13 12:38:39,593 [main] INFO  o.b.c.a.StaticComponentContainer - (StaticComponentContainer.java:443) - org.burningwave.core.assembler.StaticComponentContainer initialized in 0.082582 seconds
2025-10-13 12:38:40,377 [Worker-7: Loading available Gradle versions] INFO  o.e.b.c.i.u.g.PublishedGradleVersions - Gradle version information cache is up-to-date. Trying to read.
2025-10-13 12:41:24,874 [Burningwave - Resource releaser] INFO  o.b.c.a.StaticComponentContainer - (StaticComponentContainer.java:391) - ... Waiting for all tasks ending
2025-10-13 12:41:24,875 [Burningwave - Resource releaser] INFO  o.b.c.a.StaticComponentContainer - (StaticComponentContainer.java:397) - Closing all component containers
2025-10-13 12:41:24,877 [Burningwave - Resource releaser] INFO  o.b.c.a.StaticComponentContainer - (StaticComponentContainer.java:403) - Closing FileSystemHelper
2025-10-13 12:41:24,878 [Burningwave - Resource releaser] INFO  o.b.c.a.StaticComponentContainer - (StaticComponentContainer.java:409) - ... Waiting for all tasks ending before shutting down the BackgroundExecutor
2025-10-13 12:41:24,878 [Burningwave - Resource releaser] INFO  o.b.c.a.StaticComponentContainer - (StaticComponentContainer.java:414) - Shutting down BackgroundExecutor
2025-10-13 12:41:24,879 [Burningwave - Resource releaser] INFO  o.b.c.a.StaticComponentContainer - (StaticComponentContainer.java:420) - Stopping all threads monitoring thread
2025-10-13 12:41:24,879 [Burningwave - Resource releaser] INFO  o.b.c.a.StaticComponentContainer - (StaticComponentContainer.java:425) - Closing ThreadHolder
2025-10-13 12:41:24,879 [Burningwave - Resource releaser] INFO  o.b.c.a.StaticComponentContainer - (StaticComponentContainer.java:430) - Shutting down ThreadSupplier
2025-10-14 09:04:33,833 [main] INFO  o.b.c.a.StaticComponentContainer - (StaticComponentContainer.java:368) - Instantiated org.burningwave.core.SLF4JManagedLoggerRepository
2025-10-14 09:04:33,833 [main] INFO  o.b.c.a.StaticComponentContainer - (StaticComponentContainer.java:369) - 

	Configuration values for static components:

		background-executor.all-tasks-monitoring.enabled=\
			true
		background-executor.all-tasks-monitoring.interval=\
			30000
		background-executor.all-tasks-monitoring.logger.enabled=\
			false
		background-executor.all-tasks-monitoring.minimum-elapsed-time-to-consider-a-task-as-probable-dead-locked=\
			300000
		background-executor.all-tasks-monitoring.probable-dead-locked-tasks-handling.policy=\
			log only
		background-executor.queued-task-executor[0].name=\
			Low priority tasks
		background-executor.queued-task-executor[0].priority=\
			1
		background-executor.queued-task-executor[1].name=\
			Normal priority tasks
		background-executor.queued-task-executor[1].priority=\
			5
		background-executor.queued-task-executor[2].name=\
			High priority tasks
		background-executor.queued-task-executor[2].priority=\
			10
		background-executor.task-creation-tracking.enabled=\
			${background-executor.all-tasks-monitoring.enabled}
		banner.additonal-informations=\
			${Bundle-Vendor} ${Bundle-Name} ${Bundle-Version}
		banner.additonal-informations.retrieve-from-manifest-file-of=\
			Burningwave Core
		banner.file=\
			org/burningwave/banner.bwb
		banner.hide=\
			true
		buffer-handler.default-allocation-mode=\
			ByteBuffer::allocateDirect
		buffer-handler.default-buffer-size=\
			1024
		group-name-for-named-elements=\
			Burningwave
		iterable-object-helper.default-values-separator=\
			;
		iterable-object-helper.parallel-iteration.applicability.default-minimum-collection-size=\
			2
		iterable-object-helper.parallel-iteration.applicability.max-runtime-thread-count-threshold=\
			autodetect
		iterable-object-helper.parallel-iteration.applicability.output-collection-enabled-types=\
			java.util.concurrent.ConcurrentHashMap$CollectionView;\
			java.util.Collections$SynchronizedCollection;\
			java.util.concurrent.CopyOnWriteArrayList;\
			java.util.concurrent.CopyOnWriteArraySet;\
			java.util.concurrent.BlockingQueue;\
			java.util.concurrent.ConcurrentSkipListSet;\
			java.util.concurrent.ConcurrentSkipListMap$EntrySet;\
			java.util.concurrent.ConcurrentSkipListMap$KeySet;\
			java.util.concurrent.ConcurrentSkipListMap$Values;
		jvm.driver.init=\
			false
		managed-logger.repository=\
			autodetect
		managed-logger.repository.enabled=\
			true
		managed-logger.repository.logging.warn.disabled-for=\
			org.burningwave.core.assembler.ComponentContainer$ClassLoader;\
			org.burningwave.core.classes.MemoryClassLoader;\
			org.burningwave.core.classes.PathScannerClassLoader;
		modules.export-all-to-all=\
			true
		resource-releaser.enabled=\
			true
		synchronizer.all-threads-monitoring.enabled=\
			false
		synchronizer.all-threads-monitoring.interval=\
			90000
		thread-supplier.default-daemon-flag-value=\
			true
		thread-supplier.default-thread-priority=\
			5
		thread-supplier.max-detached-thread-count=\
			${thread-supplier.max-poolable-thread-count}
		thread-supplier.max-detached-thread-count.elapsed-time-threshold-from-last-increase-for-gradual-decreasing-to-initial-value=\
			30000
		thread-supplier.max-detached-thread-count.increasing-step=\
			autodetect
		thread-supplier.max-poolable-thread-count=\
			autodetect
		thread-supplier.poolable-thread-request-timeout=\
			6000


2025-10-14 09:04:33,847 [main] INFO  o.b.core.jvm.BufferHandler - (BufferHandler.java:127) - default buffer size: 1024 bytes
2025-10-14 09:04:33,847 [main] INFO  o.b.core.jvm.BufferHandler - (BufferHandler.java:141) - default allocation mode: ByteBuffer::allocateDirect
2025-10-14 09:04:33,849 [main] INFO  org.burningwave.core.Cache - (Cache.java:76) - Building cache
2025-10-14 09:04:33,883 [main] INFO  o.b.c.a.StaticComponentContainer - (StaticComponentContainer.java:443) - org.burningwave.core.assembler.StaticComponentContainer initialized in 0.1150815 seconds
2025-10-14 09:04:34,984 [Worker-7: Loading available Gradle versions] INFO  o.e.b.c.i.u.g.PublishedGradleVersions - Gradle version information cache is up-to-date. Trying to read.
2025-10-14 11:43:53,839 [Burningwave - Resource releaser] INFO  o.b.c.a.StaticComponentContainer - (StaticComponentContainer.java:391) - ... Waiting for all tasks ending
2025-10-14 11:43:53,840 [Burningwave - Resource releaser] INFO  o.b.c.a.StaticComponentContainer - (StaticComponentContainer.java:397) - Closing all component containers
2025-10-14 11:43:53,842 [Burningwave - Resource releaser] INFO  o.b.c.a.StaticComponentContainer - (StaticComponentContainer.java:403) - Closing FileSystemHelper
2025-10-14 11:43:53,843 [Burningwave - Resource releaser] INFO  o.b.c.a.StaticComponentContainer - (StaticComponentContainer.java:409) - ... Waiting for all tasks ending before shutting down the BackgroundExecutor
2025-10-14 11:43:53,843 [Burningwave - Resource releaser] INFO  o.b.c.a.StaticComponentContainer - (StaticComponentContainer.java:414) - Shutting down BackgroundExecutor
2025-10-14 11:43:53,844 [Burningwave - Resource releaser] INFO  o.b.c.a.StaticComponentContainer - (StaticComponentContainer.java:420) - Stopping all threads monitoring thread
2025-10-14 11:43:53,844 [Burningwave - Resource releaser] INFO  o.b.c.a.StaticComponentContainer - (StaticComponentContainer.java:425) - Closing ThreadHolder
2025-10-14 11:43:53,845 [Burningwave - Resource releaser] INFO  o.b.c.a.StaticComponentContainer - (StaticComponentContainer.java:430) - Shutting down ThreadSupplier
2025-10-14 11:44:27,425 [main] INFO  o.b.c.a.StaticComponentContainer - (StaticComponentContainer.java:368) - Instantiated org.burningwave.core.SLF4JManagedLoggerRepository
2025-10-14 11:44:27,426 [main] INFO  o.b.c.a.StaticComponentContainer - (StaticComponentContainer.java:369) - 

	Configuration values for static components:

		background-executor.all-tasks-monitoring.enabled=\
			true
		background-executor.all-tasks-monitoring.interval=\
			30000
		background-executor.all-tasks-monitoring.logger.enabled=\
			false
		background-executor.all-tasks-monitoring.minimum-elapsed-time-to-consider-a-task-as-probable-dead-locked=\
			300000
		background-executor.all-tasks-monitoring.probable-dead-locked-tasks-handling.policy=\
			log only
		background-executor.queued-task-executor[0].name=\
			Low priority tasks
		background-executor.queued-task-executor[0].priority=\
			1
		background-executor.queued-task-executor[1].name=\
			Normal priority tasks
		background-executor.queued-task-executor[1].priority=\
			5
		background-executor.queued-task-executor[2].name=\
			High priority tasks
		background-executor.queued-task-executor[2].priority=\
			10
		background-executor.task-creation-tracking.enabled=\
			${background-executor.all-tasks-monitoring.enabled}
		banner.additonal-informations=\
			${Bundle-Vendor} ${Bundle-Name} ${Bundle-Version}
		banner.additonal-informations.retrieve-from-manifest-file-of=\
			Burningwave Core
		banner.file=\
			org/burningwave/banner.bwb
		banner.hide=\
			true
		buffer-handler.default-allocation-mode=\
			ByteBuffer::allocateDirect
		buffer-handler.default-buffer-size=\
			1024
		group-name-for-named-elements=\
			Burningwave
		iterable-object-helper.default-values-separator=\
			;
		iterable-object-helper.parallel-iteration.applicability.default-minimum-collection-size=\
			2
		iterable-object-helper.parallel-iteration.applicability.max-runtime-thread-count-threshold=\
			autodetect
		iterable-object-helper.parallel-iteration.applicability.output-collection-enabled-types=\
			java.util.concurrent.ConcurrentHashMap$CollectionView;\
			java.util.Collections$SynchronizedCollection;\
			java.util.concurrent.CopyOnWriteArrayList;\
			java.util.concurrent.CopyOnWriteArraySet;\
			java.util.concurrent.BlockingQueue;\
			java.util.concurrent.ConcurrentSkipListSet;\
			java.util.concurrent.ConcurrentSkipListMap$EntrySet;\
			java.util.concurrent.ConcurrentSkipListMap$KeySet;\
			java.util.concurrent.ConcurrentSkipListMap$Values;
		jvm.driver.init=\
			false
		managed-logger.repository=\
			autodetect
		managed-logger.repository.enabled=\
			true
		managed-logger.repository.logging.warn.disabled-for=\
			org.burningwave.core.assembler.ComponentContainer$ClassLoader;\
			org.burningwave.core.classes.MemoryClassLoader;\
			org.burningwave.core.classes.PathScannerClassLoader;
		modules.export-all-to-all=\
			true
		resource-releaser.enabled=\
			true
		synchronizer.all-threads-monitoring.enabled=\
			false
		synchronizer.all-threads-monitoring.interval=\
			90000
		thread-supplier.default-daemon-flag-value=\
			true
		thread-supplier.default-thread-priority=\
			5
		thread-supplier.max-detached-thread-count=\
			${thread-supplier.max-poolable-thread-count}
		thread-supplier.max-detached-thread-count.elapsed-time-threshold-from-last-increase-for-gradual-decreasing-to-initial-value=\
			30000
		thread-supplier.max-detached-thread-count.increasing-step=\
			autodetect
		thread-supplier.max-poolable-thread-count=\
			autodetect
		thread-supplier.poolable-thread-request-timeout=\
			6000


2025-10-14 11:44:27,428 [main] INFO  o.b.core.jvm.BufferHandler - (BufferHandler.java:127) - default buffer size: 1024 bytes
2025-10-14 11:44:27,428 [main] INFO  o.b.core.jvm.BufferHandler - (BufferHandler.java:141) - default allocation mode: ByteBuffer::allocateDirect
2025-10-14 11:44:27,431 [main] INFO  org.burningwave.core.Cache - (Cache.java:76) - Building cache
2025-10-14 11:44:27,446 [main] INFO  o.b.c.a.StaticComponentContainer - (StaticComponentContainer.java:443) - org.burningwave.core.assembler.StaticComponentContainer initialized in 0.0769176 seconds
2025-10-14 11:44:28,329 [Worker-8: Loading available Gradle versions] INFO  o.e.b.c.i.u.g.PublishedGradleVersions - Gradle version information cache is out-of-date. Trying to update.
2025-10-14 12:32:47,613 [Burningwave - Resource releaser] INFO  o.b.c.a.StaticComponentContainer - (StaticComponentContainer.java:391) - ... Waiting for all tasks ending
2025-10-14 12:32:47,614 [Burningwave - Resource releaser] INFO  o.b.c.a.StaticComponentContainer - (StaticComponentContainer.java:397) - Closing all component containers
2025-10-14 12:32:47,616 [Burningwave - Resource releaser] INFO  o.b.c.a.StaticComponentContainer - (StaticComponentContainer.java:403) - Closing FileSystemHelper
2025-10-14 12:32:47,618 [Burningwave - Resource releaser] INFO  o.b.c.a.StaticComponentContainer - (StaticComponentContainer.java:409) - ... Waiting for all tasks ending before shutting down the BackgroundExecutor
2025-10-14 12:32:47,619 [Burningwave - Resource releaser] INFO  o.b.c.a.StaticComponentContainer - (StaticComponentContainer.java:414) - Shutting down BackgroundExecutor
2025-10-14 12:32:47,620 [Burningwave - Resource releaser] INFO  o.b.c.a.StaticComponentContainer - (StaticComponentContainer.java:420) - Stopping all threads monitoring thread
2025-10-14 12:32:47,620 [Burningwave - Resource releaser] INFO  o.b.c.a.StaticComponentContainer - (StaticComponentContainer.java:425) - Closing ThreadHolder
2025-10-14 12:32:47,621 [Burningwave - Resource releaser] INFO  o.b.c.a.StaticComponentContainer - (StaticComponentContainer.java:430) - Shutting down ThreadSupplier
2025-10-17 10:02:03,397 [main] INFO  o.b.c.a.StaticComponentContainer - (StaticComponentContainer.java:368) - Instantiated org.burningwave.core.SLF4JManagedLoggerRepository
2025-10-17 10:02:03,400 [main] INFO  o.b.c.a.StaticComponentContainer - (StaticComponentContainer.java:369) - 

	Configuration values for static components:

		background-executor.all-tasks-monitoring.enabled=\
			true
		background-executor.all-tasks-monitoring.interval=\
			30000
		background-executor.all-tasks-monitoring.logger.enabled=\
			false
		background-executor.all-tasks-monitoring.minimum-elapsed-time-to-consider-a-task-as-probable-dead-locked=\
			300000
		background-executor.all-tasks-monitoring.probable-dead-locked-tasks-handling.policy=\
			log only
		background-executor.queued-task-executor[0].name=\
			Low priority tasks
		background-executor.queued-task-executor[0].priority=\
			1
		background-executor.queued-task-executor[1].name=\
			Normal priority tasks
		background-executor.queued-task-executor[1].priority=\
			5
		background-executor.queued-task-executor[2].name=\
			High priority tasks
		background-executor.queued-task-executor[2].priority=\
			10
		background-executor.task-creation-tracking.enabled=\
			${background-executor.all-tasks-monitoring.enabled}
		banner.additonal-informations=\
			${Bundle-Vendor} ${Bundle-Name} ${Bundle-Version}
		banner.additonal-informations.retrieve-from-manifest-file-of=\
			Burningwave Core
		banner.file=\
			org/burningwave/banner.bwb
		banner.hide=\
			true
		buffer-handler.default-allocation-mode=\
			ByteBuffer::allocateDirect
		buffer-handler.default-buffer-size=\
			1024
		group-name-for-named-elements=\
			Burningwave
		iterable-object-helper.default-values-separator=\
			;
		iterable-object-helper.parallel-iteration.applicability.default-minimum-collection-size=\
			2
		iterable-object-helper.parallel-iteration.applicability.max-runtime-thread-count-threshold=\
			autodetect
		iterable-object-helper.parallel-iteration.applicability.output-collection-enabled-types=\
			java.util.concurrent.ConcurrentHashMap$CollectionView;\
			java.util.Collections$SynchronizedCollection;\
			java.util.concurrent.CopyOnWriteArrayList;\
			java.util.concurrent.CopyOnWriteArraySet;\
			java.util.concurrent.BlockingQueue;\
			java.util.concurrent.ConcurrentSkipListSet;\
			java.util.concurrent.ConcurrentSkipListMap$EntrySet;\
			java.util.concurrent.ConcurrentSkipListMap$KeySet;\
			java.util.concurrent.ConcurrentSkipListMap$Values;
		jvm.driver.init=\
			false
		managed-logger.repository=\
			autodetect
		managed-logger.repository.enabled=\
			true
		managed-logger.repository.logging.warn.disabled-for=\
			org.burningwave.core.assembler.ComponentContainer$ClassLoader;\
			org.burningwave.core.classes.MemoryClassLoader;\
			org.burningwave.core.classes.PathScannerClassLoader;
		modules.export-all-to-all=\
			true
		resource-releaser.enabled=\
			true
		synchronizer.all-threads-monitoring.enabled=\
			false
		synchronizer.all-threads-monitoring.interval=\
			90000
		thread-supplier.default-daemon-flag-value=\
			true
		thread-supplier.default-thread-priority=\
			5
		thread-supplier.max-detached-thread-count=\
			${thread-supplier.max-poolable-thread-count}
		thread-supplier.max-detached-thread-count.elapsed-time-threshold-from-last-increase-for-gradual-decreasing-to-initial-value=\
			30000
		thread-supplier.max-detached-thread-count.increasing-step=\
			autodetect
		thread-supplier.max-poolable-thread-count=\
			autodetect
		thread-supplier.poolable-thread-request-timeout=\
			6000


2025-10-17 10:02:03,401 [main] INFO  o.b.core.jvm.BufferHandler - (BufferHandler.java:127) - default buffer size: 1024 bytes
2025-10-17 10:02:03,402 [main] INFO  o.b.core.jvm.BufferHandler - (BufferHandler.java:141) - default allocation mode: ByteBuffer::allocateDirect
2025-10-17 10:02:03,404 [main] INFO  org.burningwave.core.Cache - (Cache.java:76) - Building cache
2025-10-17 10:02:03,419 [main] INFO  o.b.c.a.StaticComponentContainer - (StaticComponentContainer.java:443) - org.burningwave.core.assembler.StaticComponentContainer initialized in 0.0767801 seconds
2025-10-17 10:02:04,348 [Worker-2: Loading available Gradle versions] INFO  o.e.b.c.i.u.g.PublishedGradleVersions - Gradle version information cache is out-of-date. Trying to update.
2025-10-17 13:30:52,803 [Burningwave - Resource releaser] INFO  o.b.c.a.StaticComponentContainer - (StaticComponentContainer.java:391) - ... Waiting for all tasks ending
2025-10-17 13:30:52,806 [Burningwave - Resource releaser] INFO  o.b.c.a.StaticComponentContainer - (StaticComponentContainer.java:397) - Closing all component containers
2025-10-17 13:30:52,806 [Burningwave - Resource releaser] INFO  o.b.c.a.StaticComponentContainer - (StaticComponentContainer.java:403) - Closing FileSystemHelper
2025-10-17 13:30:52,806 [Burningwave - Resource releaser] INFO  o.b.c.a.StaticComponentContainer - (StaticComponentContainer.java:409) - ... Waiting for all tasks ending before shutting down the BackgroundExecutor
2025-10-17 13:30:52,806 [Burningwave - Resource releaser] INFO  o.b.c.a.StaticComponentContainer - (StaticComponentContainer.java:414) - Shutting down BackgroundExecutor
2025-10-17 13:30:52,806 [Burningwave - Resource releaser] INFO  o.b.c.a.StaticComponentContainer - (StaticComponentContainer.java:420) - Stopping all threads monitoring thread
2025-10-17 13:30:52,806 [Burningwave - Resource releaser] INFO  o.b.c.a.StaticComponentContainer - (StaticComponentContainer.java:425) - Closing ThreadHolder
2025-10-17 13:30:52,806 [Burningwave - Resource releaser] INFO  o.b.c.a.StaticComponentContainer - (StaticComponentContainer.java:430) - Shutting down ThreadSupplier
2025-10-20 09:06:06,562 [main] INFO  o.b.c.a.StaticComponentContainer - (StaticComponentContainer.java:368) - Instantiated org.burningwave.core.SLF4JManagedLoggerRepository
2025-10-20 09:06:06,562 [main] INFO  o.b.c.a.StaticComponentContainer - (StaticComponentContainer.java:369) - 

	Configuration values for static components:

		background-executor.all-tasks-monitoring.enabled=\
			true
		background-executor.all-tasks-monitoring.interval=\
			30000
		background-executor.all-tasks-monitoring.logger.enabled=\
			false
		background-executor.all-tasks-monitoring.minimum-elapsed-time-to-consider-a-task-as-probable-dead-locked=\
			300000
		background-executor.all-tasks-monitoring.probable-dead-locked-tasks-handling.policy=\
			log only
		background-executor.queued-task-executor[0].name=\
			Low priority tasks
		background-executor.queued-task-executor[0].priority=\
			1
		background-executor.queued-task-executor[1].name=\
			Normal priority tasks
		background-executor.queued-task-executor[1].priority=\
			5
		background-executor.queued-task-executor[2].name=\
			High priority tasks
		background-executor.queued-task-executor[2].priority=\
			10
		background-executor.task-creation-tracking.enabled=\
			${background-executor.all-tasks-monitoring.enabled}
		banner.additonal-informations=\
			${Bundle-Vendor} ${Bundle-Name} ${Bundle-Version}
		banner.additonal-informations.retrieve-from-manifest-file-of=\
			Burningwave Core
		banner.file=\
			org/burningwave/banner.bwb
		banner.hide=\
			true
		buffer-handler.default-allocation-mode=\
			ByteBuffer::allocateDirect
		buffer-handler.default-buffer-size=\
			1024
		group-name-for-named-elements=\
			Burningwave
		iterable-object-helper.default-values-separator=\
			;
		iterable-object-helper.parallel-iteration.applicability.default-minimum-collection-size=\
			2
		iterable-object-helper.parallel-iteration.applicability.max-runtime-thread-count-threshold=\
			autodetect
		iterable-object-helper.parallel-iteration.applicability.output-collection-enabled-types=\
			java.util.concurrent.ConcurrentHashMap$CollectionView;\
			java.util.Collections$SynchronizedCollection;\
			java.util.concurrent.CopyOnWriteArrayList;\
			java.util.concurrent.CopyOnWriteArraySet;\
			java.util.concurrent.BlockingQueue;\
			java.util.concurrent.ConcurrentSkipListSet;\
			java.util.concurrent.ConcurrentSkipListMap$EntrySet;\
			java.util.concurrent.ConcurrentSkipListMap$KeySet;\
			java.util.concurrent.ConcurrentSkipListMap$Values;
		jvm.driver.init=\
			false
		managed-logger.repository=\
			autodetect
		managed-logger.repository.enabled=\
			true
		managed-logger.repository.logging.warn.disabled-for=\
			org.burningwave.core.assembler.ComponentContainer$ClassLoader;\
			org.burningwave.core.classes.MemoryClassLoader;\
			org.burningwave.core.classes.PathScannerClassLoader;
		modules.export-all-to-all=\
			true
		resource-releaser.enabled=\
			true
		synchronizer.all-threads-monitoring.enabled=\
			false
		synchronizer.all-threads-monitoring.interval=\
			90000
		thread-supplier.default-daemon-flag-value=\
			true
		thread-supplier.default-thread-priority=\
			5
		thread-supplier.max-detached-thread-count=\
			${thread-supplier.max-poolable-thread-count}
		thread-supplier.max-detached-thread-count.elapsed-time-threshold-from-last-increase-for-gradual-decreasing-to-initial-value=\
			30000
		thread-supplier.max-detached-thread-count.increasing-step=\
			autodetect
		thread-supplier.max-poolable-thread-count=\
			autodetect
		thread-supplier.poolable-thread-request-timeout=\
			6000


2025-10-20 09:06:06,575 [main] INFO  o.b.core.jvm.BufferHandler - (BufferHandler.java:127) - default buffer size: 1024 bytes
2025-10-20 09:06:06,577 [main] INFO  o.b.core.jvm.BufferHandler - (BufferHandler.java:141) - default allocation mode: ByteBuffer::allocateDirect
2025-10-20 09:06:06,583 [main] INFO  org.burningwave.core.Cache - (Cache.java:76) - Building cache
2025-10-20 09:06:06,619 [main] INFO  o.b.c.a.StaticComponentContainer - (StaticComponentContainer.java:443) - org.burningwave.core.assembler.StaticComponentContainer initialized in 0.1885155 seconds
2025-10-20 09:06:08,795 [Worker-4: Loading available Gradle versions] INFO  o.e.b.c.i.u.g.PublishedGradleVersions - Gradle version information cache is out-of-date. Trying to update.
2025-10-20 09:25:08,240 [Burningwave - Resource releaser] INFO  o.b.c.a.StaticComponentContainer - (StaticComponentContainer.java:391) - ... Waiting for all tasks ending
2025-10-20 09:25:08,241 [Burningwave - Resource releaser] INFO  o.b.c.a.StaticComponentContainer - (StaticComponentContainer.java:397) - Closing all component containers
2025-10-20 09:25:08,243 [Burningwave - Resource releaser] INFO  o.b.c.a.StaticComponentContainer - (StaticComponentContainer.java:403) - Closing FileSystemHelper
2025-10-20 09:25:08,243 [Burningwave - Resource releaser] INFO  o.b.c.a.StaticComponentContainer - (StaticComponentContainer.java:409) - ... Waiting for all tasks ending before shutting down the BackgroundExecutor
2025-10-20 09:25:08,244 [Burningwave - Resource releaser] INFO  o.b.c.a.StaticComponentContainer - (StaticComponentContainer.java:414) - Shutting down BackgroundExecutor
2025-10-20 09:25:08,244 [Burningwave - Resource releaser] INFO  o.b.c.a.StaticComponentContainer - (StaticComponentContainer.java:420) - Stopping all threads monitoring thread
2025-10-20 09:25:08,244 [Burningwave - Resource releaser] INFO  o.b.c.a.StaticComponentContainer - (StaticComponentContainer.java:425) - Closing ThreadHolder
2025-10-20 09:25:08,245 [Burningwave - Resource releaser] INFO  o.b.c.a.StaticComponentContainer - (StaticComponentContainer.java:430) - Shutting down ThreadSupplier
2025-10-20 09:25:38,584 [main] INFO  o.b.c.a.StaticComponentContainer - (StaticComponentContainer.java:368) - Instantiated org.burningwave.core.SLF4JManagedLoggerRepository
2025-10-20 09:25:38,585 [main] INFO  o.b.c.a.StaticComponentContainer - (StaticComponentContainer.java:369) - 

	Configuration values for static components:

		background-executor.all-tasks-monitoring.enabled=\
			true
		background-executor.all-tasks-monitoring.interval=\
			30000
		background-executor.all-tasks-monitoring.logger.enabled=\
			false
		background-executor.all-tasks-monitoring.minimum-elapsed-time-to-consider-a-task-as-probable-dead-locked=\
			300000
		background-executor.all-tasks-monitoring.probable-dead-locked-tasks-handling.policy=\
			log only
		background-executor.queued-task-executor[0].name=\
			Low priority tasks
		background-executor.queued-task-executor[0].priority=\
			1
		background-executor.queued-task-executor[1].name=\
			Normal priority tasks
		background-executor.queued-task-executor[1].priority=\
			5
		background-executor.queued-task-executor[2].name=\
			High priority tasks
		background-executor.queued-task-executor[2].priority=\
			10
		background-executor.task-creation-tracking.enabled=\
			${background-executor.all-tasks-monitoring.enabled}
		banner.additonal-informations=\
			${Bundle-Vendor} ${Bundle-Name} ${Bundle-Version}
		banner.additonal-informations.retrieve-from-manifest-file-of=\
			Burningwave Core
		banner.file=\
			org/burningwave/banner.bwb
		banner.hide=\
			true
		buffer-handler.default-allocation-mode=\
			ByteBuffer::allocateDirect
		buffer-handler.default-buffer-size=\
			1024
		group-name-for-named-elements=\
			Burningwave
		iterable-object-helper.default-values-separator=\
			;
		iterable-object-helper.parallel-iteration.applicability.default-minimum-collection-size=\
			2
		iterable-object-helper.parallel-iteration.applicability.max-runtime-thread-count-threshold=\
			autodetect
		iterable-object-helper.parallel-iteration.applicability.output-collection-enabled-types=\
			java.util.concurrent.ConcurrentHashMap$CollectionView;\
			java.util.Collections$SynchronizedCollection;\
			java.util.concurrent.CopyOnWriteArrayList;\
			java.util.concurrent.CopyOnWriteArraySet;\
			java.util.concurrent.BlockingQueue;\
			java.util.concurrent.ConcurrentSkipListSet;\
			java.util.concurrent.ConcurrentSkipListMap$EntrySet;\
			java.util.concurrent.ConcurrentSkipListMap$KeySet;\
			java.util.concurrent.ConcurrentSkipListMap$Values;
		jvm.driver.init=\
			false
		managed-logger.repository=\
			autodetect
		managed-logger.repository.enabled=\
			true
		managed-logger.repository.logging.warn.disabled-for=\
			org.burningwave.core.assembler.ComponentContainer$ClassLoader;\
			org.burningwave.core.classes.MemoryClassLoader;\
			org.burningwave.core.classes.PathScannerClassLoader;
		modules.export-all-to-all=\
			true
		resource-releaser.enabled=\
			true
		synchronizer.all-threads-monitoring.enabled=\
			false
		synchronizer.all-threads-monitoring.interval=\
			90000
		thread-supplier.default-daemon-flag-value=\
			true
		thread-supplier.default-thread-priority=\
			5
		thread-supplier.max-detached-thread-count=\
			${thread-supplier.max-poolable-thread-count}
		thread-supplier.max-detached-thread-count.elapsed-time-threshold-from-last-increase-for-gradual-decreasing-to-initial-value=\
			30000
		thread-supplier.max-detached-thread-count.increasing-step=\
			autodetect
		thread-supplier.max-poolable-thread-count=\
			autodetect
		thread-supplier.poolable-thread-request-timeout=\
			6000


2025-10-20 09:25:38,587 [main] INFO  o.b.core.jvm.BufferHandler - (BufferHandler.java:127) - default buffer size: 1024 bytes
2025-10-20 09:25:38,587 [main] INFO  o.b.core.jvm.BufferHandler - (BufferHandler.java:141) - default allocation mode: ByteBuffer::allocateDirect
2025-10-20 09:25:38,589 [main] INFO  org.burningwave.core.Cache - (Cache.java:76) - Building cache
2025-10-20 09:25:38,602 [main] INFO  o.b.c.a.StaticComponentContainer - (StaticComponentContainer.java:443) - org.burningwave.core.assembler.StaticComponentContainer initialized in 0.0640006 seconds
2025-10-20 09:25:39,481 [Worker-8: Loading available Gradle versions] INFO  o.e.b.c.i.u.g.PublishedGradleVersions - Gradle version information cache is up-to-date. Trying to read.
2025-10-20 10:58:56,402 [Burningwave - Resource releaser] INFO  o.b.c.a.StaticComponentContainer - (StaticComponentContainer.java:391) - ... Waiting for all tasks ending
2025-10-20 10:58:56,403 [Burningwave - Resource releaser] INFO  o.b.c.a.StaticComponentContainer - (StaticComponentContainer.java:397) - Closing all component containers
2025-10-20 10:58:56,406 [Burningwave - Resource releaser] INFO  o.b.c.a.StaticComponentContainer - (StaticComponentContainer.java:403) - Closing FileSystemHelper
2025-10-20 10:58:56,408 [Burningwave - Resource releaser] INFO  o.b.c.a.StaticComponentContainer - (StaticComponentContainer.java:409) - ... Waiting for all tasks ending before shutting down the BackgroundExecutor
2025-10-20 10:58:56,408 [Burningwave - Resource releaser] INFO  o.b.c.a.StaticComponentContainer - (StaticComponentContainer.java:414) - Shutting down BackgroundExecutor
2025-10-20 10:58:56,409 [Burningwave - Resource releaser] INFO  o.b.c.a.StaticComponentContainer - (StaticComponentContainer.java:420) - Stopping all threads monitoring thread
2025-10-20 10:58:56,409 [Burningwave - Resource releaser] INFO  o.b.c.a.StaticComponentContainer - (StaticComponentContainer.java:425) - Closing ThreadHolder
2025-10-20 10:58:56,410 [Burningwave - Resource releaser] INFO  o.b.c.a.StaticComponentContainer - (StaticComponentContainer.java:430) - Shutting down ThreadSupplier
2025-10-21 09:04:11,621 [main] INFO  o.b.c.a.StaticComponentContainer - (StaticComponentContainer.java:368) - Instantiated org.burningwave.core.SLF4JManagedLoggerRepository
2025-10-21 09:04:11,627 [main] INFO  o.b.c.a.StaticComponentContainer - (StaticComponentContainer.java:369) - 

	Configuration values for static components:

		background-executor.all-tasks-monitoring.enabled=\
			true
		background-executor.all-tasks-monitoring.interval=\
			30000
		background-executor.all-tasks-monitoring.logger.enabled=\
			false
		background-executor.all-tasks-monitoring.minimum-elapsed-time-to-consider-a-task-as-probable-dead-locked=\
			300000
		background-executor.all-tasks-monitoring.probable-dead-locked-tasks-handling.policy=\
			log only
		background-executor.queued-task-executor[0].name=\
			Low priority tasks
		background-executor.queued-task-executor[0].priority=\
			1
		background-executor.queued-task-executor[1].name=\
			Normal priority tasks
		background-executor.queued-task-executor[1].priority=\
			5
		background-executor.queued-task-executor[2].name=\
			High priority tasks
		background-executor.queued-task-executor[2].priority=\
			10
		background-executor.task-creation-tracking.enabled=\
			${background-executor.all-tasks-monitoring.enabled}
		banner.additonal-informations=\
			${Bundle-Vendor} ${Bundle-Name} ${Bundle-Version}
		banner.additonal-informations.retrieve-from-manifest-file-of=\
			Burningwave Core
		banner.file=\
			org/burningwave/banner.bwb
		banner.hide=\
			true
		buffer-handler.default-allocation-mode=\
			ByteBuffer::allocateDirect
		buffer-handler.default-buffer-size=\
			1024
		group-name-for-named-elements=\
			Burningwave
		iterable-object-helper.default-values-separator=\
			;
		iterable-object-helper.parallel-iteration.applicability.default-minimum-collection-size=\
			2
		iterable-object-helper.parallel-iteration.applicability.max-runtime-thread-count-threshold=\
			autodetect
		iterable-object-helper.parallel-iteration.applicability.output-collection-enabled-types=\
			java.util.concurrent.ConcurrentHashMap$CollectionView;\
			java.util.Collections$SynchronizedCollection;\
			java.util.concurrent.CopyOnWriteArrayList;\
			java.util.concurrent.CopyOnWriteArraySet;\
			java.util.concurrent.BlockingQueue;\
			java.util.concurrent.ConcurrentSkipListSet;\
			java.util.concurrent.ConcurrentSkipListMap$EntrySet;\
			java.util.concurrent.ConcurrentSkipListMap$KeySet;\
			java.util.concurrent.ConcurrentSkipListMap$Values;
		jvm.driver.init=\
			false
		managed-logger.repository=\
			autodetect
		managed-logger.repository.enabled=\
			true
		managed-logger.repository.logging.warn.disabled-for=\
			org.burningwave.core.assembler.ComponentContainer$ClassLoader;\
			org.burningwave.core.classes.MemoryClassLoader;\
			org.burningwave.core.classes.PathScannerClassLoader;
		modules.export-all-to-all=\
			true
		resource-releaser.enabled=\
			true
		synchronizer.all-threads-monitoring.enabled=\
			false
		synchronizer.all-threads-monitoring.interval=\
			90000
		thread-supplier.default-daemon-flag-value=\
			true
		thread-supplier.default-thread-priority=\
			5
		thread-supplier.max-detached-thread-count=\
			${thread-supplier.max-poolable-thread-count}
		thread-supplier.max-detached-thread-count.elapsed-time-threshold-from-last-increase-for-gradual-decreasing-to-initial-value=\
			30000
		thread-supplier.max-detached-thread-count.increasing-step=\
			autodetect
		thread-supplier.max-poolable-thread-count=\
			autodetect
		thread-supplier.poolable-thread-request-timeout=\
			6000


2025-10-21 09:04:11,627 [main] INFO  o.b.core.jvm.BufferHandler - (BufferHandler.java:127) - default buffer size: 1024 bytes
2025-10-21 09:04:11,630 [main] INFO  o.b.core.jvm.BufferHandler - (BufferHandler.java:141) - default allocation mode: ByteBuffer::allocateDirect
2025-10-21 09:04:11,630 [main] INFO  org.burningwave.core.Cache - (Cache.java:76) - Building cache
2025-10-21 09:04:11,653 [main] INFO  o.b.c.a.StaticComponentContainer - (StaticComponentContainer.java:443) - org.burningwave.core.assembler.StaticComponentContainer initialized in 0.1028131 seconds
2025-10-21 09:04:14,726 [Worker-6: Loading available Gradle versions] INFO  o.e.b.c.i.u.g.PublishedGradleVersions - Gradle version information cache is up-to-date. Trying to read.
2025-10-21 12:32:34,413 [Burningwave - Resource releaser] INFO  o.b.c.a.StaticComponentContainer - (StaticComponentContainer.java:391) - ... Waiting for all tasks ending
2025-10-21 12:32:34,414 [Burningwave - Resource releaser] INFO  o.b.c.a.StaticComponentContainer - (StaticComponentContainer.java:397) - Closing all component containers
2025-10-21 12:32:34,416 [Burningwave - Resource releaser] INFO  o.b.c.a.StaticComponentContainer - (StaticComponentContainer.java:403) - Closing FileSystemHelper
2025-10-21 12:32:34,416 [Burningwave - Resource releaser] INFO  o.b.c.a.StaticComponentContainer - (StaticComponentContainer.java:409) - ... Waiting for all tasks ending before shutting down the BackgroundExecutor
2025-10-21 12:32:34,417 [Burningwave - Resource releaser] INFO  o.b.c.a.StaticComponentContainer - (StaticComponentContainer.java:414) - Shutting down BackgroundExecutor
2025-10-21 12:32:34,417 [Burningwave - Resource releaser] INFO  o.b.c.a.StaticComponentContainer - (StaticComponentContainer.java:420) - Stopping all threads monitoring thread
2025-10-21 12:32:34,417 [Burningwave - Resource releaser] INFO  o.b.c.a.StaticComponentContainer - (StaticComponentContainer.java:425) - Closing ThreadHolder
2025-10-21 12:32:34,418 [Burningwave - Resource releaser] INFO  o.b.c.a.StaticComponentContainer - (StaticComponentContainer.java:430) - Shutting down ThreadSupplier
2025-10-21 13:46:56,147 [main] INFO  o.b.c.a.StaticComponentContainer - (StaticComponentContainer.java:368) - Instantiated org.burningwave.core.SLF4JManagedLoggerRepository
2025-10-21 13:46:56,149 [main] INFO  o.b.c.a.StaticComponentContainer - (StaticComponentContainer.java:369) - 

	Configuration values for static components:

		background-executor.all-tasks-monitoring.enabled=\
			true
		background-executor.all-tasks-monitoring.interval=\
			30000
		background-executor.all-tasks-monitoring.logger.enabled=\
			false
		background-executor.all-tasks-monitoring.minimum-elapsed-time-to-consider-a-task-as-probable-dead-locked=\
			300000
		background-executor.all-tasks-monitoring.probable-dead-locked-tasks-handling.policy=\
			log only
		background-executor.queued-task-executor[0].name=\
			Low priority tasks
		background-executor.queued-task-executor[0].priority=\
			1
		background-executor.queued-task-executor[1].name=\
			Normal priority tasks
		background-executor.queued-task-executor[1].priority=\
			5
		background-executor.queued-task-executor[2].name=\
			High priority tasks
		background-executor.queued-task-executor[2].priority=\
			10
		background-executor.task-creation-tracking.enabled=\
			${background-executor.all-tasks-monitoring.enabled}
		banner.additonal-informations=\
			${Bundle-Vendor} ${Bundle-Name} ${Bundle-Version}
		banner.additonal-informations.retrieve-from-manifest-file-of=\
			Burningwave Core
		banner.file=\
			org/burningwave/banner.bwb
		banner.hide=\
			true
		buffer-handler.default-allocation-mode=\
			ByteBuffer::allocateDirect
		buffer-handler.default-buffer-size=\
			1024
		group-name-for-named-elements=\
			Burningwave
		iterable-object-helper.default-values-separator=\
			;
		iterable-object-helper.parallel-iteration.applicability.default-minimum-collection-size=\
			2
		iterable-object-helper.parallel-iteration.applicability.max-runtime-thread-count-threshold=\
			autodetect
		iterable-object-helper.parallel-iteration.applicability.output-collection-enabled-types=\
			java.util.concurrent.ConcurrentHashMap$CollectionView;\
			java.util.Collections$SynchronizedCollection;\
			java.util.concurrent.CopyOnWriteArrayList;\
			java.util.concurrent.CopyOnWriteArraySet;\
			java.util.concurrent.BlockingQueue;\
			java.util.concurrent.ConcurrentSkipListSet;\
			java.util.concurrent.ConcurrentSkipListMap$EntrySet;\
			java.util.concurrent.ConcurrentSkipListMap$KeySet;\
			java.util.concurrent.ConcurrentSkipListMap$Values;
		jvm.driver.init=\
			false
		managed-logger.repository=\
			autodetect
		managed-logger.repository.enabled=\
			true
		managed-logger.repository.logging.warn.disabled-for=\
			org.burningwave.core.assembler.ComponentContainer$ClassLoader;\
			org.burningwave.core.classes.MemoryClassLoader;\
			org.burningwave.core.classes.PathScannerClassLoader;
		modules.export-all-to-all=\
			true
		resource-releaser.enabled=\
			true
		synchronizer.all-threads-monitoring.enabled=\
			false
		synchronizer.all-threads-monitoring.interval=\
			90000
		thread-supplier.default-daemon-flag-value=\
			true
		thread-supplier.default-thread-priority=\
			5
		thread-supplier.max-detached-thread-count=\
			${thread-supplier.max-poolable-thread-count}
		thread-supplier.max-detached-thread-count.elapsed-time-threshold-from-last-increase-for-gradual-decreasing-to-initial-value=\
			30000
		thread-supplier.max-detached-thread-count.increasing-step=\
			autodetect
		thread-supplier.max-poolable-thread-count=\
			autodetect
		thread-supplier.poolable-thread-request-timeout=\
			6000


2025-10-21 13:46:56,151 [main] INFO  o.b.core.jvm.BufferHandler - (BufferHandler.java:127) - default buffer size: 1024 bytes
2025-10-21 13:46:56,151 [main] INFO  o.b.core.jvm.BufferHandler - (BufferHandler.java:141) - default allocation mode: ByteBuffer::allocateDirect
2025-10-21 13:46:56,153 [main] INFO  org.burningwave.core.Cache - (Cache.java:76) - Building cache
2025-10-21 13:46:56,166 [main] INFO  o.b.c.a.StaticComponentContainer - (StaticComponentContainer.java:443) - org.burningwave.core.assembler.StaticComponentContainer initialized in 0.0641856 seconds
2025-10-21 13:46:58,388 [Worker-6: Loading available Gradle versions] INFO  o.e.b.c.i.u.g.PublishedGradleVersions - Gradle version information cache is out-of-date. Trying to update.
2025-10-21 13:49:02,110 [Burningwave - Resource releaser] INFO  o.b.c.a.StaticComponentContainer - (StaticComponentContainer.java:391) - ... Waiting for all tasks ending
2025-10-21 13:49:02,112 [Burningwave - Resource releaser] INFO  o.b.c.a.StaticComponentContainer - (StaticComponentContainer.java:397) - Closing all component containers
2025-10-21 13:49:02,113 [Burningwave - Resource releaser] INFO  o.b.c.a.StaticComponentContainer - (StaticComponentContainer.java:403) - Closing FileSystemHelper
2025-10-21 13:49:02,113 [Burningwave - Resource releaser] INFO  o.b.c.a.StaticComponentContainer - (StaticComponentContainer.java:409) - ... Waiting for all tasks ending before shutting down the BackgroundExecutor
2025-10-21 13:49:02,113 [Burningwave - Resource releaser] INFO  o.b.c.a.StaticComponentContainer - (StaticComponentContainer.java:414) - Shutting down BackgroundExecutor
2025-10-21 13:49:02,114 [Burningwave - Resource releaser] INFO  o.b.c.a.StaticComponentContainer - (StaticComponentContainer.java:420) - Stopping all threads monitoring thread
2025-10-21 13:49:02,114 [Burningwave - Resource releaser] INFO  o.b.c.a.StaticComponentContainer - (StaticComponentContainer.java:425) - Closing ThreadHolder
2025-10-21 13:49:02,114 [Burningwave - Resource releaser] INFO  o.b.c.a.StaticComponentContainer - (StaticComponentContainer.java:430) - Shutting down ThreadSupplier
2025-10-23 09:24:06,360 [main] INFO  o.b.c.a.StaticComponentContainer - (StaticComponentContainer.java:368) - Instantiated org.burningwave.core.SLF4JManagedLoggerRepository
2025-10-23 09:24:06,360 [main] INFO  o.b.c.a.StaticComponentContainer - (StaticComponentContainer.java:369) - 

	Configuration values for static components:

		background-executor.all-tasks-monitoring.enabled=\
			true
		background-executor.all-tasks-monitoring.interval=\
			30000
		background-executor.all-tasks-monitoring.logger.enabled=\
			false
		background-executor.all-tasks-monitoring.minimum-elapsed-time-to-consider-a-task-as-probable-dead-locked=\
			300000
		background-executor.all-tasks-monitoring.probable-dead-locked-tasks-handling.policy=\
			log only
		background-executor.queued-task-executor[0].name=\
			Low priority tasks
		background-executor.queued-task-executor[0].priority=\
			1
		background-executor.queued-task-executor[1].name=\
			Normal priority tasks
		background-executor.queued-task-executor[1].priority=\
			5
		background-executor.queued-task-executor[2].name=\
			High priority tasks
		background-executor.queued-task-executor[2].priority=\
			10
		background-executor.task-creation-tracking.enabled=\
			${background-executor.all-tasks-monitoring.enabled}
		banner.additonal-informations=\
			${Bundle-Vendor} ${Bundle-Name} ${Bundle-Version}
		banner.additonal-informations.retrieve-from-manifest-file-of=\
			Burningwave Core
		banner.file=\
			org/burningwave/banner.bwb
		banner.hide=\
			true
		buffer-handler.default-allocation-mode=\
			ByteBuffer::allocateDirect
		buffer-handler.default-buffer-size=\
			1024
		group-name-for-named-elements=\
			Burningwave
		iterable-object-helper.default-values-separator=\
			;
		iterable-object-helper.parallel-iteration.applicability.default-minimum-collection-size=\
			2
		iterable-object-helper.parallel-iteration.applicability.max-runtime-thread-count-threshold=\
			autodetect
		iterable-object-helper.parallel-iteration.applicability.output-collection-enabled-types=\
			java.util.concurrent.ConcurrentHashMap$CollectionView;\
			java.util.Collections$SynchronizedCollection;\
			java.util.concurrent.CopyOnWriteArrayList;\
			java.util.concurrent.CopyOnWriteArraySet;\
			java.util.concurrent.BlockingQueue;\
			java.util.concurrent.ConcurrentSkipListSet;\
			java.util.concurrent.ConcurrentSkipListMap$EntrySet;\
			java.util.concurrent.ConcurrentSkipListMap$KeySet;\
			java.util.concurrent.ConcurrentSkipListMap$Values;
		jvm.driver.init=\
			false
		managed-logger.repository=\
			autodetect
		managed-logger.repository.enabled=\
			true
		managed-logger.repository.logging.warn.disabled-for=\
			org.burningwave.core.assembler.ComponentContainer$ClassLoader;\
			org.burningwave.core.classes.MemoryClassLoader;\
			org.burningwave.core.classes.PathScannerClassLoader;
		modules.export-all-to-all=\
			true
		resource-releaser.enabled=\
			true
		synchronizer.all-threads-monitoring.enabled=\
			false
		synchronizer.all-threads-monitoring.interval=\
			90000
		thread-supplier.default-daemon-flag-value=\
			true
		thread-supplier.default-thread-priority=\
			5
		thread-supplier.max-detached-thread-count=\
			${thread-supplier.max-poolable-thread-count}
		thread-supplier.max-detached-thread-count.elapsed-time-threshold-from-last-increase-for-gradual-decreasing-to-initial-value=\
			30000
		thread-supplier.max-detached-thread-count.increasing-step=\
			autodetect
		thread-supplier.max-poolable-thread-count=\
			autodetect
		thread-supplier.poolable-thread-request-timeout=\
			6000


2025-10-23 09:24:06,364 [main] INFO  o.b.core.jvm.BufferHandler - (BufferHandler.java:127) - default buffer size: 1024 bytes
2025-10-23 09:24:06,364 [main] INFO  o.b.core.jvm.BufferHandler - (BufferHandler.java:141) - default allocation mode: ByteBuffer::allocateDirect
2025-10-23 09:24:06,364 [main] INFO  org.burningwave.core.Cache - (Cache.java:76) - Building cache
2025-10-23 09:24:06,380 [main] INFO  o.b.c.a.StaticComponentContainer - (StaticComponentContainer.java:443) - org.burningwave.core.assembler.StaticComponentContainer initialized in 0.0897603 seconds
2025-10-23 09:24:08,961 [Worker-2: Loading available Gradle versions] INFO  o.e.b.c.i.u.g.PublishedGradleVersions - Gradle version information cache is out-of-date. Trying to update.
2025-10-23 09:54:22,419 [Burningwave - Resource releaser] INFO  o.b.c.a.StaticComponentContainer - (StaticComponentContainer.java:391) - ... Waiting for all tasks ending
2025-10-23 09:54:22,421 [Burningwave - Resource releaser] INFO  o.b.c.a.StaticComponentContainer - (StaticComponentContainer.java:397) - Closing all component containers
2025-10-23 09:54:22,424 [Burningwave - Resource releaser] INFO  o.b.c.a.StaticComponentContainer - (StaticComponentContainer.java:403) - Closing FileSystemHelper
2025-10-23 09:54:22,426 [Burningwave - Resource releaser] INFO  o.b.c.a.StaticComponentContainer - (StaticComponentContainer.java:409) - ... Waiting for all tasks ending before shutting down the BackgroundExecutor
2025-10-23 09:54:22,426 [Burningwave - Resource releaser] INFO  o.b.c.a.StaticComponentContainer - (StaticComponentContainer.java:414) - Shutting down BackgroundExecutor
2025-10-23 09:54:22,427 [Burningwave - Resource releaser] INFO  o.b.c.a.StaticComponentContainer - (StaticComponentContainer.java:420) - Stopping all threads monitoring thread
2025-10-23 09:54:22,428 [Burningwave - Resource releaser] INFO  o.b.c.a.StaticComponentContainer - (StaticComponentContainer.java:425) - Closing ThreadHolder
2025-10-23 09:54:22,428 [Burningwave - Resource releaser] INFO  o.b.c.a.StaticComponentContainer - (StaticComponentContainer.java:430) - Shutting down ThreadSupplier
2025-10-24 10:06:50,207 [main] INFO  o.b.c.a.StaticComponentContainer - (StaticComponentContainer.java:368) - Instantiated org.burningwave.core.SLF4JManagedLoggerRepository
2025-10-24 10:06:50,210 [main] INFO  o.b.c.a.StaticComponentContainer - (StaticComponentContainer.java:369) - 

	Configuration values for static components:

		background-executor.all-tasks-monitoring.enabled=\
			true
		background-executor.all-tasks-monitoring.interval=\
			30000
		background-executor.all-tasks-monitoring.logger.enabled=\
			false
		background-executor.all-tasks-monitoring.minimum-elapsed-time-to-consider-a-task-as-probable-dead-locked=\
			300000
		background-executor.all-tasks-monitoring.probable-dead-locked-tasks-handling.policy=\
			log only
		background-executor.queued-task-executor[0].name=\
			Low priority tasks
		background-executor.queued-task-executor[0].priority=\
			1
		background-executor.queued-task-executor[1].name=\
			Normal priority tasks
		background-executor.queued-task-executor[1].priority=\
			5
		background-executor.queued-task-executor[2].name=\
			High priority tasks
		background-executor.queued-task-executor[2].priority=\
			10
		background-executor.task-creation-tracking.enabled=\
			${background-executor.all-tasks-monitoring.enabled}
		banner.additonal-informations=\
			${Bundle-Vendor} ${Bundle-Name} ${Bundle-Version}
		banner.additonal-informations.retrieve-from-manifest-file-of=\
			Burningwave Core
		banner.file=\
			org/burningwave/banner.bwb
		banner.hide=\
			true
		buffer-handler.default-allocation-mode=\
			ByteBuffer::allocateDirect
		buffer-handler.default-buffer-size=\
			1024
		group-name-for-named-elements=\
			Burningwave
		iterable-object-helper.default-values-separator=\
			;
		iterable-object-helper.parallel-iteration.applicability.default-minimum-collection-size=\
			2
		iterable-object-helper.parallel-iteration.applicability.max-runtime-thread-count-threshold=\
			autodetect
		iterable-object-helper.parallel-iteration.applicability.output-collection-enabled-types=\
			java.util.concurrent.ConcurrentHashMap$CollectionView;\
			java.util.Collections$SynchronizedCollection;\
			java.util.concurrent.CopyOnWriteArrayList;\
			java.util.concurrent.CopyOnWriteArraySet;\
			java.util.concurrent.BlockingQueue;\
			java.util.concurrent.ConcurrentSkipListSet;\
			java.util.concurrent.ConcurrentSkipListMap$EntrySet;\
			java.util.concurrent.ConcurrentSkipListMap$KeySet;\
			java.util.concurrent.ConcurrentSkipListMap$Values;
		jvm.driver.init=\
			false
		managed-logger.repository=\
			autodetect
		managed-logger.repository.enabled=\
			true
		managed-logger.repository.logging.warn.disabled-for=\
			org.burningwave.core.assembler.ComponentContainer$ClassLoader;\
			org.burningwave.core.classes.MemoryClassLoader;\
			org.burningwave.core.classes.PathScannerClassLoader;
		modules.export-all-to-all=\
			true
		resource-releaser.enabled=\
			true
		synchronizer.all-threads-monitoring.enabled=\
			false
		synchronizer.all-threads-monitoring.interval=\
			90000
		thread-supplier.default-daemon-flag-value=\
			true
		thread-supplier.default-thread-priority=\
			5
		thread-supplier.max-detached-thread-count=\
			${thread-supplier.max-poolable-thread-count}
		thread-supplier.max-detached-thread-count.elapsed-time-threshold-from-last-increase-for-gradual-decreasing-to-initial-value=\
			30000
		thread-supplier.max-detached-thread-count.increasing-step=\
			autodetect
		thread-supplier.max-poolable-thread-count=\
			autodetect
		thread-supplier.poolable-thread-request-timeout=\
			6000


2025-10-24 10:06:50,213 [main] INFO  o.b.core.jvm.BufferHandler - (BufferHandler.java:127) - default buffer size: 1024 bytes
2025-10-24 10:06:50,216 [main] INFO  o.b.core.jvm.BufferHandler - (BufferHandler.java:141) - default allocation mode: ByteBuffer::allocateDirect
2025-10-24 10:06:50,219 [main] INFO  org.burningwave.core.Cache - (Cache.java:76) - Building cache
2025-10-24 10:06:50,240 [main] INFO  o.b.c.a.StaticComponentContainer - (StaticComponentContainer.java:443) - org.burningwave.core.assembler.StaticComponentContainer initialized in 0.1047678 seconds
2025-10-24 10:06:52,937 [Worker-4: Loading available Gradle versions] INFO  o.e.b.c.i.u.g.PublishedGradleVersions - Gradle version information cache is out-of-date. Trying to update.
2025-10-24 12:42:53,012 [Burningwave - Resource releaser] INFO  o.b.c.a.StaticComponentContainer - (StaticComponentContainer.java:391) - ... Waiting for all tasks ending
2025-10-24 12:42:53,013 [Burningwave - Resource releaser] INFO  o.b.c.a.StaticComponentContainer - (StaticComponentContainer.java:397) - Closing all component containers
2025-10-24 12:42:53,015 [Burningwave - Resource releaser] INFO  o.b.c.a.StaticComponentContainer - (StaticComponentContainer.java:403) - Closing FileSystemHelper
2025-10-24 12:42:53,016 [Burningwave - Resource releaser] INFO  o.b.c.a.StaticComponentContainer - (StaticComponentContainer.java:409) - ... Waiting for all tasks ending before shutting down the BackgroundExecutor
2025-10-24 12:42:53,016 [Burningwave - Resource releaser] INFO  o.b.c.a.StaticComponentContainer - (StaticComponentContainer.java:414) - Shutting down BackgroundExecutor
2025-10-24 12:42:53,017 [Burningwave - Resource releaser] INFO  o.b.c.a.StaticComponentContainer - (StaticComponentContainer.java:420) - Stopping all threads monitoring thread
2025-10-24 12:42:53,018 [Burningwave - Resource releaser] INFO  o.b.c.a.StaticComponentContainer - (StaticComponentContainer.java:425) - Closing ThreadHolder
2025-10-24 12:42:53,018 [Burningwave - Resource releaser] INFO  o.b.c.a.StaticComponentContainer - (StaticComponentContainer.java:430) - Shutting down ThreadSupplier
2025-10-24 12:43:01,168 [main] INFO  o.b.c.a.StaticComponentContainer - (StaticComponentContainer.java:368) - Instantiated org.burningwave.core.SLF4JManagedLoggerRepository
2025-10-24 12:43:01,169 [main] INFO  o.b.c.a.StaticComponentContainer - (StaticComponentContainer.java:369) - 

	Configuration values for static components:

		background-executor.all-tasks-monitoring.enabled=\
			true
		background-executor.all-tasks-monitoring.interval=\
			30000
		background-executor.all-tasks-monitoring.logger.enabled=\
			false
		background-executor.all-tasks-monitoring.minimum-elapsed-time-to-consider-a-task-as-probable-dead-locked=\
			300000
		background-executor.all-tasks-monitoring.probable-dead-locked-tasks-handling.policy=\
			log only
		background-executor.queued-task-executor[0].name=\
			Low priority tasks
		background-executor.queued-task-executor[0].priority=\
			1
		background-executor.queued-task-executor[1].name=\
			Normal priority tasks
		background-executor.queued-task-executor[1].priority=\
			5
		background-executor.queued-task-executor[2].name=\
			High priority tasks
		background-executor.queued-task-executor[2].priority=\
			10
		background-executor.task-creation-tracking.enabled=\
			${background-executor.all-tasks-monitoring.enabled}
		banner.additonal-informations=\
			${Bundle-Vendor} ${Bundle-Name} ${Bundle-Version}
		banner.additonal-informations.retrieve-from-manifest-file-of=\
			Burningwave Core
		banner.file=\
			org/burningwave/banner.bwb
		banner.hide=\
			true
		buffer-handler.default-allocation-mode=\
			ByteBuffer::allocateDirect
		buffer-handler.default-buffer-size=\
			1024
		group-name-for-named-elements=\
			Burningwave
		iterable-object-helper.default-values-separator=\
			;
		iterable-object-helper.parallel-iteration.applicability.default-minimum-collection-size=\
			2
		iterable-object-helper.parallel-iteration.applicability.max-runtime-thread-count-threshold=\
			autodetect
		iterable-object-helper.parallel-iteration.applicability.output-collection-enabled-types=\
			java.util.concurrent.ConcurrentHashMap$CollectionView;\
			java.util.Collections$SynchronizedCollection;\
			java.util.concurrent.CopyOnWriteArrayList;\
			java.util.concurrent.CopyOnWriteArraySet;\
			java.util.concurrent.BlockingQueue;\
			java.util.concurrent.ConcurrentSkipListSet;\
			java.util.concurrent.ConcurrentSkipListMap$EntrySet;\
			java.util.concurrent.ConcurrentSkipListMap$KeySet;\
			java.util.concurrent.ConcurrentSkipListMap$Values;
		jvm.driver.init=\
			false
		managed-logger.repository=\
			autodetect
		managed-logger.repository.enabled=\
			true
		managed-logger.repository.logging.warn.disabled-for=\
			org.burningwave.core.assembler.ComponentContainer$ClassLoader;\
			org.burningwave.core.classes.MemoryClassLoader;\
			org.burningwave.core.classes.PathScannerClassLoader;
		modules.export-all-to-all=\
			true
		resource-releaser.enabled=\
			true
		synchronizer.all-threads-monitoring.enabled=\
			false
		synchronizer.all-threads-monitoring.interval=\
			90000
		thread-supplier.default-daemon-flag-value=\
			true
		thread-supplier.default-thread-priority=\
			5
		thread-supplier.max-detached-thread-count=\
			${thread-supplier.max-poolable-thread-count}
		thread-supplier.max-detached-thread-count.elapsed-time-threshold-from-last-increase-for-gradual-decreasing-to-initial-value=\
			30000
		thread-supplier.max-detached-thread-count.increasing-step=\
			autodetect
		thread-supplier.max-poolable-thread-count=\
			autodetect
		thread-supplier.poolable-thread-request-timeout=\
			6000


2025-10-24 12:43:01,171 [main] INFO  o.b.core.jvm.BufferHandler - (BufferHandler.java:127) - default buffer size: 1024 bytes
2025-10-24 12:43:01,171 [main] INFO  o.b.core.jvm.BufferHandler - (BufferHandler.java:141) - default allocation mode: ByteBuffer::allocateDirect
2025-10-24 12:43:01,173 [main] INFO  org.burningwave.core.Cache - (Cache.java:76) - Building cache
2025-10-24 12:43:01,187 [main] INFO  o.b.c.a.StaticComponentContainer - (StaticComponentContainer.java:443) - org.burningwave.core.assembler.StaticComponentContainer initialized in 0.0808035 seconds
2025-10-24 12:43:03,295 [Worker-4: Loading available Gradle versions] INFO  o.e.b.c.i.u.g.PublishedGradleVersions - Gradle version information cache is up-to-date. Trying to read.
2025-10-24 12:51:17,319 [Burningwave - Resource releaser] INFO  o.b.c.a.StaticComponentContainer - (StaticComponentContainer.java:391) - ... Waiting for all tasks ending
2025-10-24 12:51:17,322 [Burningwave - Resource releaser] INFO  o.b.c.a.StaticComponentContainer - (StaticComponentContainer.java:397) - Closing all component containers
2025-10-24 12:51:17,324 [Burningwave - Resource releaser] INFO  o.b.c.a.StaticComponentContainer - (StaticComponentContainer.java:403) - Closing FileSystemHelper
2025-10-24 12:51:17,325 [Burningwave - Resource releaser] INFO  o.b.c.a.StaticComponentContainer - (StaticComponentContainer.java:409) - ... Waiting for all tasks ending before shutting down the BackgroundExecutor
2025-10-24 12:51:17,326 [Burningwave - Resource releaser] INFO  o.b.c.a.StaticComponentContainer - (StaticComponentContainer.java:414) - Shutting down BackgroundExecutor
2025-10-24 12:51:17,326 [Burningwave - Resource releaser] INFO  o.b.c.a.StaticComponentContainer - (StaticComponentContainer.java:420) - Stopping all threads monitoring thread
2025-10-24 12:51:17,327 [Burningwave - Resource releaser] INFO  o.b.c.a.StaticComponentContainer - (StaticComponentContainer.java:425) - Closing ThreadHolder
2025-10-24 12:51:17,327 [Burningwave - Resource releaser] INFO  o.b.c.a.StaticComponentContainer - (StaticComponentContainer.java:430) - Shutting down ThreadSupplier
2025-10-24 12:51:25,095 [main] INFO  o.b.c.a.StaticComponentContainer - (StaticComponentContainer.java:368) - Instantiated org.burningwave.core.SLF4JManagedLoggerRepository
2025-10-24 12:51:25,098 [main] INFO  o.b.c.a.StaticComponentContainer - (StaticComponentContainer.java:369) - 

	Configuration values for static components:

		background-executor.all-tasks-monitoring.enabled=\
			true
		background-executor.all-tasks-monitoring.interval=\
			30000
		background-executor.all-tasks-monitoring.logger.enabled=\
			false
		background-executor.all-tasks-monitoring.minimum-elapsed-time-to-consider-a-task-as-probable-dead-locked=\
			300000
		background-executor.all-tasks-monitoring.probable-dead-locked-tasks-handling.policy=\
			log only
		background-executor.queued-task-executor[0].name=\
			Low priority tasks
		background-executor.queued-task-executor[0].priority=\
			1
		background-executor.queued-task-executor[1].name=\
			Normal priority tasks
		background-executor.queued-task-executor[1].priority=\
			5
		background-executor.queued-task-executor[2].name=\
			High priority tasks
		background-executor.queued-task-executor[2].priority=\
			10
		background-executor.task-creation-tracking.enabled=\
			${background-executor.all-tasks-monitoring.enabled}
		banner.additonal-informations=\
			${Bundle-Vendor} ${Bundle-Name} ${Bundle-Version}
		banner.additonal-informations.retrieve-from-manifest-file-of=\
			Burningwave Core
		banner.file=\
			org/burningwave/banner.bwb
		banner.hide=\
			true
		buffer-handler.default-allocation-mode=\
			ByteBuffer::allocateDirect
		buffer-handler.default-buffer-size=\
			1024
		group-name-for-named-elements=\
			Burningwave
		iterable-object-helper.default-values-separator=\
			;
		iterable-object-helper.parallel-iteration.applicability.default-minimum-collection-size=\
			2
		iterable-object-helper.parallel-iteration.applicability.max-runtime-thread-count-threshold=\
			autodetect
		iterable-object-helper.parallel-iteration.applicability.output-collection-enabled-types=\
			java.util.concurrent.ConcurrentHashMap$CollectionView;\
			java.util.Collections$SynchronizedCollection;\
			java.util.concurrent.CopyOnWriteArrayList;\
			java.util.concurrent.CopyOnWriteArraySet;\
			java.util.concurrent.BlockingQueue;\
			java.util.concurrent.ConcurrentSkipListSet;\
			java.util.concurrent.ConcurrentSkipListMap$EntrySet;\
			java.util.concurrent.ConcurrentSkipListMap$KeySet;\
			java.util.concurrent.ConcurrentSkipListMap$Values;
		jvm.driver.init=\
			false
		managed-logger.repository=\
			autodetect
		managed-logger.repository.enabled=\
			true
		managed-logger.repository.logging.warn.disabled-for=\
			org.burningwave.core.assembler.ComponentContainer$ClassLoader;\
			org.burningwave.core.classes.MemoryClassLoader;\
			org.burningwave.core.classes.PathScannerClassLoader;
		modules.export-all-to-all=\
			true
		resource-releaser.enabled=\
			true
		synchronizer.all-threads-monitoring.enabled=\
			false
		synchronizer.all-threads-monitoring.interval=\
			90000
		thread-supplier.default-daemon-flag-value=\
			true
		thread-supplier.default-thread-priority=\
			5
		thread-supplier.max-detached-thread-count=\
			${thread-supplier.max-poolable-thread-count}
		thread-supplier.max-detached-thread-count.elapsed-time-threshold-from-last-increase-for-gradual-decreasing-to-initial-value=\
			30000
		thread-supplier.max-detached-thread-count.increasing-step=\
			autodetect
		thread-supplier.max-poolable-thread-count=\
			autodetect
		thread-supplier.poolable-thread-request-timeout=\
			6000


2025-10-24 12:51:25,099 [main] INFO  o.b.core.jvm.BufferHandler - (BufferHandler.java:127) - default buffer size: 1024 bytes
2025-10-24 12:51:25,100 [main] INFO  o.b.core.jvm.BufferHandler - (BufferHandler.java:141) - default allocation mode: ByteBuffer::allocateDirect
2025-10-24 12:51:25,102 [main] INFO  org.burningwave.core.Cache - (Cache.java:76) - Building cache
2025-10-24 12:51:25,119 [main] INFO  o.b.c.a.StaticComponentContainer - (StaticComponentContainer.java:443) - org.burningwave.core.assembler.StaticComponentContainer initialized in 0.0927218 seconds
2025-10-24 12:51:27,390 [Worker-7: Loading available Gradle versions] INFO  o.e.b.c.i.u.g.PublishedGradleVersions - Gradle version information cache is up-to-date. Trying to read.
2025-10-24 13:32:03,159 [Burningwave - Resource releaser] INFO  o.b.c.a.StaticComponentContainer - (StaticComponentContainer.java:391) - ... Waiting for all tasks ending
2025-10-24 13:32:03,161 [Burningwave - Resource releaser] INFO  o.b.c.a.StaticComponentContainer - (StaticComponentContainer.java:397) - Closing all component containers
2025-10-24 13:32:03,163 [Burningwave - Resource releaser] INFO  o.b.c.a.StaticComponentContainer - (StaticComponentContainer.java:403) - Closing FileSystemHelper
2025-10-24 13:32:03,164 [Burningwave - Resource releaser] INFO  o.b.c.a.StaticComponentContainer - (StaticComponentContainer.java:409) - ... Waiting for all tasks ending before shutting down the BackgroundExecutor
2025-10-24 13:32:03,165 [Burningwave - Resource releaser] INFO  o.b.c.a.StaticComponentContainer - (StaticComponentContainer.java:414) - Shutting down BackgroundExecutor
2025-10-24 13:32:03,166 [Burningwave - Resource releaser] INFO  o.b.c.a.StaticComponentContainer - (StaticComponentContainer.java:420) - Stopping all threads monitoring thread
2025-10-24 13:32:03,166 [Burningwave - Resource releaser] INFO  o.b.c.a.StaticComponentContainer - (StaticComponentContainer.java:425) - Closing ThreadHolder
2025-10-24 13:32:03,167 [Burningwave - Resource releaser] INFO  o.b.c.a.StaticComponentContainer - (StaticComponentContainer.java:430) - Shutting down ThreadSupplier
2025-10-27 09:06:03,286 [main] INFO  o.b.c.a.StaticComponentContainer - (StaticComponentContainer.java:368) - Instantiated org.burningwave.core.SLF4JManagedLoggerRepository
2025-10-27 09:06:03,289 [main] INFO  o.b.c.a.StaticComponentContainer - (StaticComponentContainer.java:369) - 

	Configuration values for static components:

		background-executor.all-tasks-monitoring.enabled=\
			true
		background-executor.all-tasks-monitoring.interval=\
			30000
		background-executor.all-tasks-monitoring.logger.enabled=\
			false
		background-executor.all-tasks-monitoring.minimum-elapsed-time-to-consider-a-task-as-probable-dead-locked=\
			300000
		background-executor.all-tasks-monitoring.probable-dead-locked-tasks-handling.policy=\
			log only
		background-executor.queued-task-executor[0].name=\
			Low priority tasks
		background-executor.queued-task-executor[0].priority=\
			1
		background-executor.queued-task-executor[1].name=\
			Normal priority tasks
		background-executor.queued-task-executor[1].priority=\
			5
		background-executor.queued-task-executor[2].name=\
			High priority tasks
		background-executor.queued-task-executor[2].priority=\
			10
		background-executor.task-creation-tracking.enabled=\
			${background-executor.all-tasks-monitoring.enabled}
		banner.additonal-informations=\
			${Bundle-Vendor} ${Bundle-Name} ${Bundle-Version}
		banner.additonal-informations.retrieve-from-manifest-file-of=\
			Burningwave Core
		banner.file=\
			org/burningwave/banner.bwb
		banner.hide=\
			true
		buffer-handler.default-allocation-mode=\
			ByteBuffer::allocateDirect
		buffer-handler.default-buffer-size=\
			1024
		group-name-for-named-elements=\
			Burningwave
		iterable-object-helper.default-values-separator=\
			;
		iterable-object-helper.parallel-iteration.applicability.default-minimum-collection-size=\
			2
		iterable-object-helper.parallel-iteration.applicability.max-runtime-thread-count-threshold=\
			autodetect
		iterable-object-helper.parallel-iteration.applicability.output-collection-enabled-types=\
			java.util.concurrent.ConcurrentHashMap$CollectionView;\
			java.util.Collections$SynchronizedCollection;\
			java.util.concurrent.CopyOnWriteArrayList;\
			java.util.concurrent.CopyOnWriteArraySet;\
			java.util.concurrent.BlockingQueue;\
			java.util.concurrent.ConcurrentSkipListSet;\
			java.util.concurrent.ConcurrentSkipListMap$EntrySet;\
			java.util.concurrent.ConcurrentSkipListMap$KeySet;\
			java.util.concurrent.ConcurrentSkipListMap$Values;
		jvm.driver.init=\
			false
		managed-logger.repository=\
			autodetect
		managed-logger.repository.enabled=\
			true
		managed-logger.repository.logging.warn.disabled-for=\
			org.burningwave.core.assembler.ComponentContainer$ClassLoader;\
			org.burningwave.core.classes.MemoryClassLoader;\
			org.burningwave.core.classes.PathScannerClassLoader;
		modules.export-all-to-all=\
			true
		resource-releaser.enabled=\
			true
		synchronizer.all-threads-monitoring.enabled=\
			false
		synchronizer.all-threads-monitoring.interval=\
			90000
		thread-supplier.default-daemon-flag-value=\
			true
		thread-supplier.default-thread-priority=\
			5
		thread-supplier.max-detached-thread-count=\
			${thread-supplier.max-poolable-thread-count}
		thread-supplier.max-detached-thread-count.elapsed-time-threshold-from-last-increase-for-gradual-decreasing-to-initial-value=\
			30000
		thread-supplier.max-detached-thread-count.increasing-step=\
			autodetect
		thread-supplier.max-poolable-thread-count=\
			autodetect
		thread-supplier.poolable-thread-request-timeout=\
			6000


2025-10-27 09:06:03,291 [main] INFO  o.b.core.jvm.BufferHandler - (BufferHandler.java:127) - default buffer size: 1024 bytes
2025-10-27 09:06:03,291 [main] INFO  o.b.core.jvm.BufferHandler - (BufferHandler.java:141) - default allocation mode: ByteBuffer::allocateDirect
2025-10-27 09:06:03,294 [main] INFO  org.burningwave.core.Cache - (Cache.java:76) - Building cache
2025-10-27 09:06:03,310 [main] INFO  o.b.c.a.StaticComponentContainer - (StaticComponentContainer.java:443) - org.burningwave.core.assembler.StaticComponentContainer initialized in 0.090957 seconds
2025-10-27 09:06:06,185 [Worker-7: Loading available Gradle versions] INFO  o.e.b.c.i.u.g.PublishedGradleVersions - Gradle version information cache is out-of-date. Trying to update.
2025-10-27 10:33:01,084 [Burningwave - Resource releaser] INFO  o.b.c.a.StaticComponentContainer - (StaticComponentContainer.java:391) - ... Waiting for all tasks ending
2025-10-27 10:33:01,084 [Burningwave - Resource releaser] INFO  o.b.c.a.StaticComponentContainer - (StaticComponentContainer.java:397) - Closing all component containers
2025-10-27 10:33:01,085 [Burningwave - Resource releaser] INFO  o.b.c.a.StaticComponentContainer - (StaticComponentContainer.java:403) - Closing FileSystemHelper
2025-10-27 10:33:01,086 [Burningwave - Resource releaser] INFO  o.b.c.a.StaticComponentContainer - (StaticComponentContainer.java:409) - ... Waiting for all tasks ending before shutting down the BackgroundExecutor
2025-10-27 10:33:01,086 [Burningwave - Resource releaser] INFO  o.b.c.a.StaticComponentContainer - (StaticComponentContainer.java:414) - Shutting down BackgroundExecutor
2025-10-27 10:33:01,086 [Burningwave - Resource releaser] INFO  o.b.c.a.StaticComponentContainer - (StaticComponentContainer.java:420) - Stopping all threads monitoring thread
2025-10-27 10:33:01,087 [Burningwave - Resource releaser] INFO  o.b.c.a.StaticComponentContainer - (StaticComponentContainer.java:425) - Closing ThreadHolder
2025-10-27 10:33:01,087 [Burningwave - Resource releaser] INFO  o.b.c.a.StaticComponentContainer - (StaticComponentContainer.java:430) - Shutting down ThreadSupplier
2025-10-31 09:20:19,406 [main] INFO  o.b.c.a.StaticComponentContainer - (StaticComponentContainer.java:368) - Instantiated org.burningwave.core.SLF4JManagedLoggerRepository
2025-10-31 09:20:19,411 [main] INFO  o.b.c.a.StaticComponentContainer - (StaticComponentContainer.java:369) - 

	Configuration values for static components:

		background-executor.all-tasks-monitoring.enabled=\
			true
		background-executor.all-tasks-monitoring.interval=\
			30000
		background-executor.all-tasks-monitoring.logger.enabled=\
			false
		background-executor.all-tasks-monitoring.minimum-elapsed-time-to-consider-a-task-as-probable-dead-locked=\
			300000
		background-executor.all-tasks-monitoring.probable-dead-locked-tasks-handling.policy=\
			log only
		background-executor.queued-task-executor[0].name=\
			Low priority tasks
		background-executor.queued-task-executor[0].priority=\
			1
		background-executor.queued-task-executor[1].name=\
			Normal priority tasks
		background-executor.queued-task-executor[1].priority=\
			5
		background-executor.queued-task-executor[2].name=\
			High priority tasks
		background-executor.queued-task-executor[2].priority=\
			10
		background-executor.task-creation-tracking.enabled=\
			${background-executor.all-tasks-monitoring.enabled}
		banner.additonal-informations=\
			${Bundle-Vendor} ${Bundle-Name} ${Bundle-Version}
		banner.additonal-informations.retrieve-from-manifest-file-of=\
			Burningwave Core
		banner.file=\
			org/burningwave/banner.bwb
		banner.hide=\
			true
		buffer-handler.default-allocation-mode=\
			ByteBuffer::allocateDirect
		buffer-handler.default-buffer-size=\
			1024
		group-name-for-named-elements=\
			Burningwave
		iterable-object-helper.default-values-separator=\
			;
		iterable-object-helper.parallel-iteration.applicability.default-minimum-collection-size=\
			2
		iterable-object-helper.parallel-iteration.applicability.max-runtime-thread-count-threshold=\
			autodetect
		iterable-object-helper.parallel-iteration.applicability.output-collection-enabled-types=\
			java.util.concurrent.ConcurrentHashMap$CollectionView;\
			java.util.Collections$SynchronizedCollection;\
			java.util.concurrent.CopyOnWriteArrayList;\
			java.util.concurrent.CopyOnWriteArraySet;\
			java.util.concurrent.BlockingQueue;\
			java.util.concurrent.ConcurrentSkipListSet;\
			java.util.concurrent.ConcurrentSkipListMap$EntrySet;\
			java.util.concurrent.ConcurrentSkipListMap$KeySet;\
			java.util.concurrent.ConcurrentSkipListMap$Values;
		jvm.driver.init=\
			false
		managed-logger.repository=\
			autodetect
		managed-logger.repository.enabled=\
			true
		managed-logger.repository.logging.warn.disabled-for=\
			org.burningwave.core.assembler.ComponentContainer$ClassLoader;\
			org.burningwave.core.classes.MemoryClassLoader;\
			org.burningwave.core.classes.PathScannerClassLoader;
		modules.export-all-to-all=\
			true
		resource-releaser.enabled=\
			true
		synchronizer.all-threads-monitoring.enabled=\
			false
		synchronizer.all-threads-monitoring.interval=\
			90000
		thread-supplier.default-daemon-flag-value=\
			true
		thread-supplier.default-thread-priority=\
			5
		thread-supplier.max-detached-thread-count=\
			${thread-supplier.max-poolable-thread-count}
		thread-supplier.max-detached-thread-count.elapsed-time-threshold-from-last-increase-for-gradual-decreasing-to-initial-value=\
			30000
		thread-supplier.max-detached-thread-count.increasing-step=\
			autodetect
		thread-supplier.max-poolable-thread-count=\
			autodetect
		thread-supplier.poolable-thread-request-timeout=\
			6000


2025-10-31 09:20:19,411 [main] INFO  o.b.core.jvm.BufferHandler - (BufferHandler.java:127) - default buffer size: 1024 bytes
2025-10-31 09:20:19,411 [main] INFO  o.b.core.jvm.BufferHandler - (BufferHandler.java:141) - default allocation mode: ByteBuffer::allocateDirect
2025-10-31 09:20:19,419 [main] INFO  org.burningwave.core.Cache - (Cache.java:76) - Building cache
2025-10-31 09:20:19,435 [main] INFO  o.b.c.a.StaticComponentContainer - (StaticComponentContainer.java:443) - org.burningwave.core.assembler.StaticComponentContainer initialized in 0.0870336 seconds
2025-10-31 09:20:22,368 [Worker-4: Loading available Gradle versions] INFO  o.e.b.c.i.u.g.PublishedGradleVersions - Gradle version information cache is out-of-date. Trying to update.
2025-10-31 10:19:25,772 [Burningwave - Resource releaser] INFO  o.b.c.a.StaticComponentContainer - (StaticComponentContainer.java:391) - ... Waiting for all tasks ending
2025-10-31 10:19:25,773 [Burningwave - Resource releaser] INFO  o.b.c.a.StaticComponentContainer - (StaticComponentContainer.java:397) - Closing all component containers
2025-10-31 10:19:25,775 [Burningwave - Resource releaser] INFO  o.b.c.a.StaticComponentContainer - (StaticComponentContainer.java:403) - Closing FileSystemHelper
2025-10-31 10:19:25,777 [Burningwave - Resource releaser] INFO  o.b.c.a.StaticComponentContainer - (StaticComponentContainer.java:409) - ... Waiting for all tasks ending before shutting down the BackgroundExecutor
2025-10-31 10:19:25,778 [Burningwave - Resource releaser] INFO  o.b.c.a.StaticComponentContainer - (StaticComponentContainer.java:414) - Shutting down BackgroundExecutor
2025-10-31 10:19:25,779 [Burningwave - Resource releaser] INFO  o.b.c.a.StaticComponentContainer - (StaticComponentContainer.java:420) - Stopping all threads monitoring thread
2025-10-31 10:19:25,779 [Burningwave - Resource releaser] INFO  o.b.c.a.StaticComponentContainer - (StaticComponentContainer.java:425) - Closing ThreadHolder
2025-10-31 10:19:25,780 [Burningwave - Resource releaser] INFO  o.b.c.a.StaticComponentContainer - (StaticComponentContainer.java:430) - Shutting down ThreadSupplier
2025-10-31 10:19:33,018 [Worker-6: Loading available Gradle versions] INFO  o.e.b.c.i.u.g.PublishedGradleVersions - Gradle version information cache is up-to-date. Trying to read.
2025-10-31 10:19:59,266 [main] INFO  o.b.c.a.StaticComponentContainer - (StaticComponentContainer.java:368) - Instantiated org.burningwave.core.SLF4JManagedLoggerRepository
2025-10-31 10:19:59,267 [main] INFO  o.b.c.a.StaticComponentContainer - (StaticComponentContainer.java:369) - 

	Configuration values for static components:

		background-executor.all-tasks-monitoring.enabled=\
			true
		background-executor.all-tasks-monitoring.interval=\
			30000
		background-executor.all-tasks-monitoring.logger.enabled=\
			false
		background-executor.all-tasks-monitoring.minimum-elapsed-time-to-consider-a-task-as-probable-dead-locked=\
			300000
		background-executor.all-tasks-monitoring.probable-dead-locked-tasks-handling.policy=\
			log only
		background-executor.queued-task-executor[0].name=\
			Low priority tasks
		background-executor.queued-task-executor[0].priority=\
			1
		background-executor.queued-task-executor[1].name=\
			Normal priority tasks
		background-executor.queued-task-executor[1].priority=\
			5
		background-executor.queued-task-executor[2].name=\
			High priority tasks
		background-executor.queued-task-executor[2].priority=\
			10
		background-executor.task-creation-tracking.enabled=\
			${background-executor.all-tasks-monitoring.enabled}
		banner.additonal-informations=\
			${Bundle-Vendor} ${Bundle-Name} ${Bundle-Version}
		banner.additonal-informations.retrieve-from-manifest-file-of=\
			Burningwave Core
		banner.file=\
			org/burningwave/banner.bwb
		banner.hide=\
			true
		buffer-handler.default-allocation-mode=\
			ByteBuffer::allocateDirect
		buffer-handler.default-buffer-size=\
			1024
		group-name-for-named-elements=\
			Burningwave
		iterable-object-helper.default-values-separator=\
			;
		iterable-object-helper.parallel-iteration.applicability.default-minimum-collection-size=\
			2
		iterable-object-helper.parallel-iteration.applicability.max-runtime-thread-count-threshold=\
			autodetect
		iterable-object-helper.parallel-iteration.applicability.output-collection-enabled-types=\
			java.util.concurrent.ConcurrentHashMap$CollectionView;\
			java.util.Collections$SynchronizedCollection;\
			java.util.concurrent.CopyOnWriteArrayList;\
			java.util.concurrent.CopyOnWriteArraySet;\
			java.util.concurrent.BlockingQueue;\
			java.util.concurrent.ConcurrentSkipListSet;\
			java.util.concurrent.ConcurrentSkipListMap$EntrySet;\
			java.util.concurrent.ConcurrentSkipListMap$KeySet;\
			java.util.concurrent.ConcurrentSkipListMap$Values;
		jvm.driver.init=\
			false
		managed-logger.repository=\
			autodetect
		managed-logger.repository.enabled=\
			true
		managed-logger.repository.logging.warn.disabled-for=\
			org.burningwave.core.assembler.ComponentContainer$ClassLoader;\
			org.burningwave.core.classes.MemoryClassLoader;\
			org.burningwave.core.classes.PathScannerClassLoader;
		modules.export-all-to-all=\
			true
		resource-releaser.enabled=\
			true
		synchronizer.all-threads-monitoring.enabled=\
			false
		synchronizer.all-threads-monitoring.interval=\
			90000
		thread-supplier.default-daemon-flag-value=\
			true
		thread-supplier.default-thread-priority=\
			5
		thread-supplier.max-detached-thread-count=\
			${thread-supplier.max-poolable-thread-count}
		thread-supplier.max-detached-thread-count.elapsed-time-threshold-from-last-increase-for-gradual-decreasing-to-initial-value=\
			30000
		thread-supplier.max-detached-thread-count.increasing-step=\
			autodetect
		thread-supplier.max-poolable-thread-count=\
			autodetect
		thread-supplier.poolable-thread-request-timeout=\
			6000


2025-10-31 10:19:59,269 [main] INFO  o.b.core.jvm.BufferHandler - (BufferHandler.java:127) - default buffer size: 1024 bytes
2025-10-31 10:19:59,270 [main] INFO  o.b.core.jvm.BufferHandler - (BufferHandler.java:141) - default allocation mode: ByteBuffer::allocateDirect
2025-10-31 10:19:59,273 [main] INFO  org.burningwave.core.Cache - (Cache.java:76) - Building cache
2025-10-31 10:19:59,291 [main] INFO  o.b.c.a.StaticComponentContainer - (StaticComponentContainer.java:443) - org.burningwave.core.assembler.StaticComponentContainer initialized in 0.0773281 seconds
2025-10-31 12:10:14,935 [Burningwave - Resource releaser] INFO  o.b.c.a.StaticComponentContainer - (StaticComponentContainer.java:391) - ... Waiting for all tasks ending
2025-10-31 12:10:14,935 [Burningwave - Resource releaser] INFO  o.b.c.a.StaticComponentContainer - (StaticComponentContainer.java:397) - Closing all component containers
2025-10-31 12:10:14,936 [Burningwave - Resource releaser] INFO  o.b.c.a.StaticComponentContainer - (StaticComponentContainer.java:403) - Closing FileSystemHelper
2025-10-31 12:10:14,937 [Burningwave - Resource releaser] INFO  o.b.c.a.StaticComponentContainer - (StaticComponentContainer.java:409) - ... Waiting for all tasks ending before shutting down the BackgroundExecutor
2025-10-31 12:10:14,937 [Burningwave - Resource releaser] INFO  o.b.c.a.StaticComponentContainer - (StaticComponentContainer.java:414) - Shutting down BackgroundExecutor
2025-10-31 12:10:14,937 [Burningwave - Resource releaser] INFO  o.b.c.a.StaticComponentContainer - (StaticComponentContainer.java:420) - Stopping all threads monitoring thread
2025-10-31 12:10:14,938 [Burningwave - Resource releaser] INFO  o.b.c.a.StaticComponentContainer - (StaticComponentContainer.java:425) - Closing ThreadHolder
2025-10-31 12:10:14,938 [Burningwave - Resource releaser] INFO  o.b.c.a.StaticComponentContainer - (StaticComponentContainer.java:430) - Shutting down ThreadSupplier
2025-10-31 12:12:58,541 [main] INFO  o.b.c.a.StaticComponentContainer - (StaticComponentContainer.java:368) - Instantiated org.burningwave.core.SLF4JManagedLoggerRepository
2025-10-31 12:12:58,542 [main] INFO  o.b.c.a.StaticComponentContainer - (StaticComponentContainer.java:369) - 

	Configuration values for static components:

		background-executor.all-tasks-monitoring.enabled=\
			true
		background-executor.all-tasks-monitoring.interval=\
			30000
		background-executor.all-tasks-monitoring.logger.enabled=\
			false
		background-executor.all-tasks-monitoring.minimum-elapsed-time-to-consider-a-task-as-probable-dead-locked=\
			300000
		background-executor.all-tasks-monitoring.probable-dead-locked-tasks-handling.policy=\
			log only
		background-executor.queued-task-executor[0].name=\
			Low priority tasks
		background-executor.queued-task-executor[0].priority=\
			1
		background-executor.queued-task-executor[1].name=\
			Normal priority tasks
		background-executor.queued-task-executor[1].priority=\
			5
		background-executor.queued-task-executor[2].name=\
			High priority tasks
		background-executor.queued-task-executor[2].priority=\
			10
		background-executor.task-creation-tracking.enabled=\
			${background-executor.all-tasks-monitoring.enabled}
		banner.additonal-informations=\
			${Bundle-Vendor} ${Bundle-Name} ${Bundle-Version}
		banner.additonal-informations.retrieve-from-manifest-file-of=\
			Burningwave Core
		banner.file=\
			org/burningwave/banner.bwb
		banner.hide=\
			true
		buffer-handler.default-allocation-mode=\
			ByteBuffer::allocateDirect
		buffer-handler.default-buffer-size=\
			1024
		group-name-for-named-elements=\
			Burningwave
		iterable-object-helper.default-values-separator=\
			;
		iterable-object-helper.parallel-iteration.applicability.default-minimum-collection-size=\
			2
		iterable-object-helper.parallel-iteration.applicability.max-runtime-thread-count-threshold=\
			autodetect
		iterable-object-helper.parallel-iteration.applicability.output-collection-enabled-types=\
			java.util.concurrent.ConcurrentHashMap$CollectionView;\
			java.util.Collections$SynchronizedCollection;\
			java.util.concurrent.CopyOnWriteArrayList;\
			java.util.concurrent.CopyOnWriteArraySet;\
			java.util.concurrent.BlockingQueue;\
			java.util.concurrent.ConcurrentSkipListSet;\
			java.util.concurrent.ConcurrentSkipListMap$EntrySet;\
			java.util.concurrent.ConcurrentSkipListMap$KeySet;\
			java.util.concurrent.ConcurrentSkipListMap$Values;
		jvm.driver.init=\
			false
		managed-logger.repository=\
			autodetect
		managed-logger.repository.enabled=\
			true
		managed-logger.repository.logging.warn.disabled-for=\
			org.burningwave.core.assembler.ComponentContainer$ClassLoader;\
			org.burningwave.core.classes.MemoryClassLoader;\
			org.burningwave.core.classes.PathScannerClassLoader;
		modules.export-all-to-all=\
			true
		resource-releaser.enabled=\
			true
		synchronizer.all-threads-monitoring.enabled=\
			false
		synchronizer.all-threads-monitoring.interval=\
			90000
		thread-supplier.default-daemon-flag-value=\
			true
		thread-supplier.default-thread-priority=\
			5
		thread-supplier.max-detached-thread-count=\
			${thread-supplier.max-poolable-thread-count}
		thread-supplier.max-detached-thread-count.elapsed-time-threshold-from-last-increase-for-gradual-decreasing-to-initial-value=\
			30000
		thread-supplier.max-detached-thread-count.increasing-step=\
			autodetect
		thread-supplier.max-poolable-thread-count=\
			autodetect
		thread-supplier.poolable-thread-request-timeout=\
			6000


2025-10-31 12:12:58,544 [main] INFO  o.b.core.jvm.BufferHandler - (BufferHandler.java:127) - default buffer size: 1024 bytes
2025-10-31 12:12:58,544 [main] INFO  o.b.core.jvm.BufferHandler - (BufferHandler.java:141) - default allocation mode: ByteBuffer::allocateDirect
2025-10-31 12:12:58,546 [main] INFO  org.burningwave.core.Cache - (Cache.java:76) - Building cache
2025-10-31 12:12:58,562 [main] INFO  o.b.c.a.StaticComponentContainer - (StaticComponentContainer.java:443) - org.burningwave.core.assembler.StaticComponentContainer initialized in 0.0744648 seconds
2025-10-31 12:13:00,862 [Worker-4: Loading available Gradle versions] INFO  o.e.b.c.i.u.g.PublishedGradleVersions - Gradle version information cache is up-to-date. Trying to read.
2025-10-31 12:17:41,997 [Burningwave - Resource releaser] INFO  o.b.c.a.StaticComponentContainer - (StaticComponentContainer.java:391) - ... Waiting for all tasks ending
2025-10-31 12:17:41,999 [Burningwave - Resource releaser] INFO  o.b.c.a.StaticComponentContainer - (StaticComponentContainer.java:397) - Closing all component containers
2025-10-31 12:17:42,002 [Burningwave - Resource releaser] INFO  o.b.c.a.StaticComponentContainer - (StaticComponentContainer.java:403) - Closing FileSystemHelper
2025-10-31 12:17:42,003 [Burningwave - Resource releaser] INFO  o.b.c.a.StaticComponentContainer - (StaticComponentContainer.java:409) - ... Waiting for all tasks ending before shutting down the BackgroundExecutor
2025-10-31 12:17:42,003 [Burningwave - Resource releaser] INFO  o.b.c.a.StaticComponentContainer - (StaticComponentContainer.java:414) - Shutting down BackgroundExecutor
2025-10-31 12:17:42,004 [Burningwave - Resource releaser] INFO  o.b.c.a.StaticComponentContainer - (StaticComponentContainer.java:420) - Stopping all threads monitoring thread
2025-10-31 12:17:42,004 [Burningwave - Resource releaser] INFO  o.b.c.a.StaticComponentContainer - (StaticComponentContainer.java:425) - Closing ThreadHolder
2025-10-31 12:17:42,005 [Burningwave - Resource releaser] INFO  o.b.c.a.StaticComponentContainer - (StaticComponentContainer.java:430) - Shutting down ThreadSupplier
2025-10-31 12:56:33,068 [main] INFO  o.b.c.a.StaticComponentContainer - (StaticComponentContainer.java:368) - Instantiated org.burningwave.core.SLF4JManagedLoggerRepository
2025-10-31 12:56:33,069 [main] INFO  o.b.c.a.StaticComponentContainer - (StaticComponentContainer.java:369) - 

	Configuration values for static components:

		background-executor.all-tasks-monitoring.enabled=\
			true
		background-executor.all-tasks-monitoring.interval=\
			30000
		background-executor.all-tasks-monitoring.logger.enabled=\
			false
		background-executor.all-tasks-monitoring.minimum-elapsed-time-to-consider-a-task-as-probable-dead-locked=\
			300000
		background-executor.all-tasks-monitoring.probable-dead-locked-tasks-handling.policy=\
			log only
		background-executor.queued-task-executor[0].name=\
			Low priority tasks
		background-executor.queued-task-executor[0].priority=\
			1
		background-executor.queued-task-executor[1].name=\
			Normal priority tasks
		background-executor.queued-task-executor[1].priority=\
			5
		background-executor.queued-task-executor[2].name=\
			High priority tasks
		background-executor.queued-task-executor[2].priority=\
			10
		background-executor.task-creation-tracking.enabled=\
			${background-executor.all-tasks-monitoring.enabled}
		banner.additonal-informations=\
			${Bundle-Vendor} ${Bundle-Name} ${Bundle-Version}
		banner.additonal-informations.retrieve-from-manifest-file-of=\
			Burningwave Core
		banner.file=\
			org/burningwave/banner.bwb
		banner.hide=\
			true
		buffer-handler.default-allocation-mode=\
			ByteBuffer::allocateDirect
		buffer-handler.default-buffer-size=\
			1024
		group-name-for-named-elements=\
			Burningwave
		iterable-object-helper.default-values-separator=\
			;
		iterable-object-helper.parallel-iteration.applicability.default-minimum-collection-size=\
			2
		iterable-object-helper.parallel-iteration.applicability.max-runtime-thread-count-threshold=\
			autodetect
		iterable-object-helper.parallel-iteration.applicability.output-collection-enabled-types=\
			java.util.concurrent.ConcurrentHashMap$CollectionView;\
			java.util.Collections$SynchronizedCollection;\
			java.util.concurrent.CopyOnWriteArrayList;\
			java.util.concurrent.CopyOnWriteArraySet;\
			java.util.concurrent.BlockingQueue;\
			java.util.concurrent.ConcurrentSkipListSet;\
			java.util.concurrent.ConcurrentSkipListMap$EntrySet;\
			java.util.concurrent.ConcurrentSkipListMap$KeySet;\
			java.util.concurrent.ConcurrentSkipListMap$Values;
		jvm.driver.init=\
			false
		managed-logger.repository=\
			autodetect
		managed-logger.repository.enabled=\
			true
		managed-logger.repository.logging.warn.disabled-for=\
			org.burningwave.core.assembler.ComponentContainer$ClassLoader;\
			org.burningwave.core.classes.MemoryClassLoader;\
			org.burningwave.core.classes.PathScannerClassLoader;
		modules.export-all-to-all=\
			true
		resource-releaser.enabled=\
			true
		synchronizer.all-threads-monitoring.enabled=\
			false
		synchronizer.all-threads-monitoring.interval=\
			90000
		thread-supplier.default-daemon-flag-value=\
			true
		thread-supplier.default-thread-priority=\
			5
		thread-supplier.max-detached-thread-count=\
			${thread-supplier.max-poolable-thread-count}
		thread-supplier.max-detached-thread-count.elapsed-time-threshold-from-last-increase-for-gradual-decreasing-to-initial-value=\
			30000
		thread-supplier.max-detached-thread-count.increasing-step=\
			autodetect
		thread-supplier.max-poolable-thread-count=\
			autodetect
		thread-supplier.poolable-thread-request-timeout=\
			6000


2025-10-31 12:56:33,071 [main] INFO  o.b.core.jvm.BufferHandler - (BufferHandler.java:127) - default buffer size: 1024 bytes
2025-10-31 12:56:33,071 [main] INFO  o.b.core.jvm.BufferHandler - (BufferHandler.java:141) - default allocation mode: ByteBuffer::allocateDirect
2025-10-31 12:56:33,073 [main] INFO  org.burningwave.core.Cache - (Cache.java:76) - Building cache
2025-10-31 12:56:33,091 [main] INFO  o.b.c.a.StaticComponentContainer - (StaticComponentContainer.java:443) - org.burningwave.core.assembler.StaticComponentContainer initialized in 0.0699008 seconds
2025-10-31 12:56:35,192 [Worker-6: Loading available Gradle versions] INFO  o.e.b.c.i.u.g.PublishedGradleVersions - Gradle version information cache is up-to-date. Trying to read.
2025-10-31 13:28:43,242 [Burningwave - Resource releaser] INFO  o.b.c.a.StaticComponentContainer - (StaticComponentContainer.java:391) - ... Waiting for all tasks ending
2025-10-31 13:28:43,243 [Burningwave - Resource releaser] INFO  o.b.c.a.StaticComponentContainer - (StaticComponentContainer.java:397) - Closing all component containers
2025-10-31 13:28:43,246 [Burningwave - Resource releaser] INFO  o.b.c.a.StaticComponentContainer - (StaticComponentContainer.java:403) - Closing FileSystemHelper
2025-10-31 13:28:43,246 [Burningwave - Resource releaser] INFO  o.b.c.a.StaticComponentContainer - (StaticComponentContainer.java:409) - ... Waiting for all tasks ending before shutting down the BackgroundExecutor
2025-10-31 13:28:43,247 [Burningwave - Resource releaser] INFO  o.b.c.a.StaticComponentContainer - (StaticComponentContainer.java:414) - Shutting down BackgroundExecutor
2025-10-31 13:28:43,248 [Burningwave - Resource releaser] INFO  o.b.c.a.StaticComponentContainer - (StaticComponentContainer.java:420) - Stopping all threads monitoring thread
2025-10-31 13:28:43,248 [Burningwave - Resource releaser] INFO  o.b.c.a.StaticComponentContainer - (StaticComponentContainer.java:425) - Closing ThreadHolder
2025-10-31 13:28:43,249 [Burningwave - Resource releaser] INFO  o.b.c.a.StaticComponentContainer - (StaticComponentContainer.java:430) - Shutting down ThreadSupplier
2025-11-03 09:15:39,434 [main] INFO  o.b.c.a.StaticComponentContainer - (StaticComponentContainer.java:368) - Instantiated org.burningwave.core.SLF4JManagedLoggerRepository
2025-11-03 09:15:39,437 [main] INFO  o.b.c.a.StaticComponentContainer - (StaticComponentContainer.java:369) - 

	Configuration values for static components:

		background-executor.all-tasks-monitoring.enabled=\
			true
		background-executor.all-tasks-monitoring.interval=\
			30000
		background-executor.all-tasks-monitoring.logger.enabled=\
			false
		background-executor.all-tasks-monitoring.minimum-elapsed-time-to-consider-a-task-as-probable-dead-locked=\
			300000
		background-executor.all-tasks-monitoring.probable-dead-locked-tasks-handling.policy=\
			log only
		background-executor.queued-task-executor[0].name=\
			Low priority tasks
		background-executor.queued-task-executor[0].priority=\
			1
		background-executor.queued-task-executor[1].name=\
			Normal priority tasks
		background-executor.queued-task-executor[1].priority=\
			5
		background-executor.queued-task-executor[2].name=\
			High priority tasks
		background-executor.queued-task-executor[2].priority=\
			10
		background-executor.task-creation-tracking.enabled=\
			${background-executor.all-tasks-monitoring.enabled}
		banner.additonal-informations=\
			${Bundle-Vendor} ${Bundle-Name} ${Bundle-Version}
		banner.additonal-informations.retrieve-from-manifest-file-of=\
			Burningwave Core
		banner.file=\
			org/burningwave/banner.bwb
		banner.hide=\
			true
		buffer-handler.default-allocation-mode=\
			ByteBuffer::allocateDirect
		buffer-handler.default-buffer-size=\
			1024
		group-name-for-named-elements=\
			Burningwave
		iterable-object-helper.default-values-separator=\
			;
		iterable-object-helper.parallel-iteration.applicability.default-minimum-collection-size=\
			2
		iterable-object-helper.parallel-iteration.applicability.max-runtime-thread-count-threshold=\
			autodetect
		iterable-object-helper.parallel-iteration.applicability.output-collection-enabled-types=\
			java.util.concurrent.ConcurrentHashMap$CollectionView;\
			java.util.Collections$SynchronizedCollection;\
			java.util.concurrent.CopyOnWriteArrayList;\
			java.util.concurrent.CopyOnWriteArraySet;\
			java.util.concurrent.BlockingQueue;\
			java.util.concurrent.ConcurrentSkipListSet;\
			java.util.concurrent.ConcurrentSkipListMap$EntrySet;\
			java.util.concurrent.ConcurrentSkipListMap$KeySet;\
			java.util.concurrent.ConcurrentSkipListMap$Values;
		jvm.driver.init=\
			false
		managed-logger.repository=\
			autodetect
		managed-logger.repository.enabled=\
			true
		managed-logger.repository.logging.warn.disabled-for=\
			org.burningwave.core.assembler.ComponentContainer$ClassLoader;\
			org.burningwave.core.classes.MemoryClassLoader;\
			org.burningwave.core.classes.PathScannerClassLoader;
		modules.export-all-to-all=\
			true
		resource-releaser.enabled=\
			true
		synchronizer.all-threads-monitoring.enabled=\
			false
		synchronizer.all-threads-monitoring.interval=\
			90000
		thread-supplier.default-daemon-flag-value=\
			true
		thread-supplier.default-thread-priority=\
			5
		thread-supplier.max-detached-thread-count=\
			${thread-supplier.max-poolable-thread-count}
		thread-supplier.max-detached-thread-count.elapsed-time-threshold-from-last-increase-for-gradual-decreasing-to-initial-value=\
			30000
		thread-supplier.max-detached-thread-count.increasing-step=\
			autodetect
		thread-supplier.max-poolable-thread-count=\
			autodetect
		thread-supplier.poolable-thread-request-timeout=\
			6000


2025-11-03 09:15:39,440 [main] INFO  o.b.core.jvm.BufferHandler - (BufferHandler.java:127) - default buffer size: 1024 bytes
2025-11-03 09:15:39,441 [main] INFO  o.b.core.jvm.BufferHandler - (BufferHandler.java:141) - default allocation mode: ByteBuffer::allocateDirect
2025-11-03 09:15:39,444 [main] INFO  org.burningwave.core.Cache - (Cache.java:76) - Building cache
2025-11-03 09:15:39,468 [main] INFO  o.b.c.a.StaticComponentContainer - (StaticComponentContainer.java:443) - org.burningwave.core.assembler.StaticComponentContainer initialized in 0.1116901 seconds
2025-11-03 09:15:42,213 [Worker-7: Loading available Gradle versions] INFO  o.e.b.c.i.u.g.PublishedGradleVersions - Gradle version information cache is out-of-date. Trying to update.
2025-11-03 10:18:00,518 [Worker-62: https://www.codetogether.com/updates/ci/p2.index] WARN  o.a.h.c.h.p.ResponseProcessCookies - ex-0000000120 Cookie rejected [_cfuvid="69vYiZzrAufhcIOZPCCfXkYIcuyKmGHzabKPsFQvuao-1762161407381-0.0.1.1-604800000", domain:cdn.webflow.com, path:/, expiry:null] Illegal 'domain' attribute "cdn.webflow.com". Domain of origin: "www.codetogether.com"
2025-11-03 10:18:00,881 [Worker-65: https://www.codetogether.com/updates/ci/compositeContent.jar] WARN  o.a.h.c.h.p.ResponseProcessCookies - ex-0000000121 Cookie rejected [_cfuvid="9GE.OzuNdL3GFI8DB7X0ceu2zXdOnVg9TGh07weRXBw-1762161407736-0.0.1.1-604800000", domain:cdn.webflow.com, path:/, expiry:null] Illegal 'domain' attribute "cdn.webflow.com". Domain of origin: "www.codetogether.com"
2025-11-03 10:18:01,539 [Worker-54: https://www.codetogether.com/updates/ci/compositeContent.xml] WARN  o.a.h.c.h.p.ResponseProcessCookies - ex-0000000122 Cookie rejected [_cfuvid="2K9wGLrd7rgmSxUHpKElCHafRj5Y72qSORsFp5ZWG8U-1762161408157-0.0.1.1-604800000", domain:cdn.webflow.com, path:/, expiry:null] Illegal 'domain' attribute "cdn.webflow.com". Domain of origin: "www.codetogether.com"
2025-11-03 10:18:02,804 [Worker-69: https://www.codetogether.com/updates/ci/compositeContent.xml] WARN  o.a.h.c.h.p.ResponseProcessCookies - ex-0000000123 Cookie rejected [_cfuvid="n65XfN7QlyMCXWm7aCL2LFNM2BX.Z55qZccw9qJ1I6g-1762161409667-0.0.1.1-604800000", domain:cdn.webflow.com, path:/, expiry:null] Illegal 'domain' attribute "cdn.webflow.com". Domain of origin: "www.codetogether.com"
2025-11-03 10:18:32,351 [Worker-54: https://download.eclipse.org/releases/2025-09/202509101001/artifacts.xml.xz] INFO  o.a.h.c.h.i.c.HttpRequestRetryExec - Recoverable I/O exception (java.net.SocketException) caught when processing request to {s}->[https://download.eclipse.org:443]
2025-11-03 10:18:32,400 [Burningwave - Resource releaser] INFO  o.b.c.a.StaticComponentContainer - (StaticComponentContainer.java:391) - ... Waiting for all tasks ending
2025-11-03 10:18:32,401 [Burningwave - Resource releaser] INFO  o.b.c.a.StaticComponentContainer - (StaticComponentContainer.java:397) - Closing all component containers
2025-11-03 10:18:32,403 [Burningwave - Resource releaser] INFO  o.b.c.a.StaticComponentContainer - (StaticComponentContainer.java:403) - Closing FileSystemHelper
2025-11-03 10:18:32,406 [Burningwave - Resource releaser] INFO  o.b.c.a.StaticComponentContainer - (StaticComponentContainer.java:409) - ... Waiting for all tasks ending before shutting down the BackgroundExecutor
2025-11-03 10:18:32,407 [Burningwave - Resource releaser] INFO  o.b.c.a.StaticComponentContainer - (StaticComponentContainer.java:414) - Shutting down BackgroundExecutor
2025-11-03 10:18:32,408 [Burningwave - Resource releaser] INFO  o.b.c.a.StaticComponentContainer - (StaticComponentContainer.java:420) - Stopping all threads monitoring thread
2025-11-03 10:18:32,409 [Burningwave - Resource releaser] INFO  o.b.c.a.StaticComponentContainer - (StaticComponentContainer.java:425) - Closing ThreadHolder
2025-11-03 10:18:32,410 [Burningwave - Resource releaser] INFO  o.b.c.a.StaticComponentContainer - (StaticComponentContainer.java:430) - Shutting down ThreadSupplier
2025-11-03 10:18:39,773 [main] INFO  o.b.c.a.StaticComponentContainer - (StaticComponentContainer.java:368) - Instantiated org.burningwave.core.SLF4JManagedLoggerRepository
2025-11-03 10:18:39,775 [main] INFO  o.b.c.a.StaticComponentContainer - (StaticComponentContainer.java:369) - 

	Configuration values for static components:

		background-executor.all-tasks-monitoring.enabled=\
			true
		background-executor.all-tasks-monitoring.interval=\
			30000
		background-executor.all-tasks-monitoring.logger.enabled=\
			false
		background-executor.all-tasks-monitoring.minimum-elapsed-time-to-consider-a-task-as-probable-dead-locked=\
			300000
		background-executor.all-tasks-monitoring.probable-dead-locked-tasks-handling.policy=\
			log only
		background-executor.queued-task-executor[0].name=\
			Low priority tasks
		background-executor.queued-task-executor[0].priority=\
			1
		background-executor.queued-task-executor[1].name=\
			Normal priority tasks
		background-executor.queued-task-executor[1].priority=\
			5
		background-executor.queued-task-executor[2].name=\
			High priority tasks
		background-executor.queued-task-executor[2].priority=\
			10
		background-executor.task-creation-tracking.enabled=\
			${background-executor.all-tasks-monitoring.enabled}
		banner.additonal-informations=\
			${Bundle-Vendor} ${Bundle-Name} ${Bundle-Version}
		banner.additonal-informations.retrieve-from-manifest-file-of=\
			Burningwave Core
		banner.file=\
			org/burningwave/banner.bwb
		banner.hide=\
			true
		buffer-handler.default-allocation-mode=\
			ByteBuffer::allocateDirect
		buffer-handler.default-buffer-size=\
			1024
		group-name-for-named-elements=\
			Burningwave
		iterable-object-helper.default-values-separator=\
			;
		iterable-object-helper.parallel-iteration.applicability.default-minimum-collection-size=\
			2
		iterable-object-helper.parallel-iteration.applicability.max-runtime-thread-count-threshold=\
			autodetect
		iterable-object-helper.parallel-iteration.applicability.output-collection-enabled-types=\
			java.util.concurrent.ConcurrentHashMap$CollectionView;\
			java.util.Collections$SynchronizedCollection;\
			java.util.concurrent.CopyOnWriteArrayList;\
			java.util.concurrent.CopyOnWriteArraySet;\
			java.util.concurrent.BlockingQueue;\
			java.util.concurrent.ConcurrentSkipListSet;\
			java.util.concurrent.ConcurrentSkipListMap$EntrySet;\
			java.util.concurrent.ConcurrentSkipListMap$KeySet;\
			java.util.concurrent.ConcurrentSkipListMap$Values;
		jvm.driver.init=\
			false
		managed-logger.repository=\
			autodetect
		managed-logger.repository.enabled=\
			true
		managed-logger.repository.logging.warn.disabled-for=\
			org.burningwave.core.assembler.ComponentContainer$ClassLoader;\
			org.burningwave.core.classes.MemoryClassLoader;\
			org.burningwave.core.classes.PathScannerClassLoader;
		modules.export-all-to-all=\
			true
		resource-releaser.enabled=\
			true
		synchronizer.all-threads-monitoring.enabled=\
			false
		synchronizer.all-threads-monitoring.interval=\
			90000
		thread-supplier.default-daemon-flag-value=\
			true
		thread-supplier.default-thread-priority=\
			5
		thread-supplier.max-detached-thread-count=\
			${thread-supplier.max-poolable-thread-count}
		thread-supplier.max-detached-thread-count.elapsed-time-threshold-from-last-increase-for-gradual-decreasing-to-initial-value=\
			30000
		thread-supplier.max-detached-thread-count.increasing-step=\
			autodetect
		thread-supplier.max-poolable-thread-count=\
			autodetect
		thread-supplier.poolable-thread-request-timeout=\
			6000


2025-11-03 10:18:39,777 [main] INFO  o.b.core.jvm.BufferHandler - (BufferHandler.java:127) - default buffer size: 1024 bytes
2025-11-03 10:18:39,778 [main] INFO  o.b.core.jvm.BufferHandler - (BufferHandler.java:141) - default allocation mode: ByteBuffer::allocateDirect
2025-11-03 10:18:39,781 [main] INFO  org.burningwave.core.Cache - (Cache.java:76) - Building cache
2025-11-03 10:18:39,794 [main] INFO  o.b.c.a.StaticComponentContainer - (StaticComponentContainer.java:443) - org.burningwave.core.assembler.StaticComponentContainer initialized in 0.0701357 seconds
2025-11-03 10:18:42,091 [Worker-6: Loading available Gradle versions] INFO  o.e.b.c.i.u.g.PublishedGradleVersions - Gradle version information cache is up-to-date. Trying to read.
2025-11-03 11:31:23,336 [Burningwave - Resource releaser] INFO  o.b.c.a.StaticComponentContainer - (StaticComponentContainer.java:391) - ... Waiting for all tasks ending
2025-11-03 11:31:23,337 [Burningwave - Resource releaser] INFO  o.b.c.a.StaticComponentContainer - (StaticComponentContainer.java:397) - Closing all component containers
2025-11-03 11:31:23,340 [Burningwave - Resource releaser] INFO  o.b.c.a.StaticComponentContainer - (StaticComponentContainer.java:403) - Closing FileSystemHelper
2025-11-03 11:31:23,341 [Burningwave - Resource releaser] INFO  o.b.c.a.StaticComponentContainer - (StaticComponentContainer.java:409) - ... Waiting for all tasks ending before shutting down the BackgroundExecutor
2025-11-03 11:31:23,342 [Burningwave - Resource releaser] INFO  o.b.c.a.StaticComponentContainer - (StaticComponentContainer.java:414) - Shutting down BackgroundExecutor
2025-11-03 11:31:23,343 [Burningwave - Resource releaser] INFO  o.b.c.a.StaticComponentContainer - (StaticComponentContainer.java:420) - Stopping all threads monitoring thread
2025-11-03 11:31:23,343 [Burningwave - Resource releaser] INFO  o.b.c.a.StaticComponentContainer - (StaticComponentContainer.java:425) - Closing ThreadHolder
2025-11-03 11:31:23,343 [Burningwave - Resource releaser] INFO  o.b.c.a.StaticComponentContainer - (StaticComponentContainer.java:430) - Shutting down ThreadSupplier
2025-11-04 09:05:59,395 [main] INFO  o.b.c.a.StaticComponentContainer - (StaticComponentContainer.java:368) - Instantiated org.burningwave.core.SLF4JManagedLoggerRepository
2025-11-04 09:05:59,407 [main] INFO  o.b.c.a.StaticComponentContainer - (StaticComponentContainer.java:369) - 

	Configuration values for static components:

		background-executor.all-tasks-monitoring.enabled=\
			true
		background-executor.all-tasks-monitoring.interval=\
			30000
		background-executor.all-tasks-monitoring.logger.enabled=\
			false
		background-executor.all-tasks-monitoring.minimum-elapsed-time-to-consider-a-task-as-probable-dead-locked=\
			300000
		background-executor.all-tasks-monitoring.probable-dead-locked-tasks-handling.policy=\
			log only
		background-executor.queued-task-executor[0].name=\
			Low priority tasks
		background-executor.queued-task-executor[0].priority=\
			1
		background-executor.queued-task-executor[1].name=\
			Normal priority tasks
		background-executor.queued-task-executor[1].priority=\
			5
		background-executor.queued-task-executor[2].name=\
			High priority tasks
		background-executor.queued-task-executor[2].priority=\
			10
		background-executor.task-creation-tracking.enabled=\
			${background-executor.all-tasks-monitoring.enabled}
		banner.additonal-informations=\
			${Bundle-Vendor} ${Bundle-Name} ${Bundle-Version}
		banner.additonal-informations.retrieve-from-manifest-file-of=\
			Burningwave Core
		banner.file=\
			org/burningwave/banner.bwb
		banner.hide=\
			true
		buffer-handler.default-allocation-mode=\
			ByteBuffer::allocateDirect
		buffer-handler.default-buffer-size=\
			1024
		group-name-for-named-elements=\
			Burningwave
		iterable-object-helper.default-values-separator=\
			;
		iterable-object-helper.parallel-iteration.applicability.default-minimum-collection-size=\
			2
		iterable-object-helper.parallel-iteration.applicability.max-runtime-thread-count-threshold=\
			autodetect
		iterable-object-helper.parallel-iteration.applicability.output-collection-enabled-types=\
			java.util.concurrent.ConcurrentHashMap$CollectionView;\
			java.util.Collections$SynchronizedCollection;\
			java.util.concurrent.CopyOnWriteArrayList;\
			java.util.concurrent.CopyOnWriteArraySet;\
			java.util.concurrent.BlockingQueue;\
			java.util.concurrent.ConcurrentSkipListSet;\
			java.util.concurrent.ConcurrentSkipListMap$EntrySet;\
			java.util.concurrent.ConcurrentSkipListMap$KeySet;\
			java.util.concurrent.ConcurrentSkipListMap$Values;
		jvm.driver.init=\
			false
		managed-logger.repository=\
			autodetect
		managed-logger.repository.enabled=\
			true
		managed-logger.repository.logging.warn.disabled-for=\
			org.burningwave.core.assembler.ComponentContainer$ClassLoader;\
			org.burningwave.core.classes.MemoryClassLoader;\
			org.burningwave.core.classes.PathScannerClassLoader;
		modules.export-all-to-all=\
			true
		resource-releaser.enabled=\
			true
		synchronizer.all-threads-monitoring.enabled=\
			false
		synchronizer.all-threads-monitoring.interval=\
			90000
		thread-supplier.default-daemon-flag-value=\
			true
		thread-supplier.default-thread-priority=\
			5
		thread-supplier.max-detached-thread-count=\
			${thread-supplier.max-poolable-thread-count}
		thread-supplier.max-detached-thread-count.elapsed-time-threshold-from-last-increase-for-gradual-decreasing-to-initial-value=\
			30000
		thread-supplier.max-detached-thread-count.increasing-step=\
			autodetect
		thread-supplier.max-poolable-thread-count=\
			autodetect
		thread-supplier.poolable-thread-request-timeout=\
			6000


2025-11-04 09:05:59,407 [main] INFO  o.b.core.jvm.BufferHandler - (BufferHandler.java:127) - default buffer size: 1024 bytes
2025-11-04 09:05:59,412 [main] INFO  o.b.core.jvm.BufferHandler - (BufferHandler.java:141) - default allocation mode: ByteBuffer::allocateDirect
2025-11-04 09:05:59,414 [main] INFO  org.burningwave.core.Cache - (Cache.java:76) - Building cache
2025-11-04 09:05:59,427 [main] INFO  o.b.c.a.StaticComponentContainer - (StaticComponentContainer.java:443) - org.burningwave.core.assembler.StaticComponentContainer initialized in 0.1024965 seconds
2025-11-04 09:06:02,254 [Worker-7: Loading available Gradle versions] INFO  o.e.b.c.i.u.g.PublishedGradleVersions - Gradle version information cache is up-to-date. Trying to read.
2025-11-04 14:27:41,382 [Burningwave - Resource releaser] INFO  o.b.c.a.StaticComponentContainer - (StaticComponentContainer.java:391) - ... Waiting for all tasks ending
2025-11-04 14:27:41,383 [Burningwave - Resource releaser] INFO  o.b.c.a.StaticComponentContainer - (StaticComponentContainer.java:397) - Closing all component containers
2025-11-04 14:27:41,384 [Burningwave - Resource releaser] INFO  o.b.c.a.StaticComponentContainer - (StaticComponentContainer.java:403) - Closing FileSystemHelper
2025-11-04 14:27:41,385 [Burningwave - Resource releaser] INFO  o.b.c.a.StaticComponentContainer - (StaticComponentContainer.java:409) - ... Waiting for all tasks ending before shutting down the BackgroundExecutor
2025-11-04 14:27:41,385 [Burningwave - Resource releaser] INFO  o.b.c.a.StaticComponentContainer - (StaticComponentContainer.java:414) - Shutting down BackgroundExecutor
2025-11-04 14:27:41,385 [Burningwave - Resource releaser] INFO  o.b.c.a.StaticComponentContainer - (StaticComponentContainer.java:420) - Stopping all threads monitoring thread
2025-11-04 14:27:41,385 [Burningwave - Resource releaser] INFO  o.b.c.a.StaticComponentContainer - (StaticComponentContainer.java:425) - Closing ThreadHolder
2025-11-04 14:27:41,386 [Burningwave - Resource releaser] INFO  o.b.c.a.StaticComponentContainer - (StaticComponentContainer.java:430) - Shutting down ThreadSupplier
2025-11-05 08:08:15,899 [main] INFO  o.b.c.a.StaticComponentContainer - (StaticComponentContainer.java:368) - Instantiated org.burningwave.core.SLF4JManagedLoggerRepository
2025-11-05 08:08:15,901 [main] INFO  o.b.c.a.StaticComponentContainer - (StaticComponentContainer.java:369) - 

	Configuration values for static components:

		background-executor.all-tasks-monitoring.enabled=\
			true
		background-executor.all-tasks-monitoring.interval=\
			30000
		background-executor.all-tasks-monitoring.logger.enabled=\
			false
		background-executor.all-tasks-monitoring.minimum-elapsed-time-to-consider-a-task-as-probable-dead-locked=\
			300000
		background-executor.all-tasks-monitoring.probable-dead-locked-tasks-handling.policy=\
			log only
		background-executor.queued-task-executor[0].name=\
			Low priority tasks
		background-executor.queued-task-executor[0].priority=\
			1
		background-executor.queued-task-executor[1].name=\
			Normal priority tasks
		background-executor.queued-task-executor[1].priority=\
			5
		background-executor.queued-task-executor[2].name=\
			High priority tasks
		background-executor.queued-task-executor[2].priority=\
			10
		background-executor.task-creation-tracking.enabled=\
			${background-executor.all-tasks-monitoring.enabled}
		banner.additonal-informations=\
			${Bundle-Vendor} ${Bundle-Name} ${Bundle-Version}
		banner.additonal-informations.retrieve-from-manifest-file-of=\
			Burningwave Core
		banner.file=\
			org/burningwave/banner.bwb
		banner.hide=\
			true
		buffer-handler.default-allocation-mode=\
			ByteBuffer::allocateDirect
		buffer-handler.default-buffer-size=\
			1024
		group-name-for-named-elements=\
			Burningwave
		iterable-object-helper.default-values-separator=\
			;
		iterable-object-helper.parallel-iteration.applicability.default-minimum-collection-size=\
			2
		iterable-object-helper.parallel-iteration.applicability.max-runtime-thread-count-threshold=\
			autodetect
		iterable-object-helper.parallel-iteration.applicability.output-collection-enabled-types=\
			java.util.concurrent.ConcurrentHashMap$CollectionView;\
			java.util.Collections$SynchronizedCollection;\
			java.util.concurrent.CopyOnWriteArrayList;\
			java.util.concurrent.CopyOnWriteArraySet;\
			java.util.concurrent.BlockingQueue;\
			java.util.concurrent.ConcurrentSkipListSet;\
			java.util.concurrent.ConcurrentSkipListMap$EntrySet;\
			java.util.concurrent.ConcurrentSkipListMap$KeySet;\
			java.util.concurrent.ConcurrentSkipListMap$Values;
		jvm.driver.init=\
			false
		managed-logger.repository=\
			autodetect
		managed-logger.repository.enabled=\
			true
		managed-logger.repository.logging.warn.disabled-for=\
			org.burningwave.core.assembler.ComponentContainer$ClassLoader;\
			org.burningwave.core.classes.MemoryClassLoader;\
			org.burningwave.core.classes.PathScannerClassLoader;
		modules.export-all-to-all=\
			true
		resource-releaser.enabled=\
			true
		synchronizer.all-threads-monitoring.enabled=\
			false
		synchronizer.all-threads-monitoring.interval=\
			90000
		thread-supplier.default-daemon-flag-value=\
			true
		thread-supplier.default-thread-priority=\
			5
		thread-supplier.max-detached-thread-count=\
			${thread-supplier.max-poolable-thread-count}
		thread-supplier.max-detached-thread-count.elapsed-time-threshold-from-last-increase-for-gradual-decreasing-to-initial-value=\
			30000
		thread-supplier.max-detached-thread-count.increasing-step=\
			autodetect
		thread-supplier.max-poolable-thread-count=\
			autodetect
		thread-supplier.poolable-thread-request-timeout=\
			6000


2025-11-05 08:08:15,903 [main] INFO  o.b.core.jvm.BufferHandler - (BufferHandler.java:127) - default buffer size: 1024 bytes
2025-11-05 08:08:15,903 [main] INFO  o.b.core.jvm.BufferHandler - (BufferHandler.java:141) - default allocation mode: ByteBuffer::allocateDirect
2025-11-05 08:08:15,906 [main] INFO  org.burningwave.core.Cache - (Cache.java:76) - Building cache
2025-11-05 08:08:15,922 [main] INFO  o.b.c.a.StaticComponentContainer - (StaticComponentContainer.java:443) - org.burningwave.core.assembler.StaticComponentContainer initialized in 0.1010054 seconds
2025-11-05 08:08:18,778 [Worker-7: Loading available Gradle versions] INFO  o.e.b.c.i.u.g.PublishedGradleVersions - Gradle version information cache is out-of-date. Trying to update.
2025-11-05 13:30:20,199 [Burningwave - Resource releaser] INFO  o.b.c.a.StaticComponentContainer - (StaticComponentContainer.java:391) - ... Waiting for all tasks ending
2025-11-05 13:30:20,199 [Burningwave - Resource releaser] INFO  o.b.c.a.StaticComponentContainer - (StaticComponentContainer.java:397) - Closing all component containers
2025-11-05 13:30:20,201 [Burningwave - Resource releaser] INFO  o.b.c.a.StaticComponentContainer - (StaticComponentContainer.java:403) - Closing FileSystemHelper
2025-11-05 13:30:20,201 [Burningwave - Resource releaser] INFO  o.b.c.a.StaticComponentContainer - (StaticComponentContainer.java:409) - ... Waiting for all tasks ending before shutting down the BackgroundExecutor
2025-11-05 13:30:20,201 [Burningwave - Resource releaser] INFO  o.b.c.a.StaticComponentContainer - (StaticComponentContainer.java:414) - Shutting down BackgroundExecutor
2025-11-05 13:30:20,202 [Burningwave - Resource releaser] INFO  o.b.c.a.StaticComponentContainer - (StaticComponentContainer.java:420) - Stopping all threads monitoring thread
2025-11-05 13:30:20,202 [Burningwave - Resource releaser] INFO  o.b.c.a.StaticComponentContainer - (StaticComponentContainer.java:425) - Closing ThreadHolder
2025-11-05 13:30:20,202 [Burningwave - Resource releaser] INFO  o.b.c.a.StaticComponentContainer - (StaticComponentContainer.java:430) - Shutting down ThreadSupplier
2025-11-06 09:04:41,926 [main] INFO  o.b.c.a.StaticComponentContainer - (StaticComponentContainer.java:368) - Instantiated org.burningwave.core.SLF4JManagedLoggerRepository
2025-11-06 09:04:41,926 [main] INFO  o.b.c.a.StaticComponentContainer - (StaticComponentContainer.java:369) - 

	Configuration values for static components:

		background-executor.all-tasks-monitoring.enabled=\
			true
		background-executor.all-tasks-monitoring.interval=\
			30000
		background-executor.all-tasks-monitoring.logger.enabled=\
			false
		background-executor.all-tasks-monitoring.minimum-elapsed-time-to-consider-a-task-as-probable-dead-locked=\
			300000
		background-executor.all-tasks-monitoring.probable-dead-locked-tasks-handling.policy=\
			log only
		background-executor.queued-task-executor[0].name=\
			Low priority tasks
		background-executor.queued-task-executor[0].priority=\
			1
		background-executor.queued-task-executor[1].name=\
			Normal priority tasks
		background-executor.queued-task-executor[1].priority=\
			5
		background-executor.queued-task-executor[2].name=\
			High priority tasks
		background-executor.queued-task-executor[2].priority=\
			10
		background-executor.task-creation-tracking.enabled=\
			${background-executor.all-tasks-monitoring.enabled}
		banner.additonal-informations=\
			${Bundle-Vendor} ${Bundle-Name} ${Bundle-Version}
		banner.additonal-informations.retrieve-from-manifest-file-of=\
			Burningwave Core
		banner.file=\
			org/burningwave/banner.bwb
		banner.hide=\
			true
		buffer-handler.default-allocation-mode=\
			ByteBuffer::allocateDirect
		buffer-handler.default-buffer-size=\
			1024
		group-name-for-named-elements=\
			Burningwave
		iterable-object-helper.default-values-separator=\
			;
		iterable-object-helper.parallel-iteration.applicability.default-minimum-collection-size=\
			2
		iterable-object-helper.parallel-iteration.applicability.max-runtime-thread-count-threshold=\
			autodetect
		iterable-object-helper.parallel-iteration.applicability.output-collection-enabled-types=\
			java.util.concurrent.ConcurrentHashMap$CollectionView;\
			java.util.Collections$SynchronizedCollection;\
			java.util.concurrent.CopyOnWriteArrayList;\
			java.util.concurrent.CopyOnWriteArraySet;\
			java.util.concurrent.BlockingQueue;\
			java.util.concurrent.ConcurrentSkipListSet;\
			java.util.concurrent.ConcurrentSkipListMap$EntrySet;\
			java.util.concurrent.ConcurrentSkipListMap$KeySet;\
			java.util.concurrent.ConcurrentSkipListMap$Values;
		jvm.driver.init=\
			false
		managed-logger.repository=\
			autodetect
		managed-logger.repository.enabled=\
			true
		managed-logger.repository.logging.warn.disabled-for=\
			org.burningwave.core.assembler.ComponentContainer$ClassLoader;\
			org.burningwave.core.classes.MemoryClassLoader;\
			org.burningwave.core.classes.PathScannerClassLoader;
		modules.export-all-to-all=\
			true
		resource-releaser.enabled=\
			true
		synchronizer.all-threads-monitoring.enabled=\
			false
		synchronizer.all-threads-monitoring.interval=\
			90000
		thread-supplier.default-daemon-flag-value=\
			true
		thread-supplier.default-thread-priority=\
			5
		thread-supplier.max-detached-thread-count=\
			${thread-supplier.max-poolable-thread-count}
		thread-supplier.max-detached-thread-count.elapsed-time-threshold-from-last-increase-for-gradual-decreasing-to-initial-value=\
			30000
		thread-supplier.max-detached-thread-count.increasing-step=\
			autodetect
		thread-supplier.max-poolable-thread-count=\
			autodetect
		thread-supplier.poolable-thread-request-timeout=\
			6000


2025-11-06 09:04:41,926 [main] INFO  o.b.core.jvm.BufferHandler - (BufferHandler.java:127) - default buffer size: 1024 bytes
2025-11-06 09:04:41,926 [main] INFO  o.b.core.jvm.BufferHandler - (BufferHandler.java:141) - default allocation mode: ByteBuffer::allocateDirect
2025-11-06 09:04:41,942 [main] INFO  org.burningwave.core.Cache - (Cache.java:76) - Building cache
2025-11-06 09:04:41,967 [main] INFO  o.b.c.a.StaticComponentContainer - (StaticComponentContainer.java:443) - org.burningwave.core.assembler.StaticComponentContainer initialized in 0.1175271 seconds
2025-11-06 09:04:45,296 [Worker-4: Loading available Gradle versions] INFO  o.e.b.c.i.u.g.PublishedGradleVersions - Gradle version information cache is out-of-date. Trying to update.
2025-11-06 14:27:35,277 [Burningwave - Resource releaser] INFO  o.b.c.a.StaticComponentContainer - (StaticComponentContainer.java:391) - ... Waiting for all tasks ending
2025-11-06 14:27:35,279 [Burningwave - Resource releaser] INFO  o.b.c.a.StaticComponentContainer - (StaticComponentContainer.java:397) - Closing all component containers
2025-11-06 14:27:35,280 [Burningwave - Resource releaser] INFO  o.b.c.a.StaticComponentContainer - (StaticComponentContainer.java:403) - Closing FileSystemHelper
2025-11-06 14:27:35,281 [Burningwave - Resource releaser] INFO  o.b.c.a.StaticComponentContainer - (StaticComponentContainer.java:409) - ... Waiting for all tasks ending before shutting down the BackgroundExecutor
2025-11-06 14:27:35,281 [Burningwave - Resource releaser] INFO  o.b.c.a.StaticComponentContainer - (StaticComponentContainer.java:414) - Shutting down BackgroundExecutor
2025-11-06 14:27:35,281 [Burningwave - Resource releaser] INFO  o.b.c.a.StaticComponentContainer - (StaticComponentContainer.java:420) - Stopping all threads monitoring thread
2025-11-06 14:27:35,282 [Burningwave - Resource releaser] INFO  o.b.c.a.StaticComponentContainer - (StaticComponentContainer.java:425) - Closing ThreadHolder
2025-11-06 14:27:35,282 [Burningwave - Resource releaser] INFO  o.b.c.a.StaticComponentContainer - (StaticComponentContainer.java:430) - Shutting down ThreadSupplier
2025-11-07 08:08:03,655 [main] INFO  o.b.c.a.StaticComponentContainer - (StaticComponentContainer.java:368) - Instantiated org.burningwave.core.SLF4JManagedLoggerRepository
2025-11-07 08:08:03,657 [main] INFO  o.b.c.a.StaticComponentContainer - (StaticComponentContainer.java:369) - 

	Configuration values for static components:

		background-executor.all-tasks-monitoring.enabled=\
			true
		background-executor.all-tasks-monitoring.interval=\
			30000
		background-executor.all-tasks-monitoring.logger.enabled=\
			false
		background-executor.all-tasks-monitoring.minimum-elapsed-time-to-consider-a-task-as-probable-dead-locked=\
			300000
		background-executor.all-tasks-monitoring.probable-dead-locked-tasks-handling.policy=\
			log only
		background-executor.queued-task-executor[0].name=\
			Low priority tasks
		background-executor.queued-task-executor[0].priority=\
			1
		background-executor.queued-task-executor[1].name=\
			Normal priority tasks
		background-executor.queued-task-executor[1].priority=\
			5
		background-executor.queued-task-executor[2].name=\
			High priority tasks
		background-executor.queued-task-executor[2].priority=\
			10
		background-executor.task-creation-tracking.enabled=\
			${background-executor.all-tasks-monitoring.enabled}
		banner.additonal-informations=\
			${Bundle-Vendor} ${Bundle-Name} ${Bundle-Version}
		banner.additonal-informations.retrieve-from-manifest-file-of=\
			Burningwave Core
		banner.file=\
			org/burningwave/banner.bwb
		banner.hide=\
			true
		buffer-handler.default-allocation-mode=\
			ByteBuffer::allocateDirect
		buffer-handler.default-buffer-size=\
			1024
		group-name-for-named-elements=\
			Burningwave
		iterable-object-helper.default-values-separator=\
			;
		iterable-object-helper.parallel-iteration.applicability.default-minimum-collection-size=\
			2
		iterable-object-helper.parallel-iteration.applicability.max-runtime-thread-count-threshold=\
			autodetect
		iterable-object-helper.parallel-iteration.applicability.output-collection-enabled-types=\
			java.util.concurrent.ConcurrentHashMap$CollectionView;\
			java.util.Collections$SynchronizedCollection;\
			java.util.concurrent.CopyOnWriteArrayList;\
			java.util.concurrent.CopyOnWriteArraySet;\
			java.util.concurrent.BlockingQueue;\
			java.util.concurrent.ConcurrentSkipListSet;\
			java.util.concurrent.ConcurrentSkipListMap$EntrySet;\
			java.util.concurrent.ConcurrentSkipListMap$KeySet;\
			java.util.concurrent.ConcurrentSkipListMap$Values;
		jvm.driver.init=\
			false
		managed-logger.repository=\
			autodetect
		managed-logger.repository.enabled=\
			true
		managed-logger.repository.logging.warn.disabled-for=\
			org.burningwave.core.assembler.ComponentContainer$ClassLoader;\
			org.burningwave.core.classes.MemoryClassLoader;\
			org.burningwave.core.classes.PathScannerClassLoader;
		modules.export-all-to-all=\
			true
		resource-releaser.enabled=\
			true
		synchronizer.all-threads-monitoring.enabled=\
			false
		synchronizer.all-threads-monitoring.interval=\
			90000
		thread-supplier.default-daemon-flag-value=\
			true
		thread-supplier.default-thread-priority=\
			5
		thread-supplier.max-detached-thread-count=\
			${thread-supplier.max-poolable-thread-count}
		thread-supplier.max-detached-thread-count.elapsed-time-threshold-from-last-increase-for-gradual-decreasing-to-initial-value=\
			30000
		thread-supplier.max-detached-thread-count.increasing-step=\
			autodetect
		thread-supplier.max-poolable-thread-count=\
			autodetect
		thread-supplier.poolable-thread-request-timeout=\
			6000


2025-11-07 08:08:03,659 [main] INFO  o.b.core.jvm.BufferHandler - (BufferHandler.java:127) - default buffer size: 1024 bytes
2025-11-07 08:08:03,659 [main] INFO  o.b.core.jvm.BufferHandler - (BufferHandler.java:141) - default allocation mode: ByteBuffer::allocateDirect
2025-11-07 08:08:03,663 [main] INFO  org.burningwave.core.Cache - (Cache.java:76) - Building cache
2025-11-07 08:08:03,678 [main] INFO  o.b.c.a.StaticComponentContainer - (StaticComponentContainer.java:443) - org.burningwave.core.assembler.StaticComponentContainer initialized in 0.088268 seconds
2025-11-07 08:08:06,052 [Worker-7: Loading available Gradle versions] INFO  o.e.b.c.i.u.g.PublishedGradleVersions - Gradle version information cache is up-to-date. Trying to read.
2025-11-07 12:27:24,520 [Burningwave - Resource releaser] INFO  o.b.c.a.StaticComponentContainer - (StaticComponentContainer.java:391) - ... Waiting for all tasks ending
2025-11-07 12:27:24,539 [Burningwave - Resource releaser] INFO  o.b.c.a.StaticComponentContainer - (StaticComponentContainer.java:397) - Closing all component containers
2025-11-07 12:27:24,541 [Burningwave - Resource releaser] INFO  o.b.c.a.StaticComponentContainer - (StaticComponentContainer.java:403) - Closing FileSystemHelper
2025-11-07 12:27:24,542 [Burningwave - Resource releaser] INFO  o.b.c.a.StaticComponentContainer - (StaticComponentContainer.java:409) - ... Waiting for all tasks ending before shutting down the BackgroundExecutor
2025-11-07 12:27:24,542 [Burningwave - Resource releaser] INFO  o.b.c.a.StaticComponentContainer - (StaticComponentContainer.java:414) - Shutting down BackgroundExecutor
2025-11-07 12:27:24,543 [Burningwave - Resource releaser] INFO  o.b.c.a.StaticComponentContainer - (StaticComponentContainer.java:420) - Stopping all threads monitoring thread
2025-11-07 12:27:24,543 [Burningwave - Resource releaser] INFO  o.b.c.a.StaticComponentContainer - (StaticComponentContainer.java:425) - Closing ThreadHolder
2025-11-07 12:27:24,544 [Burningwave - Resource releaser] INFO  o.b.c.a.StaticComponentContainer - (StaticComponentContainer.java:430) - Shutting down ThreadSupplier
2025-11-07 13:03:12,375 [main] INFO  o.b.c.a.StaticComponentContainer - (StaticComponentContainer.java:368) - Instantiated org.burningwave.core.SLF4JManagedLoggerRepository
2025-11-07 13:03:12,378 [main] INFO  o.b.c.a.StaticComponentContainer - (StaticComponentContainer.java:369) - 

	Configuration values for static components:

		background-executor.all-tasks-monitoring.enabled=\
			true
		background-executor.all-tasks-monitoring.interval=\
			30000
		background-executor.all-tasks-monitoring.logger.enabled=\
			false
		background-executor.all-tasks-monitoring.minimum-elapsed-time-to-consider-a-task-as-probable-dead-locked=\
			300000
		background-executor.all-tasks-monitoring.probable-dead-locked-tasks-handling.policy=\
			log only
		background-executor.queued-task-executor[0].name=\
			Low priority tasks
		background-executor.queued-task-executor[0].priority=\
			1
		background-executor.queued-task-executor[1].name=\
			Normal priority tasks
		background-executor.queued-task-executor[1].priority=\
			5
		background-executor.queued-task-executor[2].name=\
			High priority tasks
		background-executor.queued-task-executor[2].priority=\
			10
		background-executor.task-creation-tracking.enabled=\
			${background-executor.all-tasks-monitoring.enabled}
		banner.additonal-informations=\
			${Bundle-Vendor} ${Bundle-Name} ${Bundle-Version}
		banner.additonal-informations.retrieve-from-manifest-file-of=\
			Burningwave Core
		banner.file=\
			org/burningwave/banner.bwb
		banner.hide=\
			true
		buffer-handler.default-allocation-mode=\
			ByteBuffer::allocateDirect
		buffer-handler.default-buffer-size=\
			1024
		group-name-for-named-elements=\
			Burningwave
		iterable-object-helper.default-values-separator=\
			;
		iterable-object-helper.parallel-iteration.applicability.default-minimum-collection-size=\
			2
		iterable-object-helper.parallel-iteration.applicability.max-runtime-thread-count-threshold=\
			autodetect
		iterable-object-helper.parallel-iteration.applicability.output-collection-enabled-types=\
			java.util.concurrent.ConcurrentHashMap$CollectionView;\
			java.util.Collections$SynchronizedCollection;\
			java.util.concurrent.CopyOnWriteArrayList;\
			java.util.concurrent.CopyOnWriteArraySet;\
			java.util.concurrent.BlockingQueue;\
			java.util.concurrent.ConcurrentSkipListSet;\
			java.util.concurrent.ConcurrentSkipListMap$EntrySet;\
			java.util.concurrent.ConcurrentSkipListMap$KeySet;\
			java.util.concurrent.ConcurrentSkipListMap$Values;
		jvm.driver.init=\
			false
		managed-logger.repository=\
			autodetect
		managed-logger.repository.enabled=\
			true
		managed-logger.repository.logging.warn.disabled-for=\
			org.burningwave.core.assembler.ComponentContainer$ClassLoader;\
			org.burningwave.core.classes.MemoryClassLoader;\
			org.burningwave.core.classes.PathScannerClassLoader;
		modules.export-all-to-all=\
			true
		resource-releaser.enabled=\
			true
		synchronizer.all-threads-monitoring.enabled=\
			false
		synchronizer.all-threads-monitoring.interval=\
			90000
		thread-supplier.default-daemon-flag-value=\
			true
		thread-supplier.default-thread-priority=\
			5
		thread-supplier.max-detached-thread-count=\
			${thread-supplier.max-poolable-thread-count}
		thread-supplier.max-detached-thread-count.elapsed-time-threshold-from-last-increase-for-gradual-decreasing-to-initial-value=\
			30000
		thread-supplier.max-detached-thread-count.increasing-step=\
			autodetect
		thread-supplier.max-poolable-thread-count=\
			autodetect
		thread-supplier.poolable-thread-request-timeout=\
			6000


2025-11-07 13:03:12,382 [main] INFO  o.b.core.jvm.BufferHandler - (BufferHandler.java:127) - default buffer size: 1024 bytes
2025-11-07 13:03:12,383 [main] INFO  o.b.core.jvm.BufferHandler - (BufferHandler.java:141) - default allocation mode: ByteBuffer::allocateDirect
2025-11-07 13:03:12,386 [main] INFO  org.burningwave.core.Cache - (Cache.java:76) - Building cache
2025-11-07 13:03:12,409 [main] INFO  o.b.c.a.StaticComponentContainer - (StaticComponentContainer.java:443) - org.burningwave.core.assembler.StaticComponentContainer initialized in 0.114527 seconds
2025-11-07 13:03:15,379 [Worker-6: Loading available Gradle versions] INFO  o.e.b.c.i.u.g.PublishedGradleVersions - Gradle version information cache is out-of-date. Trying to update.
2025-11-07 13:32:39,843 [Burningwave - Resource releaser] INFO  o.b.c.a.StaticComponentContainer - (StaticComponentContainer.java:391) - ... Waiting for all tasks ending
2025-11-07 13:32:39,846 [Burningwave - Resource releaser] INFO  o.b.c.a.StaticComponentContainer - (StaticComponentContainer.java:397) - Closing all component containers
2025-11-07 13:32:39,848 [Burningwave - Resource releaser] INFO  o.b.c.a.StaticComponentContainer - (StaticComponentContainer.java:403) - Closing FileSystemHelper
2025-11-07 13:32:39,850 [Burningwave - Resource releaser] INFO  o.b.c.a.StaticComponentContainer - (StaticComponentContainer.java:409) - ... Waiting for all tasks ending before shutting down the BackgroundExecutor
2025-11-07 13:32:39,851 [Burningwave - Resource releaser] INFO  o.b.c.a.StaticComponentContainer - (StaticComponentContainer.java:414) - Shutting down BackgroundExecutor
2025-11-07 13:32:39,853 [Burningwave - Resource releaser] INFO  o.b.c.a.StaticComponentContainer - (StaticComponentContainer.java:420) - Stopping all threads monitoring thread
2025-11-07 13:32:39,854 [Burningwave - Resource releaser] INFO  o.b.c.a.StaticComponentContainer - (StaticComponentContainer.java:425) - Closing ThreadHolder
2025-11-07 13:32:39,854 [Burningwave - Resource releaser] INFO  o.b.c.a.StaticComponentContainer - (StaticComponentContainer.java:430) - Shutting down ThreadSupplier
2025-11-10 09:03:09,403 [main] INFO  o.b.c.a.StaticComponentContainer - (StaticComponentContainer.java:368) - Instantiated org.burningwave.core.SLF4JManagedLoggerRepository
2025-11-10 09:03:09,404 [main] INFO  o.b.c.a.StaticComponentContainer - (StaticComponentContainer.java:369) - 

	Configuration values for static components:

		background-executor.all-tasks-monitoring.enabled=\
			true
		background-executor.all-tasks-monitoring.interval=\
			30000
		background-executor.all-tasks-monitoring.logger.enabled=\
			false
		background-executor.all-tasks-monitoring.minimum-elapsed-time-to-consider-a-task-as-probable-dead-locked=\
			300000
		background-executor.all-tasks-monitoring.probable-dead-locked-tasks-handling.policy=\
			log only
		background-executor.queued-task-executor[0].name=\
			Low priority tasks
		background-executor.queued-task-executor[0].priority=\
			1
		background-executor.queued-task-executor[1].name=\
			Normal priority tasks
		background-executor.queued-task-executor[1].priority=\
			5
		background-executor.queued-task-executor[2].name=\
			High priority tasks
		background-executor.queued-task-executor[2].priority=\
			10
		background-executor.task-creation-tracking.enabled=\
			${background-executor.all-tasks-monitoring.enabled}
		banner.additonal-informations=\
			${Bundle-Vendor} ${Bundle-Name} ${Bundle-Version}
		banner.additonal-informations.retrieve-from-manifest-file-of=\
			Burningwave Core
		banner.file=\
			org/burningwave/banner.bwb
		banner.hide=\
			true
		buffer-handler.default-allocation-mode=\
			ByteBuffer::allocateDirect
		buffer-handler.default-buffer-size=\
			1024
		group-name-for-named-elements=\
			Burningwave
		iterable-object-helper.default-values-separator=\
			;
		iterable-object-helper.parallel-iteration.applicability.default-minimum-collection-size=\
			2
		iterable-object-helper.parallel-iteration.applicability.max-runtime-thread-count-threshold=\
			autodetect
		iterable-object-helper.parallel-iteration.applicability.output-collection-enabled-types=\
			java.util.concurrent.ConcurrentHashMap$CollectionView;\
			java.util.Collections$SynchronizedCollection;\
			java.util.concurrent.CopyOnWriteArrayList;\
			java.util.concurrent.CopyOnWriteArraySet;\
			java.util.concurrent.BlockingQueue;\
			java.util.concurrent.ConcurrentSkipListSet;\
			java.util.concurrent.ConcurrentSkipListMap$EntrySet;\
			java.util.concurrent.ConcurrentSkipListMap$KeySet;\
			java.util.concurrent.ConcurrentSkipListMap$Values;
		jvm.driver.init=\
			false
		managed-logger.repository=\
			autodetect
		managed-logger.repository.enabled=\
			true
		managed-logger.repository.logging.warn.disabled-for=\
			org.burningwave.core.assembler.ComponentContainer$ClassLoader;\
			org.burningwave.core.classes.MemoryClassLoader;\
			org.burningwave.core.classes.PathScannerClassLoader;
		modules.export-all-to-all=\
			true
		resource-releaser.enabled=\
			true
		synchronizer.all-threads-monitoring.enabled=\
			false
		synchronizer.all-threads-monitoring.interval=\
			90000
		thread-supplier.default-daemon-flag-value=\
			true
		thread-supplier.default-thread-priority=\
			5
		thread-supplier.max-detached-thread-count=\
			${thread-supplier.max-poolable-thread-count}
		thread-supplier.max-detached-thread-count.elapsed-time-threshold-from-last-increase-for-gradual-decreasing-to-initial-value=\
			30000
		thread-supplier.max-detached-thread-count.increasing-step=\
			autodetect
		thread-supplier.max-poolable-thread-count=\
			autodetect
		thread-supplier.poolable-thread-request-timeout=\
			6000


2025-11-10 09:03:09,406 [main] INFO  o.b.core.jvm.BufferHandler - (BufferHandler.java:127) - default buffer size: 1024 bytes
2025-11-10 09:03:09,406 [main] INFO  o.b.core.jvm.BufferHandler - (BufferHandler.java:141) - default allocation mode: ByteBuffer::allocateDirect
2025-11-10 09:03:09,410 [main] INFO  org.burningwave.core.Cache - (Cache.java:76) - Building cache
2025-11-10 09:03:09,426 [main] INFO  o.b.c.a.StaticComponentContainer - (StaticComponentContainer.java:443) - org.burningwave.core.assembler.StaticComponentContainer initialized in 0.0979505 seconds
2025-11-10 09:03:12,397 [Worker-7: Loading available Gradle versions] INFO  o.e.b.c.i.u.g.PublishedGradleVersions - Gradle version information cache is out-of-date. Trying to update.
2025-11-10 11:19:51,533 [Burningwave - Resource releaser] INFO  o.b.c.a.StaticComponentContainer - (StaticComponentContainer.java:391) - ... Waiting for all tasks ending
2025-11-10 11:19:51,539 [Burningwave - Resource releaser] INFO  o.b.c.a.StaticComponentContainer - (StaticComponentContainer.java:397) - Closing all component containers
2025-11-10 11:19:51,541 [Burningwave - Resource releaser] INFO  o.b.c.a.StaticComponentContainer - (StaticComponentContainer.java:403) - Closing FileSystemHelper
2025-11-10 11:19:51,542 [Burningwave - Resource releaser] INFO  o.b.c.a.StaticComponentContainer - (StaticComponentContainer.java:409) - ... Waiting for all tasks ending before shutting down the BackgroundExecutor
2025-11-10 11:19:51,542 [Burningwave - Resource releaser] INFO  o.b.c.a.StaticComponentContainer - (StaticComponentContainer.java:414) - Shutting down BackgroundExecutor
2025-11-10 11:19:51,543 [Burningwave - Resource releaser] INFO  o.b.c.a.StaticComponentContainer - (StaticComponentContainer.java:420) - Stopping all threads monitoring thread
2025-11-10 11:19:51,543 [Burningwave - Resource releaser] INFO  o.b.c.a.StaticComponentContainer - (StaticComponentContainer.java:425) - Closing ThreadHolder
2025-11-10 11:19:51,544 [Burningwave - Resource releaser] INFO  o.b.c.a.StaticComponentContainer - (StaticComponentContainer.java:430) - Shutting down ThreadSupplier
2025-11-10 13:44:25,212 [main] INFO  o.b.c.a.StaticComponentContainer - (StaticComponentContainer.java:368) - Instantiated org.burningwave.core.SLF4JManagedLoggerRepository
2025-11-10 13:44:25,214 [main] INFO  o.b.c.a.StaticComponentContainer - (StaticComponentContainer.java:369) - 

	Configuration values for static components:

		background-executor.all-tasks-monitoring.enabled=\
			true
		background-executor.all-tasks-monitoring.interval=\
			30000
		background-executor.all-tasks-monitoring.logger.enabled=\
			false
		background-executor.all-tasks-monitoring.minimum-elapsed-time-to-consider-a-task-as-probable-dead-locked=\
			300000
		background-executor.all-tasks-monitoring.probable-dead-locked-tasks-handling.policy=\
			log only
		background-executor.queued-task-executor[0].name=\
			Low priority tasks
		background-executor.queued-task-executor[0].priority=\
			1
		background-executor.queued-task-executor[1].name=\
			Normal priority tasks
		background-executor.queued-task-executor[1].priority=\
			5
		background-executor.queued-task-executor[2].name=\
			High priority tasks
		background-executor.queued-task-executor[2].priority=\
			10
		background-executor.task-creation-tracking.enabled=\
			${background-executor.all-tasks-monitoring.enabled}
		banner.additonal-informations=\
			${Bundle-Vendor} ${Bundle-Name} ${Bundle-Version}
		banner.additonal-informations.retrieve-from-manifest-file-of=\
			Burningwave Core
		banner.file=\
			org/burningwave/banner.bwb
		banner.hide=\
			true
		buffer-handler.default-allocation-mode=\
			ByteBuffer::allocateDirect
		buffer-handler.default-buffer-size=\
			1024
		group-name-for-named-elements=\
			Burningwave
		iterable-object-helper.default-values-separator=\
			;
		iterable-object-helper.parallel-iteration.applicability.default-minimum-collection-size=\
			2
		iterable-object-helper.parallel-iteration.applicability.max-runtime-thread-count-threshold=\
			autodetect
		iterable-object-helper.parallel-iteration.applicability.output-collection-enabled-types=\
			java.util.concurrent.ConcurrentHashMap$CollectionView;\
			java.util.Collections$SynchronizedCollection;\
			java.util.concurrent.CopyOnWriteArrayList;\
			java.util.concurrent.CopyOnWriteArraySet;\
			java.util.concurrent.BlockingQueue;\
			java.util.concurrent.ConcurrentSkipListSet;\
			java.util.concurrent.ConcurrentSkipListMap$EntrySet;\
			java.util.concurrent.ConcurrentSkipListMap$KeySet;\
			java.util.concurrent.ConcurrentSkipListMap$Values;
		jvm.driver.init=\
			false
		managed-logger.repository=\
			autodetect
		managed-logger.repository.enabled=\
			true
		managed-logger.repository.logging.warn.disabled-for=\
			org.burningwave.core.assembler.ComponentContainer$ClassLoader;\
			org.burningwave.core.classes.MemoryClassLoader;\
			org.burningwave.core.classes.PathScannerClassLoader;
		modules.export-all-to-all=\
			true
		resource-releaser.enabled=\
			true
		synchronizer.all-threads-monitoring.enabled=\
			false
		synchronizer.all-threads-monitoring.interval=\
			90000
		thread-supplier.default-daemon-flag-value=\
			true
		thread-supplier.default-thread-priority=\
			5
		thread-supplier.max-detached-thread-count=\
			${thread-supplier.max-poolable-thread-count}
		thread-supplier.max-detached-thread-count.elapsed-time-threshold-from-last-increase-for-gradual-decreasing-to-initial-value=\
			30000
		thread-supplier.max-detached-thread-count.increasing-step=\
			autodetect
		thread-supplier.max-poolable-thread-count=\
			autodetect
		thread-supplier.poolable-thread-request-timeout=\
			6000


2025-11-10 13:44:25,217 [main] INFO  o.b.core.jvm.BufferHandler - (BufferHandler.java:127) - default buffer size: 1024 bytes
2025-11-10 13:44:25,218 [main] INFO  o.b.core.jvm.BufferHandler - (BufferHandler.java:141) - default allocation mode: ByteBuffer::allocateDirect
2025-11-10 13:44:25,221 [main] INFO  org.burningwave.core.Cache - (Cache.java:76) - Building cache
2025-11-10 13:44:25,236 [main] INFO  o.b.c.a.StaticComponentContainer - (StaticComponentContainer.java:443) - org.burningwave.core.assembler.StaticComponentContainer initialized in 0.0899395 seconds
2025-11-10 13:44:27,704 [Worker-4: Loading available Gradle versions] INFO  o.e.b.c.i.u.g.PublishedGradleVersions - Gradle version information cache is up-to-date. Trying to read.
2025-11-10 14:02:35,233 [Burningwave - Resource releaser] INFO  o.b.c.a.StaticComponentContainer - (StaticComponentContainer.java:391) - ... Waiting for all tasks ending
2025-11-10 14:02:35,234 [Burningwave - Resource releaser] INFO  o.b.c.a.StaticComponentContainer - (StaticComponentContainer.java:397) - Closing all component containers
2025-11-10 14:02:35,235 [Burningwave - Resource releaser] INFO  o.b.c.a.StaticComponentContainer - (StaticComponentContainer.java:403) - Closing FileSystemHelper
2025-11-10 14:02:35,236 [Burningwave - Resource releaser] INFO  o.b.c.a.StaticComponentContainer - (StaticComponentContainer.java:409) - ... Waiting for all tasks ending before shutting down the BackgroundExecutor
2025-11-10 14:02:35,236 [Burningwave - Resource releaser] INFO  o.b.c.a.StaticComponentContainer - (StaticComponentContainer.java:414) - Shutting down BackgroundExecutor
2025-11-10 14:02:35,236 [Burningwave - Resource releaser] INFO  o.b.c.a.StaticComponentContainer - (StaticComponentContainer.java:420) - Stopping all threads monitoring thread
2025-11-10 14:02:35,237 [Burningwave - Resource releaser] INFO  o.b.c.a.StaticComponentContainer - (StaticComponentContainer.java:425) - Closing ThreadHolder
2025-11-10 14:02:35,237 [Burningwave - Resource releaser] INFO  o.b.c.a.StaticComponentContainer - (StaticComponentContainer.java:430) - Shutting down ThreadSupplier
2025-11-10 14:02:43,314 [Worker-4: Loading available Gradle versions] INFO  o.e.b.c.i.u.g.PublishedGradleVersions - Gradle version information cache is up-to-date. Trying to read.
2025-11-10 14:02:55,022 [main] INFO  o.b.c.a.StaticComponentContainer - (StaticComponentContainer.java:368) - Instantiated org.burningwave.core.SLF4JManagedLoggerRepository
2025-11-10 14:02:55,025 [main] INFO  o.b.c.a.StaticComponentContainer - (StaticComponentContainer.java:369) - 

	Configuration values for static components:

		background-executor.all-tasks-monitoring.enabled=\
			true
		background-executor.all-tasks-monitoring.interval=\
			30000
		background-executor.all-tasks-monitoring.logger.enabled=\
			false
		background-executor.all-tasks-monitoring.minimum-elapsed-time-to-consider-a-task-as-probable-dead-locked=\
			300000
		background-executor.all-tasks-monitoring.probable-dead-locked-tasks-handling.policy=\
			log only
		background-executor.queued-task-executor[0].name=\
			Low priority tasks
		background-executor.queued-task-executor[0].priority=\
			1
		background-executor.queued-task-executor[1].name=\
			Normal priority tasks
		background-executor.queued-task-executor[1].priority=\
			5
		background-executor.queued-task-executor[2].name=\
			High priority tasks
		background-executor.queued-task-executor[2].priority=\
			10
		background-executor.task-creation-tracking.enabled=\
			${background-executor.all-tasks-monitoring.enabled}
		banner.additonal-informations=\
			${Bundle-Vendor} ${Bundle-Name} ${Bundle-Version}
		banner.additonal-informations.retrieve-from-manifest-file-of=\
			Burningwave Core
		banner.file=\
			org/burningwave/banner.bwb
		banner.hide=\
			true
		buffer-handler.default-allocation-mode=\
			ByteBuffer::allocateDirect
		buffer-handler.default-buffer-size=\
			1024
		group-name-for-named-elements=\
			Burningwave
		iterable-object-helper.default-values-separator=\
			;
		iterable-object-helper.parallel-iteration.applicability.default-minimum-collection-size=\
			2
		iterable-object-helper.parallel-iteration.applicability.max-runtime-thread-count-threshold=\
			autodetect
		iterable-object-helper.parallel-iteration.applicability.output-collection-enabled-types=\
			java.util.concurrent.ConcurrentHashMap$CollectionView;\
			java.util.Collections$SynchronizedCollection;\
			java.util.concurrent.CopyOnWriteArrayList;\
			java.util.concurrent.CopyOnWriteArraySet;\
			java.util.concurrent.BlockingQueue;\
			java.util.concurrent.ConcurrentSkipListSet;\
			java.util.concurrent.ConcurrentSkipListMap$EntrySet;\
			java.util.concurrent.ConcurrentSkipListMap$KeySet;\
			java.util.concurrent.ConcurrentSkipListMap$Values;
		jvm.driver.init=\
			false
		managed-logger.repository=\
			autodetect
		managed-logger.repository.enabled=\
			true
		managed-logger.repository.logging.warn.disabled-for=\
			org.burningwave.core.assembler.ComponentContainer$ClassLoader;\
			org.burningwave.core.classes.MemoryClassLoader;\
			org.burningwave.core.classes.PathScannerClassLoader;
		modules.export-all-to-all=\
			true
		resource-releaser.enabled=\
			true
		synchronizer.all-threads-monitoring.enabled=\
			false
		synchronizer.all-threads-monitoring.interval=\
			90000
		thread-supplier.default-daemon-flag-value=\
			true
		thread-supplier.default-thread-priority=\
			5
		thread-supplier.max-detached-thread-count=\
			${thread-supplier.max-poolable-thread-count}
		thread-supplier.max-detached-thread-count.elapsed-time-threshold-from-last-increase-for-gradual-decreasing-to-initial-value=\
			30000
		thread-supplier.max-detached-thread-count.increasing-step=\
			autodetect
		thread-supplier.max-poolable-thread-count=\
			autodetect
		thread-supplier.poolable-thread-request-timeout=\
			6000


2025-11-10 14:02:55,026 [main] INFO  o.b.core.jvm.BufferHandler - (BufferHandler.java:127) - default buffer size: 1024 bytes
2025-11-10 14:02:55,027 [main] INFO  o.b.core.jvm.BufferHandler - (BufferHandler.java:141) - default allocation mode: ByteBuffer::allocateDirect
2025-11-10 14:02:55,030 [main] INFO  org.burningwave.core.Cache - (Cache.java:76) - Building cache
2025-11-10 14:02:55,046 [main] INFO  o.b.c.a.StaticComponentContainer - (StaticComponentContainer.java:443) - org.burningwave.core.assembler.StaticComponentContainer initialized in 0.0877333 seconds
2025-11-10 14:07:20,565 [Burningwave - Resource releaser] INFO  o.b.c.a.StaticComponentContainer - (StaticComponentContainer.java:391) - ... Waiting for all tasks ending
2025-11-10 14:07:20,567 [Burningwave - Resource releaser] INFO  o.b.c.a.StaticComponentContainer - (StaticComponentContainer.java:397) - Closing all component containers
2025-11-10 14:07:20,569 [Burningwave - Resource releaser] INFO  o.b.c.a.StaticComponentContainer - (StaticComponentContainer.java:403) - Closing FileSystemHelper
2025-11-10 14:07:20,570 [Burningwave - Resource releaser] INFO  o.b.c.a.StaticComponentContainer - (StaticComponentContainer.java:409) - ... Waiting for all tasks ending before shutting down the BackgroundExecutor
2025-11-10 14:07:20,570 [Burningwave - Resource releaser] INFO  o.b.c.a.StaticComponentContainer - (StaticComponentContainer.java:414) - Shutting down BackgroundExecutor
2025-11-10 14:07:20,570 [Burningwave - Resource releaser] INFO  o.b.c.a.StaticComponentContainer - (StaticComponentContainer.java:420) - Stopping all threads monitoring thread
2025-11-10 14:07:20,570 [Burningwave - Resource releaser] INFO  o.b.c.a.StaticComponentContainer - (StaticComponentContainer.java:425) - Closing ThreadHolder
2025-11-10 14:07:20,571 [Burningwave - Resource releaser] INFO  o.b.c.a.StaticComponentContainer - (StaticComponentContainer.java:430) - Shutting down ThreadSupplier
2025-11-10 14:08:40,140 [main] INFO  o.b.c.a.StaticComponentContainer - (StaticComponentContainer.java:368) - Instantiated org.burningwave.core.SLF4JManagedLoggerRepository
2025-11-10 14:08:40,142 [main] INFO  o.b.c.a.StaticComponentContainer - (StaticComponentContainer.java:369) - 

	Configuration values for static components:

		background-executor.all-tasks-monitoring.enabled=\
			true
		background-executor.all-tasks-monitoring.interval=\
			30000
		background-executor.all-tasks-monitoring.logger.enabled=\
			false
		background-executor.all-tasks-monitoring.minimum-elapsed-time-to-consider-a-task-as-probable-dead-locked=\
			300000
		background-executor.all-tasks-monitoring.probable-dead-locked-tasks-handling.policy=\
			log only
		background-executor.queued-task-executor[0].name=\
			Low priority tasks
		background-executor.queued-task-executor[0].priority=\
			1
		background-executor.queued-task-executor[1].name=\
			Normal priority tasks
		background-executor.queued-task-executor[1].priority=\
			5
		background-executor.queued-task-executor[2].name=\
			High priority tasks
		background-executor.queued-task-executor[2].priority=\
			10
		background-executor.task-creation-tracking.enabled=\
			${background-executor.all-tasks-monitoring.enabled}
		banner.additonal-informations=\
			${Bundle-Vendor} ${Bundle-Name} ${Bundle-Version}
		banner.additonal-informations.retrieve-from-manifest-file-of=\
			Burningwave Core
		banner.file=\
			org/burningwave/banner.bwb
		banner.hide=\
			true
		buffer-handler.default-allocation-mode=\
			ByteBuffer::allocateDirect
		buffer-handler.default-buffer-size=\
			1024
		group-name-for-named-elements=\
			Burningwave
		iterable-object-helper.default-values-separator=\
			;
		iterable-object-helper.parallel-iteration.applicability.default-minimum-collection-size=\
			2
		iterable-object-helper.parallel-iteration.applicability.max-runtime-thread-count-threshold=\
			autodetect
		iterable-object-helper.parallel-iteration.applicability.output-collection-enabled-types=\
			java.util.concurrent.ConcurrentHashMap$CollectionView;\
			java.util.Collections$SynchronizedCollection;\
			java.util.concurrent.CopyOnWriteArrayList;\
			java.util.concurrent.CopyOnWriteArraySet;\
			java.util.concurrent.BlockingQueue;\
			java.util.concurrent.ConcurrentSkipListSet;\
			java.util.concurrent.ConcurrentSkipListMap$EntrySet;\
			java.util.concurrent.ConcurrentSkipListMap$KeySet;\
			java.util.concurrent.ConcurrentSkipListMap$Values;
		jvm.driver.init=\
			false
		managed-logger.repository=\
			autodetect
		managed-logger.repository.enabled=\
			true
		managed-logger.repository.logging.warn.disabled-for=\
			org.burningwave.core.assembler.ComponentContainer$ClassLoader;\
			org.burningwave.core.classes.MemoryClassLoader;\
			org.burningwave.core.classes.PathScannerClassLoader;
		modules.export-all-to-all=\
			true
		resource-releaser.enabled=\
			true
		synchronizer.all-threads-monitoring.enabled=\
			false
		synchronizer.all-threads-monitoring.interval=\
			90000
		thread-supplier.default-daemon-flag-value=\
			true
		thread-supplier.default-thread-priority=\
			5
		thread-supplier.max-detached-thread-count=\
			${thread-supplier.max-poolable-thread-count}
		thread-supplier.max-detached-thread-count.elapsed-time-threshold-from-last-increase-for-gradual-decreasing-to-initial-value=\
			30000
		thread-supplier.max-detached-thread-count.increasing-step=\
			autodetect
		thread-supplier.max-poolable-thread-count=\
			autodetect
		thread-supplier.poolable-thread-request-timeout=\
			6000


2025-11-10 14:08:40,144 [main] INFO  o.b.core.jvm.BufferHandler - (BufferHandler.java:127) - default buffer size: 1024 bytes
2025-11-10 14:08:40,145 [main] INFO  o.b.core.jvm.BufferHandler - (BufferHandler.java:141) - default allocation mode: ByteBuffer::allocateDirect
2025-11-10 14:08:40,148 [main] INFO  org.burningwave.core.Cache - (Cache.java:76) - Building cache
2025-11-10 14:08:40,167 [main] INFO  o.b.c.a.StaticComponentContainer - (StaticComponentContainer.java:443) - org.burningwave.core.assembler.StaticComponentContainer initialized in 0.0890927 seconds
2025-11-10 14:08:41,078 [Worker-6: Loading available Gradle versions] INFO  o.e.b.c.i.u.g.PublishedGradleVersions - Gradle version information cache is up-to-date. Trying to read.
2025-11-10 14:26:10,892 [Burningwave - Resource releaser] INFO  o.b.c.a.StaticComponentContainer - (StaticComponentContainer.java:391) - ... Waiting for all tasks ending
2025-11-10 14:26:10,893 [Burningwave - Resource releaser] INFO  o.b.c.a.StaticComponentContainer - (StaticComponentContainer.java:397) - Closing all component containers
2025-11-10 14:26:10,895 [Burningwave - Resource releaser] INFO  o.b.c.a.StaticComponentContainer - (StaticComponentContainer.java:403) - Closing FileSystemHelper
2025-11-10 14:26:10,896 [Burningwave - Resource releaser] INFO  o.b.c.a.StaticComponentContainer - (StaticComponentContainer.java:409) - ... Waiting for all tasks ending before shutting down the BackgroundExecutor
2025-11-10 14:26:10,896 [Burningwave - Resource releaser] INFO  o.b.c.a.StaticComponentContainer - (StaticComponentContainer.java:414) - Shutting down BackgroundExecutor
2025-11-10 14:26:10,897 [Burningwave - Resource releaser] INFO  o.b.c.a.StaticComponentContainer - (StaticComponentContainer.java:420) - Stopping all threads monitoring thread
2025-11-10 14:26:10,897 [Burningwave - Resource releaser] INFO  o.b.c.a.StaticComponentContainer - (StaticComponentContainer.java:425) - Closing ThreadHolder
2025-11-10 14:26:10,898 [Burningwave - Resource releaser] INFO  o.b.c.a.StaticComponentContainer - (StaticComponentContainer.java:430) - Shutting down ThreadSupplier
2025-11-11 09:15:04,160 [main] INFO  o.b.c.a.StaticComponentContainer - (StaticComponentContainer.java:368) - Instantiated org.burningwave.core.SLF4JManagedLoggerRepository
2025-11-11 09:15:04,160 [main] INFO  o.b.c.a.StaticComponentContainer - (StaticComponentContainer.java:369) - 

	Configuration values for static components:

		background-executor.all-tasks-monitoring.enabled=\
			true
		background-executor.all-tasks-monitoring.interval=\
			30000
		background-executor.all-tasks-monitoring.logger.enabled=\
			false
		background-executor.all-tasks-monitoring.minimum-elapsed-time-to-consider-a-task-as-probable-dead-locked=\
			300000
		background-executor.all-tasks-monitoring.probable-dead-locked-tasks-handling.policy=\
			log only
		background-executor.queued-task-executor[0].name=\
			Low priority tasks
		background-executor.queued-task-executor[0].priority=\
			1
		background-executor.queued-task-executor[1].name=\
			Normal priority tasks
		background-executor.queued-task-executor[1].priority=\
			5
		background-executor.queued-task-executor[2].name=\
			High priority tasks
		background-executor.queued-task-executor[2].priority=\
			10
		background-executor.task-creation-tracking.enabled=\
			${background-executor.all-tasks-monitoring.enabled}
		banner.additonal-informations=\
			${Bundle-Vendor} ${Bundle-Name} ${Bundle-Version}
		banner.additonal-informations.retrieve-from-manifest-file-of=\
			Burningwave Core
		banner.file=\
			org/burningwave/banner.bwb
		banner.hide=\
			true
		buffer-handler.default-allocation-mode=\
			ByteBuffer::allocateDirect
		buffer-handler.default-buffer-size=\
			1024
		group-name-for-named-elements=\
			Burningwave
		iterable-object-helper.default-values-separator=\
			;
		iterable-object-helper.parallel-iteration.applicability.default-minimum-collection-size=\
			2
		iterable-object-helper.parallel-iteration.applicability.max-runtime-thread-count-threshold=\
			autodetect
		iterable-object-helper.parallel-iteration.applicability.output-collection-enabled-types=\
			java.util.concurrent.ConcurrentHashMap$CollectionView;\
			java.util.Collections$SynchronizedCollection;\
			java.util.concurrent.CopyOnWriteArrayList;\
			java.util.concurrent.CopyOnWriteArraySet;\
			java.util.concurrent.BlockingQueue;\
			java.util.concurrent.ConcurrentSkipListSet;\
			java.util.concurrent.ConcurrentSkipListMap$EntrySet;\
			java.util.concurrent.ConcurrentSkipListMap$KeySet;\
			java.util.concurrent.ConcurrentSkipListMap$Values;
		jvm.driver.init=\
			false
		managed-logger.repository=\
			autodetect
		managed-logger.repository.enabled=\
			true
		managed-logger.repository.logging.warn.disabled-for=\
			org.burningwave.core.assembler.ComponentContainer$ClassLoader;\
			org.burningwave.core.classes.MemoryClassLoader;\
			org.burningwave.core.classes.PathScannerClassLoader;
		modules.export-all-to-all=\
			true
		resource-releaser.enabled=\
			true
		synchronizer.all-threads-monitoring.enabled=\
			false
		synchronizer.all-threads-monitoring.interval=\
			90000
		thread-supplier.default-daemon-flag-value=\
			true
		thread-supplier.default-thread-priority=\
			5
		thread-supplier.max-detached-thread-count=\
			${thread-supplier.max-poolable-thread-count}
		thread-supplier.max-detached-thread-count.elapsed-time-threshold-from-last-increase-for-gradual-decreasing-to-initial-value=\
			30000
		thread-supplier.max-detached-thread-count.increasing-step=\
			autodetect
		thread-supplier.max-poolable-thread-count=\
			autodetect
		thread-supplier.poolable-thread-request-timeout=\
			6000


2025-11-11 09:15:04,160 [main] INFO  o.b.core.jvm.BufferHandler - (BufferHandler.java:127) - default buffer size: 1024 bytes
2025-11-11 09:15:04,160 [main] INFO  o.b.core.jvm.BufferHandler - (BufferHandler.java:141) - default allocation mode: ByteBuffer::allocateDirect
2025-11-11 09:15:04,160 [main] INFO  org.burningwave.core.Cache - (Cache.java:76) - Building cache
2025-11-11 09:15:04,180 [main] INFO  o.b.c.a.StaticComponentContainer - (StaticComponentContainer.java:443) - org.burningwave.core.assembler.StaticComponentContainer initialized in 0.0852301 seconds
2025-11-11 09:15:06,885 [Worker-2: Loading available Gradle versions] INFO  o.e.b.c.i.u.g.PublishedGradleVersions - Gradle version information cache is out-of-date. Trying to update.
2025-11-11 09:18:39,265 [Burningwave - Resource releaser] INFO  o.b.c.a.StaticComponentContainer - (StaticComponentContainer.java:391) - ... Waiting for all tasks ending
2025-11-11 09:18:39,271 [Burningwave - Resource releaser] INFO  o.b.c.a.StaticComponentContainer - (StaticComponentContainer.java:397) - Closing all component containers
2025-11-11 09:18:39,273 [Burningwave - Resource releaser] INFO  o.b.c.a.StaticComponentContainer - (StaticComponentContainer.java:403) - Closing FileSystemHelper
2025-11-11 09:18:39,274 [Burningwave - Resource releaser] INFO  o.b.c.a.StaticComponentContainer - (StaticComponentContainer.java:409) - ... Waiting for all tasks ending before shutting down the BackgroundExecutor
2025-11-11 09:18:39,274 [Burningwave - Resource releaser] INFO  o.b.c.a.StaticComponentContainer - (StaticComponentContainer.java:414) - Shutting down BackgroundExecutor
2025-11-11 09:18:39,274 [Burningwave - Resource releaser] INFO  o.b.c.a.StaticComponentContainer - (StaticComponentContainer.java:420) - Stopping all threads monitoring thread
2025-11-11 09:18:39,275 [Burningwave - Resource releaser] INFO  o.b.c.a.StaticComponentContainer - (StaticComponentContainer.java:425) - Closing ThreadHolder
2025-11-11 09:18:39,275 [Burningwave - Resource releaser] INFO  o.b.c.a.StaticComponentContainer - (StaticComponentContainer.java:430) - Shutting down ThreadSupplier
2025-11-11 09:20:09,662 [main] INFO  o.b.c.a.StaticComponentContainer - (StaticComponentContainer.java:368) - Instantiated org.burningwave.core.SLF4JManagedLoggerRepository
2025-11-11 09:20:09,664 [main] INFO  o.b.c.a.StaticComponentContainer - (StaticComponentContainer.java:369) - 

	Configuration values for static components:

		background-executor.all-tasks-monitoring.enabled=\
			true
		background-executor.all-tasks-monitoring.interval=\
			30000
		background-executor.all-tasks-monitoring.logger.enabled=\
			false
		background-executor.all-tasks-monitoring.minimum-elapsed-time-to-consider-a-task-as-probable-dead-locked=\
			300000
		background-executor.all-tasks-monitoring.probable-dead-locked-tasks-handling.policy=\
			log only
		background-executor.queued-task-executor[0].name=\
			Low priority tasks
		background-executor.queued-task-executor[0].priority=\
			1
		background-executor.queued-task-executor[1].name=\
			Normal priority tasks
		background-executor.queued-task-executor[1].priority=\
			5
		background-executor.queued-task-executor[2].name=\
			High priority tasks
		background-executor.queued-task-executor[2].priority=\
			10
		background-executor.task-creation-tracking.enabled=\
			${background-executor.all-tasks-monitoring.enabled}
		banner.additonal-informations=\
			${Bundle-Vendor} ${Bundle-Name} ${Bundle-Version}
		banner.additonal-informations.retrieve-from-manifest-file-of=\
			Burningwave Core
		banner.file=\
			org/burningwave/banner.bwb
		banner.hide=\
			true
		buffer-handler.default-allocation-mode=\
			ByteBuffer::allocateDirect
		buffer-handler.default-buffer-size=\
			1024
		group-name-for-named-elements=\
			Burningwave
		iterable-object-helper.default-values-separator=\
			;
		iterable-object-helper.parallel-iteration.applicability.default-minimum-collection-size=\
			2
		iterable-object-helper.parallel-iteration.applicability.max-runtime-thread-count-threshold=\
			autodetect
		iterable-object-helper.parallel-iteration.applicability.output-collection-enabled-types=\
			java.util.concurrent.ConcurrentHashMap$CollectionView;\
			java.util.Collections$SynchronizedCollection;\
			java.util.concurrent.CopyOnWriteArrayList;\
			java.util.concurrent.CopyOnWriteArraySet;\
			java.util.concurrent.BlockingQueue;\
			java.util.concurrent.ConcurrentSkipListSet;\
			java.util.concurrent.ConcurrentSkipListMap$EntrySet;\
			java.util.concurrent.ConcurrentSkipListMap$KeySet;\
			java.util.concurrent.ConcurrentSkipListMap$Values;
		jvm.driver.init=\
			false
		managed-logger.repository=\
			autodetect
		managed-logger.repository.enabled=\
			true
		managed-logger.repository.logging.warn.disabled-for=\
			org.burningwave.core.assembler.ComponentContainer$ClassLoader;\
			org.burningwave.core.classes.MemoryClassLoader;\
			org.burningwave.core.classes.PathScannerClassLoader;
		modules.export-all-to-all=\
			true
		resource-releaser.enabled=\
			true
		synchronizer.all-threads-monitoring.enabled=\
			false
		synchronizer.all-threads-monitoring.interval=\
			90000
		thread-supplier.default-daemon-flag-value=\
			true
		thread-supplier.default-thread-priority=\
			5
		thread-supplier.max-detached-thread-count=\
			${thread-supplier.max-poolable-thread-count}
		thread-supplier.max-detached-thread-count.elapsed-time-threshold-from-last-increase-for-gradual-decreasing-to-initial-value=\
			30000
		thread-supplier.max-detached-thread-count.increasing-step=\
			autodetect
		thread-supplier.max-poolable-thread-count=\
			autodetect
		thread-supplier.poolable-thread-request-timeout=\
			6000


2025-11-11 09:20:09,666 [main] INFO  o.b.core.jvm.BufferHandler - (BufferHandler.java:127) - default buffer size: 1024 bytes
2025-11-11 09:20:09,666 [main] INFO  o.b.core.jvm.BufferHandler - (BufferHandler.java:141) - default allocation mode: ByteBuffer::allocateDirect
2025-11-11 09:20:09,670 [main] INFO  org.burningwave.core.Cache - (Cache.java:76) - Building cache
2025-11-11 09:20:09,687 [main] INFO  o.b.c.a.StaticComponentContainer - (StaticComponentContainer.java:443) - org.burningwave.core.assembler.StaticComponentContainer initialized in 0.0959441 seconds
2025-11-11 09:20:12,317 [Worker-4: Loading available Gradle versions] INFO  o.e.b.c.i.u.g.PublishedGradleVersions - Gradle version information cache is up-to-date. Trying to read.
2025-11-11 11:31:21,981 [Burningwave - Resource releaser] INFO  o.b.c.a.StaticComponentContainer - (StaticComponentContainer.java:391) - ... Waiting for all tasks ending
2025-11-11 11:31:21,983 [Burningwave - Resource releaser] INFO  o.b.c.a.StaticComponentContainer - (StaticComponentContainer.java:397) - Closing all component containers
2025-11-11 11:31:21,985 [Burningwave - Resource releaser] INFO  o.b.c.a.StaticComponentContainer - (StaticComponentContainer.java:403) - Closing FileSystemHelper
2025-11-11 11:31:21,985 [Burningwave - Resource releaser] INFO  o.b.c.a.StaticComponentContainer - (StaticComponentContainer.java:409) - ... Waiting for all tasks ending before shutting down the BackgroundExecutor
2025-11-11 11:31:21,986 [Burningwave - Resource releaser] INFO  o.b.c.a.StaticComponentContainer - (StaticComponentContainer.java:414) - Shutting down BackgroundExecutor
2025-11-11 11:31:21,986 [Burningwave - Resource releaser] INFO  o.b.c.a.StaticComponentContainer - (StaticComponentContainer.java:420) - Stopping all threads monitoring thread
2025-11-11 11:31:21,987 [Burningwave - Resource releaser] INFO  o.b.c.a.StaticComponentContainer - (StaticComponentContainer.java:425) - Closing ThreadHolder
2025-11-11 11:31:21,987 [Burningwave - Resource releaser] INFO  o.b.c.a.StaticComponentContainer - (StaticComponentContainer.java:430) - Shutting down ThreadSupplier
2025-11-11 13:25:20,879 [main] INFO  o.b.c.a.StaticComponentContainer - (StaticComponentContainer.java:368) - Instantiated org.burningwave.core.SLF4JManagedLoggerRepository
2025-11-11 13:25:20,879 [main] INFO  o.b.c.a.StaticComponentContainer - (StaticComponentContainer.java:369) - 

	Configuration values for static components:

		background-executor.all-tasks-monitoring.enabled=\
			true
		background-executor.all-tasks-monitoring.interval=\
			30000
		background-executor.all-tasks-monitoring.logger.enabled=\
			false
		background-executor.all-tasks-monitoring.minimum-elapsed-time-to-consider-a-task-as-probable-dead-locked=\
			300000
		background-executor.all-tasks-monitoring.probable-dead-locked-tasks-handling.policy=\
			log only
		background-executor.queued-task-executor[0].name=\
			Low priority tasks
		background-executor.queued-task-executor[0].priority=\
			1
		background-executor.queued-task-executor[1].name=\
			Normal priority tasks
		background-executor.queued-task-executor[1].priority=\
			5
		background-executor.queued-task-executor[2].name=\
			High priority tasks
		background-executor.queued-task-executor[2].priority=\
			10
		background-executor.task-creation-tracking.enabled=\
			${background-executor.all-tasks-monitoring.enabled}
		banner.additonal-informations=\
			${Bundle-Vendor} ${Bundle-Name} ${Bundle-Version}
		banner.additonal-informations.retrieve-from-manifest-file-of=\
			Burningwave Core
		banner.file=\
			org/burningwave/banner.bwb
		banner.hide=\
			true
		buffer-handler.default-allocation-mode=\
			ByteBuffer::allocateDirect
		buffer-handler.default-buffer-size=\
			1024
		group-name-for-named-elements=\
			Burningwave
		iterable-object-helper.default-values-separator=\
			;
		iterable-object-helper.parallel-iteration.applicability.default-minimum-collection-size=\
			2
		iterable-object-helper.parallel-iteration.applicability.max-runtime-thread-count-threshold=\
			autodetect
		iterable-object-helper.parallel-iteration.applicability.output-collection-enabled-types=\
			java.util.concurrent.ConcurrentHashMap$CollectionView;\
			java.util.Collections$SynchronizedCollection;\
			java.util.concurrent.CopyOnWriteArrayList;\
			java.util.concurrent.CopyOnWriteArraySet;\
			java.util.concurrent.BlockingQueue;\
			java.util.concurrent.ConcurrentSkipListSet;\
			java.util.concurrent.ConcurrentSkipListMap$EntrySet;\
			java.util.concurrent.ConcurrentSkipListMap$KeySet;\
			java.util.concurrent.ConcurrentSkipListMap$Values;
		jvm.driver.init=\
			false
		managed-logger.repository=\
			autodetect
		managed-logger.repository.enabled=\
			true
		managed-logger.repository.logging.warn.disabled-for=\
			org.burningwave.core.assembler.ComponentContainer$ClassLoader;\
			org.burningwave.core.classes.MemoryClassLoader;\
			org.burningwave.core.classes.PathScannerClassLoader;
		modules.export-all-to-all=\
			true
		resource-releaser.enabled=\
			true
		synchronizer.all-threads-monitoring.enabled=\
			false
		synchronizer.all-threads-monitoring.interval=\
			90000
		thread-supplier.default-daemon-flag-value=\
			true
		thread-supplier.default-thread-priority=\
			5
		thread-supplier.max-detached-thread-count=\
			${thread-supplier.max-poolable-thread-count}
		thread-supplier.max-detached-thread-count.elapsed-time-threshold-from-last-increase-for-gradual-decreasing-to-initial-value=\
			30000
		thread-supplier.max-detached-thread-count.increasing-step=\
			autodetect
		thread-supplier.max-poolable-thread-count=\
			autodetect
		thread-supplier.poolable-thread-request-timeout=\
			6000


2025-11-11 13:25:20,879 [main] INFO  o.b.core.jvm.BufferHandler - (BufferHandler.java:127) - default buffer size: 1024 bytes
2025-11-11 13:25:20,879 [main] INFO  o.b.core.jvm.BufferHandler - (BufferHandler.java:141) - default allocation mode: ByteBuffer::allocateDirect
2025-11-11 13:25:20,891 [main] INFO  org.burningwave.core.Cache - (Cache.java:76) - Building cache
2025-11-11 13:25:20,905 [main] INFO  o.b.c.a.StaticComponentContainer - (StaticComponentContainer.java:443) - org.burningwave.core.assembler.StaticComponentContainer initialized in 0.1319456 seconds
2025-11-11 13:25:22,703 [Worker-6: Loading available Gradle versions] INFO  o.e.b.c.i.u.g.PublishedGradleVersions - Gradle version information cache is up-to-date. Trying to read.
2025-11-11 14:24:59,668 [Burningwave - Resource releaser] INFO  o.b.c.a.StaticComponentContainer - (StaticComponentContainer.java:391) - ... Waiting for all tasks ending
2025-11-11 14:24:59,670 [Burningwave - Resource releaser] INFO  o.b.c.a.StaticComponentContainer - (StaticComponentContainer.java:397) - Closing all component containers
2025-11-11 14:24:59,671 [Burningwave - Resource releaser] INFO  o.b.c.a.StaticComponentContainer - (StaticComponentContainer.java:403) - Closing FileSystemHelper
2025-11-11 14:24:59,672 [Burningwave - Resource releaser] INFO  o.b.c.a.StaticComponentContainer - (StaticComponentContainer.java:409) - ... Waiting for all tasks ending before shutting down the BackgroundExecutor
2025-11-11 14:24:59,672 [Burningwave - Resource releaser] INFO  o.b.c.a.StaticComponentContainer - (StaticComponentContainer.java:414) - Shutting down BackgroundExecutor
2025-11-11 14:24:59,672 [Burningwave - Resource releaser] INFO  o.b.c.a.StaticComponentContainer - (StaticComponentContainer.java:420) - Stopping all threads monitoring thread
2025-11-11 14:24:59,672 [Burningwave - Resource releaser] INFO  o.b.c.a.StaticComponentContainer - (StaticComponentContainer.java:425) - Closing ThreadHolder
2025-11-11 14:24:59,672 [Burningwave - Resource releaser] INFO  o.b.c.a.StaticComponentContainer - (StaticComponentContainer.java:430) - Shutting down ThreadSupplier
2025-11-12 07:59:00,772 [Worker-4: Loading available Gradle versions] INFO  o.e.b.c.i.u.g.PublishedGradleVersions - Gradle version information cache is up-to-date. Trying to read.
2025-11-12 08:18:45,678 [main] INFO  o.b.c.a.StaticComponentContainer - (StaticComponentContainer.java:368) - Instantiated org.burningwave.core.SLF4JManagedLoggerRepository
2025-11-12 08:18:45,682 [main] INFO  o.b.c.a.StaticComponentContainer - (StaticComponentContainer.java:369) - 

	Configuration values for static components:

		background-executor.all-tasks-monitoring.enabled=\
			true
		background-executor.all-tasks-monitoring.interval=\
			30000
		background-executor.all-tasks-monitoring.logger.enabled=\
			false
		background-executor.all-tasks-monitoring.minimum-elapsed-time-to-consider-a-task-as-probable-dead-locked=\
			300000
		background-executor.all-tasks-monitoring.probable-dead-locked-tasks-handling.policy=\
			log only
		background-executor.queued-task-executor[0].name=\
			Low priority tasks
		background-executor.queued-task-executor[0].priority=\
			1
		background-executor.queued-task-executor[1].name=\
			Normal priority tasks
		background-executor.queued-task-executor[1].priority=\
			5
		background-executor.queued-task-executor[2].name=\
			High priority tasks
		background-executor.queued-task-executor[2].priority=\
			10
		background-executor.task-creation-tracking.enabled=\
			${background-executor.all-tasks-monitoring.enabled}
		banner.additonal-informations=\
			${Bundle-Vendor} ${Bundle-Name} ${Bundle-Version}
		banner.additonal-informations.retrieve-from-manifest-file-of=\
			Burningwave Core
		banner.file=\
			org/burningwave/banner.bwb
		banner.hide=\
			true
		buffer-handler.default-allocation-mode=\
			ByteBuffer::allocateDirect
		buffer-handler.default-buffer-size=\
			1024
		group-name-for-named-elements=\
			Burningwave
		iterable-object-helper.default-values-separator=\
			;
		iterable-object-helper.parallel-iteration.applicability.default-minimum-collection-size=\
			2
		iterable-object-helper.parallel-iteration.applicability.max-runtime-thread-count-threshold=\
			autodetect
		iterable-object-helper.parallel-iteration.applicability.output-collection-enabled-types=\
			java.util.concurrent.ConcurrentHashMap$CollectionView;\
			java.util.Collections$SynchronizedCollection;\
			java.util.concurrent.CopyOnWriteArrayList;\
			java.util.concurrent.CopyOnWriteArraySet;\
			java.util.concurrent.BlockingQueue;\
			java.util.concurrent.ConcurrentSkipListSet;\
			java.util.concurrent.ConcurrentSkipListMap$EntrySet;\
			java.util.concurrent.ConcurrentSkipListMap$KeySet;\
			java.util.concurrent.ConcurrentSkipListMap$Values;
		jvm.driver.init=\
			false
		managed-logger.repository=\
			autodetect
		managed-logger.repository.enabled=\
			true
		managed-logger.repository.logging.warn.disabled-for=\
			org.burningwave.core.assembler.ComponentContainer$ClassLoader;\
			org.burningwave.core.classes.MemoryClassLoader;\
			org.burningwave.core.classes.PathScannerClassLoader;
		modules.export-all-to-all=\
			true
		resource-releaser.enabled=\
			true
		synchronizer.all-threads-monitoring.enabled=\
			false
		synchronizer.all-threads-monitoring.interval=\
			90000
		thread-supplier.default-daemon-flag-value=\
			true
		thread-supplier.default-thread-priority=\
			5
		thread-supplier.max-detached-thread-count=\
			${thread-supplier.max-poolable-thread-count}
		thread-supplier.max-detached-thread-count.elapsed-time-threshold-from-last-increase-for-gradual-decreasing-to-initial-value=\
			30000
		thread-supplier.max-detached-thread-count.increasing-step=\
			autodetect
		thread-supplier.max-poolable-thread-count=\
			autodetect
		thread-supplier.poolable-thread-request-timeout=\
			6000


2025-11-12 08:18:45,685 [main] INFO  o.b.core.jvm.BufferHandler - (BufferHandler.java:127) - default buffer size: 1024 bytes
2025-11-12 08:18:45,686 [main] INFO  o.b.core.jvm.BufferHandler - (BufferHandler.java:141) - default allocation mode: ByteBuffer::allocateDirect
2025-11-12 08:18:45,691 [main] INFO  org.burningwave.core.Cache - (Cache.java:76) - Building cache
2025-11-12 08:18:45,717 [main] INFO  o.b.c.a.StaticComponentContainer - (StaticComponentContainer.java:443) - org.burningwave.core.assembler.StaticComponentContainer initialized in 0.1160325 seconds
2025-11-12 13:30:23,145 [Burningwave - Resource releaser] INFO  o.b.c.a.StaticComponentContainer - (StaticComponentContainer.java:391) - ... Waiting for all tasks ending
2025-11-12 13:30:23,146 [Burningwave - Resource releaser] INFO  o.b.c.a.StaticComponentContainer - (StaticComponentContainer.java:397) - Closing all component containers
2025-11-12 13:30:23,148 [Burningwave - Resource releaser] INFO  o.b.c.a.StaticComponentContainer - (StaticComponentContainer.java:403) - Closing FileSystemHelper
2025-11-12 13:30:23,149 [Burningwave - Resource releaser] INFO  o.b.c.a.StaticComponentContainer - (StaticComponentContainer.java:409) - ... Waiting for all tasks ending before shutting down the BackgroundExecutor
2025-11-12 13:30:23,149 [Burningwave - Resource releaser] INFO  o.b.c.a.StaticComponentContainer - (StaticComponentContainer.java:414) - Shutting down BackgroundExecutor
2025-11-12 13:30:23,149 [Burningwave - Resource releaser] INFO  o.b.c.a.StaticComponentContainer - (StaticComponentContainer.java:420) - Stopping all threads monitoring thread
2025-11-12 13:30:23,150 [Burningwave - Resource releaser] INFO  o.b.c.a.StaticComponentContainer - (StaticComponentContainer.java:425) - Closing ThreadHolder
2025-11-12 13:30:23,150 [Burningwave - Resource releaser] INFO  o.b.c.a.StaticComponentContainer - (StaticComponentContainer.java:430) - Shutting down ThreadSupplier
2025-11-13 09:21:27,474 [Worker-6: Loading available Gradle versions] INFO  o.e.b.c.i.u.g.PublishedGradleVersions - Gradle version information cache is out-of-date. Trying to update.
2025-11-13 09:21:33,403 [main] INFO  o.b.c.a.StaticComponentContainer - (StaticComponentContainer.java:368) - Instantiated org.burningwave.core.SLF4JManagedLoggerRepository
2025-11-13 09:21:33,404 [main] INFO  o.b.c.a.StaticComponentContainer - (StaticComponentContainer.java:369) - 

	Configuration values for static components:

		background-executor.all-tasks-monitoring.enabled=\
			true
		background-executor.all-tasks-monitoring.interval=\
			30000
		background-executor.all-tasks-monitoring.logger.enabled=\
			false
		background-executor.all-tasks-monitoring.minimum-elapsed-time-to-consider-a-task-as-probable-dead-locked=\
			300000
		background-executor.all-tasks-monitoring.probable-dead-locked-tasks-handling.policy=\
			log only
		background-executor.queued-task-executor[0].name=\
			Low priority tasks
		background-executor.queued-task-executor[0].priority=\
			1
		background-executor.queued-task-executor[1].name=\
			Normal priority tasks
		background-executor.queued-task-executor[1].priority=\
			5
		background-executor.queued-task-executor[2].name=\
			High priority tasks
		background-executor.queued-task-executor[2].priority=\
			10
		background-executor.task-creation-tracking.enabled=\
			${background-executor.all-tasks-monitoring.enabled}
		banner.additonal-informations=\
			${Bundle-Vendor} ${Bundle-Name} ${Bundle-Version}
		banner.additonal-informations.retrieve-from-manifest-file-of=\
			Burningwave Core
		banner.file=\
			org/burningwave/banner.bwb
		banner.hide=\
			true
		buffer-handler.default-allocation-mode=\
			ByteBuffer::allocateDirect
		buffer-handler.default-buffer-size=\
			1024
		group-name-for-named-elements=\
			Burningwave
		iterable-object-helper.default-values-separator=\
			;
		iterable-object-helper.parallel-iteration.applicability.default-minimum-collection-size=\
			2
		iterable-object-helper.parallel-iteration.applicability.max-runtime-thread-count-threshold=\
			autodetect
		iterable-object-helper.parallel-iteration.applicability.output-collection-enabled-types=\
			java.util.concurrent.ConcurrentHashMap$CollectionView;\
			java.util.Collections$SynchronizedCollection;\
			java.util.concurrent.CopyOnWriteArrayList;\
			java.util.concurrent.CopyOnWriteArraySet;\
			java.util.concurrent.BlockingQueue;\
			java.util.concurrent.ConcurrentSkipListSet;\
			java.util.concurrent.ConcurrentSkipListMap$EntrySet;\
			java.util.concurrent.ConcurrentSkipListMap$KeySet;\
			java.util.concurrent.ConcurrentSkipListMap$Values;
		jvm.driver.init=\
			false
		managed-logger.repository=\
			autodetect
		managed-logger.repository.enabled=\
			true
		managed-logger.repository.logging.warn.disabled-for=\
			org.burningwave.core.assembler.ComponentContainer$ClassLoader;\
			org.burningwave.core.classes.MemoryClassLoader;\
			org.burningwave.core.classes.PathScannerClassLoader;
		modules.export-all-to-all=\
			true
		resource-releaser.enabled=\
			true
		synchronizer.all-threads-monitoring.enabled=\
			false
		synchronizer.all-threads-monitoring.interval=\
			90000
		thread-supplier.default-daemon-flag-value=\
			true
		thread-supplier.default-thread-priority=\
			5
		thread-supplier.max-detached-thread-count=\
			${thread-supplier.max-poolable-thread-count}
		thread-supplier.max-detached-thread-count.elapsed-time-threshold-from-last-increase-for-gradual-decreasing-to-initial-value=\
			30000
		thread-supplier.max-detached-thread-count.increasing-step=\
			autodetect
		thread-supplier.max-poolable-thread-count=\
			autodetect
		thread-supplier.poolable-thread-request-timeout=\
			6000


2025-11-13 09:21:33,406 [main] INFO  o.b.core.jvm.BufferHandler - (BufferHandler.java:127) - default buffer size: 1024 bytes
2025-11-13 09:21:33,407 [main] INFO  o.b.core.jvm.BufferHandler - (BufferHandler.java:141) - default allocation mode: ByteBuffer::allocateDirect
2025-11-13 09:21:33,409 [main] INFO  org.burningwave.core.Cache - (Cache.java:76) - Building cache
2025-11-13 09:21:33,424 [main] INFO  o.b.c.a.StaticComponentContainer - (StaticComponentContainer.java:443) - org.burningwave.core.assembler.StaticComponentContainer initialized in 0.078802 seconds
2025-11-13 09:26:51,363 [Burningwave - Resource releaser] INFO  o.b.c.a.StaticComponentContainer - (StaticComponentContainer.java:391) - ... Waiting for all tasks ending
2025-11-13 09:26:51,365 [Burningwave - Resource releaser] INFO  o.b.c.a.StaticComponentContainer - (StaticComponentContainer.java:397) - Closing all component containers
2025-11-13 09:26:51,366 [Burningwave - Resource releaser] INFO  o.b.c.a.StaticComponentContainer - (StaticComponentContainer.java:403) - Closing FileSystemHelper
2025-11-13 09:26:51,367 [Burningwave - Resource releaser] INFO  o.b.c.a.StaticComponentContainer - (StaticComponentContainer.java:409) - ... Waiting for all tasks ending before shutting down the BackgroundExecutor
2025-11-13 09:26:51,368 [Burningwave - Resource releaser] INFO  o.b.c.a.StaticComponentContainer - (StaticComponentContainer.java:414) - Shutting down BackgroundExecutor
2025-11-13 09:26:51,368 [Burningwave - Resource releaser] INFO  o.b.c.a.StaticComponentContainer - (StaticComponentContainer.java:420) - Stopping all threads monitoring thread
2025-11-13 09:26:51,369 [Burningwave - Resource releaser] INFO  o.b.c.a.StaticComponentContainer - (StaticComponentContainer.java:425) - Closing ThreadHolder
2025-11-13 09:26:51,370 [Burningwave - Resource releaser] INFO  o.b.c.a.StaticComponentContainer - (StaticComponentContainer.java:430) - Shutting down ThreadSupplier
2025-11-13 09:26:58,155 [main] INFO  o.b.c.a.StaticComponentContainer - (StaticComponentContainer.java:368) - Instantiated org.burningwave.core.SLF4JManagedLoggerRepository
2025-11-13 09:26:58,157 [main] INFO  o.b.c.a.StaticComponentContainer - (StaticComponentContainer.java:369) - 

	Configuration values for static components:

		background-executor.all-tasks-monitoring.enabled=\
			true
		background-executor.all-tasks-monitoring.interval=\
			30000
		background-executor.all-tasks-monitoring.logger.enabled=\
			false
		background-executor.all-tasks-monitoring.minimum-elapsed-time-to-consider-a-task-as-probable-dead-locked=\
			300000
		background-executor.all-tasks-monitoring.probable-dead-locked-tasks-handling.policy=\
			log only
		background-executor.queued-task-executor[0].name=\
			Low priority tasks
		background-executor.queued-task-executor[0].priority=\
			1
		background-executor.queued-task-executor[1].name=\
			Normal priority tasks
		background-executor.queued-task-executor[1].priority=\
			5
		background-executor.queued-task-executor[2].name=\
			High priority tasks
		background-executor.queued-task-executor[2].priority=\
			10
		background-executor.task-creation-tracking.enabled=\
			${background-executor.all-tasks-monitoring.enabled}
		banner.additonal-informations=\
			${Bundle-Vendor} ${Bundle-Name} ${Bundle-Version}
		banner.additonal-informations.retrieve-from-manifest-file-of=\
			Burningwave Core
		banner.file=\
			org/burningwave/banner.bwb
		banner.hide=\
			true
		buffer-handler.default-allocation-mode=\
			ByteBuffer::allocateDirect
		buffer-handler.default-buffer-size=\
			1024
		group-name-for-named-elements=\
			Burningwave
		iterable-object-helper.default-values-separator=\
			;
		iterable-object-helper.parallel-iteration.applicability.default-minimum-collection-size=\
			2
		iterable-object-helper.parallel-iteration.applicability.max-runtime-thread-count-threshold=\
			autodetect
		iterable-object-helper.parallel-iteration.applicability.output-collection-enabled-types=\
			java.util.concurrent.ConcurrentHashMap$CollectionView;\
			java.util.Collections$SynchronizedCollection;\
			java.util.concurrent.CopyOnWriteArrayList;\
			java.util.concurrent.CopyOnWriteArraySet;\
			java.util.concurrent.BlockingQueue;\
			java.util.concurrent.ConcurrentSkipListSet;\
			java.util.concurrent.ConcurrentSkipListMap$EntrySet;\
			java.util.concurrent.ConcurrentSkipListMap$KeySet;\
			java.util.concurrent.ConcurrentSkipListMap$Values;
		jvm.driver.init=\
			false
		managed-logger.repository=\
			autodetect
		managed-logger.repository.enabled=\
			true
		managed-logger.repository.logging.warn.disabled-for=\
			org.burningwave.core.assembler.ComponentContainer$ClassLoader;\
			org.burningwave.core.classes.MemoryClassLoader;\
			org.burningwave.core.classes.PathScannerClassLoader;
		modules.export-all-to-all=\
			true
		resource-releaser.enabled=\
			true
		synchronizer.all-threads-monitoring.enabled=\
			false
		synchronizer.all-threads-monitoring.interval=\
			90000
		thread-supplier.default-daemon-flag-value=\
			true
		thread-supplier.default-thread-priority=\
			5
		thread-supplier.max-detached-thread-count=\
			${thread-supplier.max-poolable-thread-count}
		thread-supplier.max-detached-thread-count.elapsed-time-threshold-from-last-increase-for-gradual-decreasing-to-initial-value=\
			30000
		thread-supplier.max-detached-thread-count.increasing-step=\
			autodetect
		thread-supplier.max-poolable-thread-count=\
			autodetect
		thread-supplier.poolable-thread-request-timeout=\
			6000


2025-11-13 09:26:58,158 [main] INFO  o.b.core.jvm.BufferHandler - (BufferHandler.java:127) - default buffer size: 1024 bytes
2025-11-13 09:26:58,159 [main] INFO  o.b.core.jvm.BufferHandler - (BufferHandler.java:141) - default allocation mode: ByteBuffer::allocateDirect
2025-11-13 09:26:58,162 [main] INFO  org.burningwave.core.Cache - (Cache.java:76) - Building cache
2025-11-13 09:26:58,177 [main] INFO  o.b.c.a.StaticComponentContainer - (StaticComponentContainer.java:443) - org.burningwave.core.assembler.StaticComponentContainer initialized in 0.0657874 seconds
2025-11-13 09:26:59,307 [Worker-6: Loading available Gradle versions] INFO  o.e.b.c.i.u.g.PublishedGradleVersions - Gradle version information cache is up-to-date. Trying to read.
2025-11-13 09:29:59,133 [Burningwave - Resource releaser] INFO  o.b.c.a.StaticComponentContainer - (StaticComponentContainer.java:391) - ... Waiting for all tasks ending
2025-11-13 09:29:59,135 [Burningwave - Resource releaser] INFO  o.b.c.a.StaticComponentContainer - (StaticComponentContainer.java:397) - Closing all component containers
2025-11-13 09:29:59,137 [Burningwave - Resource releaser] INFO  o.b.c.a.StaticComponentContainer - (StaticComponentContainer.java:403) - Closing FileSystemHelper
2025-11-13 09:29:59,138 [Burningwave - Resource releaser] INFO  o.b.c.a.StaticComponentContainer - (StaticComponentContainer.java:409) - ... Waiting for all tasks ending before shutting down the BackgroundExecutor
2025-11-13 09:29:59,138 [Burningwave - Resource releaser] INFO  o.b.c.a.StaticComponentContainer - (StaticComponentContainer.java:414) - Shutting down BackgroundExecutor
2025-11-13 09:29:59,139 [Burningwave - Resource releaser] INFO  o.b.c.a.StaticComponentContainer - (StaticComponentContainer.java:420) - Stopping all threads monitoring thread
2025-11-13 09:29:59,139 [Burningwave - Resource releaser] INFO  o.b.c.a.StaticComponentContainer - (StaticComponentContainer.java:425) - Closing ThreadHolder
2025-11-13 09:29:59,140 [Burningwave - Resource releaser] INFO  o.b.c.a.StaticComponentContainer - (StaticComponentContainer.java:430) - Shutting down ThreadSupplier
2025-11-13 14:02:23,601 [main] INFO  o.b.c.a.StaticComponentContainer - (StaticComponentContainer.java:368) - Instantiated org.burningwave.core.SLF4JManagedLoggerRepository
2025-11-13 14:02:23,603 [main] INFO  o.b.c.a.StaticComponentContainer - (StaticComponentContainer.java:369) - 

	Configuration values for static components:

		background-executor.all-tasks-monitoring.enabled=\
			true
		background-executor.all-tasks-monitoring.interval=\
			30000
		background-executor.all-tasks-monitoring.logger.enabled=\
			false
		background-executor.all-tasks-monitoring.minimum-elapsed-time-to-consider-a-task-as-probable-dead-locked=\
			300000
		background-executor.all-tasks-monitoring.probable-dead-locked-tasks-handling.policy=\
			log only
		background-executor.queued-task-executor[0].name=\
			Low priority tasks
		background-executor.queued-task-executor[0].priority=\
			1
		background-executor.queued-task-executor[1].name=\
			Normal priority tasks
		background-executor.queued-task-executor[1].priority=\
			5
		background-executor.queued-task-executor[2].name=\
			High priority tasks
		background-executor.queued-task-executor[2].priority=\
			10
		background-executor.task-creation-tracking.enabled=\
			${background-executor.all-tasks-monitoring.enabled}
		banner.additonal-informations=\
			${Bundle-Vendor} ${Bundle-Name} ${Bundle-Version}
		banner.additonal-informations.retrieve-from-manifest-file-of=\
			Burningwave Core
		banner.file=\
			org/burningwave/banner.bwb
		banner.hide=\
			true
		buffer-handler.default-allocation-mode=\
			ByteBuffer::allocateDirect
		buffer-handler.default-buffer-size=\
			1024
		group-name-for-named-elements=\
			Burningwave
		iterable-object-helper.default-values-separator=\
			;
		iterable-object-helper.parallel-iteration.applicability.default-minimum-collection-size=\
			2
		iterable-object-helper.parallel-iteration.applicability.max-runtime-thread-count-threshold=\
			autodetect
		iterable-object-helper.parallel-iteration.applicability.output-collection-enabled-types=\
			java.util.concurrent.ConcurrentHashMap$CollectionView;\
			java.util.Collections$SynchronizedCollection;\
			java.util.concurrent.CopyOnWriteArrayList;\
			java.util.concurrent.CopyOnWriteArraySet;\
			java.util.concurrent.BlockingQueue;\
			java.util.concurrent.ConcurrentSkipListSet;\
			java.util.concurrent.ConcurrentSkipListMap$EntrySet;\
			java.util.concurrent.ConcurrentSkipListMap$KeySet;\
			java.util.concurrent.ConcurrentSkipListMap$Values;
		jvm.driver.init=\
			false
		managed-logger.repository=\
			autodetect
		managed-logger.repository.enabled=\
			true
		managed-logger.repository.logging.warn.disabled-for=\
			org.burningwave.core.assembler.ComponentContainer$ClassLoader;\
			org.burningwave.core.classes.MemoryClassLoader;\
			org.burningwave.core.classes.PathScannerClassLoader;
		modules.export-all-to-all=\
			true
		resource-releaser.enabled=\
			true
		synchronizer.all-threads-monitoring.enabled=\
			false
		synchronizer.all-threads-monitoring.interval=\
			90000
		thread-supplier.default-daemon-flag-value=\
			true
		thread-supplier.default-thread-priority=\
			5
		thread-supplier.max-detached-thread-count=\
			${thread-supplier.max-poolable-thread-count}
		thread-supplier.max-detached-thread-count.elapsed-time-threshold-from-last-increase-for-gradual-decreasing-to-initial-value=\
			30000
		thread-supplier.max-detached-thread-count.increasing-step=\
			autodetect
		thread-supplier.max-poolable-thread-count=\
			autodetect
		thread-supplier.poolable-thread-request-timeout=\
			6000


2025-11-13 14:02:23,604 [main] INFO  o.b.core.jvm.BufferHandler - (BufferHandler.java:127) - default buffer size: 1024 bytes
2025-11-13 14:02:23,604 [main] INFO  o.b.core.jvm.BufferHandler - (BufferHandler.java:141) - default allocation mode: ByteBuffer::allocateDirect
2025-11-13 14:02:23,606 [main] INFO  org.burningwave.core.Cache - (Cache.java:76) - Building cache
2025-11-13 14:02:23,620 [main] INFO  o.b.c.a.StaticComponentContainer - (StaticComponentContainer.java:443) - org.burningwave.core.assembler.StaticComponentContainer initialized in 0.0641145 seconds
2025-11-13 14:02:26,007 [Worker-4: Loading available Gradle versions] INFO  o.e.b.c.i.u.g.PublishedGradleVersions - Gradle version information cache is up-to-date. Trying to read.
2025-11-13 14:10:44,274 [Burningwave - Resource releaser] INFO  o.b.c.a.StaticComponentContainer - (StaticComponentContainer.java:391) - ... Waiting for all tasks ending
2025-11-13 14:10:44,276 [Burningwave - Resource releaser] INFO  o.b.c.a.StaticComponentContainer - (StaticComponentContainer.java:397) - Closing all component containers
2025-11-13 14:10:44,278 [Burningwave - Resource releaser] INFO  o.b.c.a.StaticComponentContainer - (StaticComponentContainer.java:403) - Closing FileSystemHelper
2025-11-13 14:10:44,279 [Burningwave - Resource releaser] INFO  o.b.c.a.StaticComponentContainer - (StaticComponentContainer.java:409) - ... Waiting for all tasks ending before shutting down the BackgroundExecutor
2025-11-13 14:10:44,279 [Burningwave - Resource releaser] INFO  o.b.c.a.StaticComponentContainer - (StaticComponentContainer.java:414) - Shutting down BackgroundExecutor
2025-11-13 14:10:44,279 [Burningwave - Resource releaser] INFO  o.b.c.a.StaticComponentContainer - (StaticComponentContainer.java:420) - Stopping all threads monitoring thread
2025-11-13 14:10:44,279 [Burningwave - Resource releaser] INFO  o.b.c.a.StaticComponentContainer - (StaticComponentContainer.java:425) - Closing ThreadHolder
2025-11-13 14:10:44,280 [Burningwave - Resource releaser] INFO  o.b.c.a.StaticComponentContainer - (StaticComponentContainer.java:430) - Shutting down ThreadSupplier
2025-11-14 11:23:35,755 [main] INFO  o.b.c.a.StaticComponentContainer - (StaticComponentContainer.java:368) - Instantiated org.burningwave.core.SLF4JManagedLoggerRepository
2025-11-14 11:23:35,755 [main] INFO  o.b.c.a.StaticComponentContainer - (StaticComponentContainer.java:369) - 

	Configuration values for static components:

		background-executor.all-tasks-monitoring.enabled=\
			true
		background-executor.all-tasks-monitoring.interval=\
			30000
		background-executor.all-tasks-monitoring.logger.enabled=\
			false
		background-executor.all-tasks-monitoring.minimum-elapsed-time-to-consider-a-task-as-probable-dead-locked=\
			300000
		background-executor.all-tasks-monitoring.probable-dead-locked-tasks-handling.policy=\
			log only
		background-executor.queued-task-executor[0].name=\
			Low priority tasks
		background-executor.queued-task-executor[0].priority=\
			1
		background-executor.queued-task-executor[1].name=\
			Normal priority tasks
		background-executor.queued-task-executor[1].priority=\
			5
		background-executor.queued-task-executor[2].name=\
			High priority tasks
		background-executor.queued-task-executor[2].priority=\
			10
		background-executor.task-creation-tracking.enabled=\
			${background-executor.all-tasks-monitoring.enabled}
		banner.additonal-informations=\
			${Bundle-Vendor} ${Bundle-Name} ${Bundle-Version}
		banner.additonal-informations.retrieve-from-manifest-file-of=\
			Burningwave Core
		banner.file=\
			org/burningwave/banner.bwb
		banner.hide=\
			true
		buffer-handler.default-allocation-mode=\
			ByteBuffer::allocateDirect
		buffer-handler.default-buffer-size=\
			1024
		group-name-for-named-elements=\
			Burningwave
		iterable-object-helper.default-values-separator=\
			;
		iterable-object-helper.parallel-iteration.applicability.default-minimum-collection-size=\
			2
		iterable-object-helper.parallel-iteration.applicability.max-runtime-thread-count-threshold=\
			autodetect
		iterable-object-helper.parallel-iteration.applicability.output-collection-enabled-types=\
			java.util.concurrent.ConcurrentHashMap$CollectionView;\
			java.util.Collections$SynchronizedCollection;\
			java.util.concurrent.CopyOnWriteArrayList;\
			java.util.concurrent.CopyOnWriteArraySet;\
			java.util.concurrent.BlockingQueue;\
			java.util.concurrent.ConcurrentSkipListSet;\
			java.util.concurrent.ConcurrentSkipListMap$EntrySet;\
			java.util.concurrent.ConcurrentSkipListMap$KeySet;\
			java.util.concurrent.ConcurrentSkipListMap$Values;
		jvm.driver.init=\
			false
		managed-logger.repository=\
			autodetect
		managed-logger.repository.enabled=\
			true
		managed-logger.repository.logging.warn.disabled-for=\
			org.burningwave.core.assembler.ComponentContainer$ClassLoader;\
			org.burningwave.core.classes.MemoryClassLoader;\
			org.burningwave.core.classes.PathScannerClassLoader;
		modules.export-all-to-all=\
			true
		resource-releaser.enabled=\
			true
		synchronizer.all-threads-monitoring.enabled=\
			false
		synchronizer.all-threads-monitoring.interval=\
			90000
		thread-supplier.default-daemon-flag-value=\
			true
		thread-supplier.default-thread-priority=\
			5
		thread-supplier.max-detached-thread-count=\
			${thread-supplier.max-poolable-thread-count}
		thread-supplier.max-detached-thread-count.elapsed-time-threshold-from-last-increase-for-gradual-decreasing-to-initial-value=\
			30000
		thread-supplier.max-detached-thread-count.increasing-step=\
			autodetect
		thread-supplier.max-poolable-thread-count=\
			autodetect
		thread-supplier.poolable-thread-request-timeout=\
			6000


2025-11-14 11:23:35,771 [main] INFO  o.b.core.jvm.BufferHandler - (BufferHandler.java:127) - default buffer size: 1024 bytes
2025-11-14 11:23:35,771 [main] INFO  o.b.core.jvm.BufferHandler - (BufferHandler.java:141) - default allocation mode: ByteBuffer::allocateDirect
2025-11-14 11:23:35,771 [main] INFO  org.burningwave.core.Cache - (Cache.java:76) - Building cache
2025-11-14 11:23:35,787 [main] INFO  o.b.c.a.StaticComponentContainer - (StaticComponentContainer.java:443) - org.burningwave.core.assembler.StaticComponentContainer initialized in 0.10682 seconds
2025-11-14 11:23:39,258 [Worker-4: Loading available Gradle versions] INFO  o.e.b.c.i.u.g.PublishedGradleVersions - Gradle version information cache is out-of-date. Trying to update.
2025-11-14 13:28:00,264 [Burningwave - Resource releaser] INFO  o.b.c.a.StaticComponentContainer - (StaticComponentContainer.java:391) - ... Waiting for all tasks ending
2025-11-14 13:28:00,266 [Burningwave - Resource releaser] INFO  o.b.c.a.StaticComponentContainer - (StaticComponentContainer.java:397) - Closing all component containers
2025-11-14 13:28:00,268 [Burningwave - Resource releaser] INFO  o.b.c.a.StaticComponentContainer - (StaticComponentContainer.java:403) - Closing FileSystemHelper
2025-11-14 13:28:00,270 [Burningwave - Resource releaser] INFO  o.b.c.a.StaticComponentContainer - (StaticComponentContainer.java:409) - ... Waiting for all tasks ending before shutting down the BackgroundExecutor
2025-11-14 13:28:00,270 [Burningwave - Resource releaser] INFO  o.b.c.a.StaticComponentContainer - (StaticComponentContainer.java:414) - Shutting down BackgroundExecutor
2025-11-14 13:28:00,271 [Burningwave - Resource releaser] INFO  o.b.c.a.StaticComponentContainer - (StaticComponentContainer.java:420) - Stopping all threads monitoring thread
2025-11-14 13:28:00,272 [Burningwave - Resource releaser] INFO  o.b.c.a.StaticComponentContainer - (StaticComponentContainer.java:425) - Closing ThreadHolder
2025-11-14 13:28:00,272 [Burningwave - Resource releaser] INFO  o.b.c.a.StaticComponentContainer - (StaticComponentContainer.java:430) - Shutting down ThreadSupplier
2025-11-17 09:03:07,483 [Worker-4: Loading available Gradle versions] INFO  o.e.b.c.i.u.g.PublishedGradleVersions - Gradle version information cache is out-of-date. Trying to update.
2025-11-17 09:03:20,589 [main] INFO  o.b.c.a.StaticComponentContainer - (StaticComponentContainer.java:368) - Instantiated org.burningwave.core.SLF4JManagedLoggerRepository
2025-11-17 09:03:20,590 [main] INFO  o.b.c.a.StaticComponentContainer - (StaticComponentContainer.java:369) - 

	Configuration values for static components:

		background-executor.all-tasks-monitoring.enabled=\
			true
		background-executor.all-tasks-monitoring.interval=\
			30000
		background-executor.all-tasks-monitoring.logger.enabled=\
			false
		background-executor.all-tasks-monitoring.minimum-elapsed-time-to-consider-a-task-as-probable-dead-locked=\
			300000
		background-executor.all-tasks-monitoring.probable-dead-locked-tasks-handling.policy=\
			log only
		background-executor.queued-task-executor[0].name=\
			Low priority tasks
		background-executor.queued-task-executor[0].priority=\
			1
		background-executor.queued-task-executor[1].name=\
			Normal priority tasks
		background-executor.queued-task-executor[1].priority=\
			5
		background-executor.queued-task-executor[2].name=\
			High priority tasks
		background-executor.queued-task-executor[2].priority=\
			10
		background-executor.task-creation-tracking.enabled=\
			${background-executor.all-tasks-monitoring.enabled}
		banner.additonal-informations=\
			${Bundle-Vendor} ${Bundle-Name} ${Bundle-Version}
		banner.additonal-informations.retrieve-from-manifest-file-of=\
			Burningwave Core
		banner.file=\
			org/burningwave/banner.bwb
		banner.hide=\
			true
		buffer-handler.default-allocation-mode=\
			ByteBuffer::allocateDirect
		buffer-handler.default-buffer-size=\
			1024
		group-name-for-named-elements=\
			Burningwave
		iterable-object-helper.default-values-separator=\
			;
		iterable-object-helper.parallel-iteration.applicability.default-minimum-collection-size=\
			2
		iterable-object-helper.parallel-iteration.applicability.max-runtime-thread-count-threshold=\
			autodetect
		iterable-object-helper.parallel-iteration.applicability.output-collection-enabled-types=\
			java.util.concurrent.ConcurrentHashMap$CollectionView;\
			java.util.Collections$SynchronizedCollection;\
			java.util.concurrent.CopyOnWriteArrayList;\
			java.util.concurrent.CopyOnWriteArraySet;\
			java.util.concurrent.BlockingQueue;\
			java.util.concurrent.ConcurrentSkipListSet;\
			java.util.concurrent.ConcurrentSkipListMap$EntrySet;\
			java.util.concurrent.ConcurrentSkipListMap$KeySet;\
			java.util.concurrent.ConcurrentSkipListMap$Values;
		jvm.driver.init=\
			false
		managed-logger.repository=\
			autodetect
		managed-logger.repository.enabled=\
			true
		managed-logger.repository.logging.warn.disabled-for=\
			org.burningwave.core.assembler.ComponentContainer$ClassLoader;\
			org.burningwave.core.classes.MemoryClassLoader;\
			org.burningwave.core.classes.PathScannerClassLoader;
		modules.export-all-to-all=\
			true
		resource-releaser.enabled=\
			true
		synchronizer.all-threads-monitoring.enabled=\
			false
		synchronizer.all-threads-monitoring.interval=\
			90000
		thread-supplier.default-daemon-flag-value=\
			true
		thread-supplier.default-thread-priority=\
			5
		thread-supplier.max-detached-thread-count=\
			${thread-supplier.max-poolable-thread-count}
		thread-supplier.max-detached-thread-count.elapsed-time-threshold-from-last-increase-for-gradual-decreasing-to-initial-value=\
			30000
		thread-supplier.max-detached-thread-count.increasing-step=\
			autodetect
		thread-supplier.max-poolable-thread-count=\
			autodetect
		thread-supplier.poolable-thread-request-timeout=\
			6000


2025-11-17 09:03:20,592 [main] INFO  o.b.core.jvm.BufferHandler - (BufferHandler.java:127) - default buffer size: 1024 bytes
2025-11-17 09:03:20,592 [main] INFO  o.b.core.jvm.BufferHandler - (BufferHandler.java:141) - default allocation mode: ByteBuffer::allocateDirect
2025-11-17 09:03:20,595 [main] INFO  org.burningwave.core.Cache - (Cache.java:76) - Building cache
2025-11-17 09:03:20,611 [main] INFO  o.b.c.a.StaticComponentContainer - (StaticComponentContainer.java:443) - org.burningwave.core.assembler.StaticComponentContainer initialized in 0.0794251 seconds
2025-11-17 10:24:19,143 [Burningwave - Resource releaser] INFO  o.b.c.a.StaticComponentContainer - (StaticComponentContainer.java:391) - ... Waiting for all tasks ending
2025-11-17 10:24:19,144 [Burningwave - Resource releaser] INFO  o.b.c.a.StaticComponentContainer - (StaticComponentContainer.java:397) - Closing all component containers
2025-11-17 10:24:19,145 [Burningwave - Resource releaser] INFO  o.b.c.a.StaticComponentContainer - (StaticComponentContainer.java:403) - Closing FileSystemHelper
2025-11-17 10:24:19,147 [Burningwave - Resource releaser] INFO  o.b.c.a.StaticComponentContainer - (StaticComponentContainer.java:409) - ... Waiting for all tasks ending before shutting down the BackgroundExecutor
2025-11-17 10:24:19,147 [Burningwave - Resource releaser] INFO  o.b.c.a.StaticComponentContainer - (StaticComponentContainer.java:414) - Shutting down BackgroundExecutor
2025-11-17 10:24:19,148 [Burningwave - Resource releaser] INFO  o.b.c.a.StaticComponentContainer - (StaticComponentContainer.java:420) - Stopping all threads monitoring thread
2025-11-17 10:24:19,148 [Burningwave - Resource releaser] INFO  o.b.c.a.StaticComponentContainer - (StaticComponentContainer.java:425) - Closing ThreadHolder
2025-11-17 10:24:19,148 [Burningwave - Resource releaser] INFO  o.b.c.a.StaticComponentContainer - (StaticComponentContainer.java:430) - Shutting down ThreadSupplier
2025-11-17 10:24:46,241 [main] INFO  o.b.c.a.StaticComponentContainer - (StaticComponentContainer.java:368) - Instantiated org.burningwave.core.SLF4JManagedLoggerRepository
2025-11-17 10:24:46,243 [main] INFO  o.b.c.a.StaticComponentContainer - (StaticComponentContainer.java:369) - 

	Configuration values for static components:

		background-executor.all-tasks-monitoring.enabled=\
			true
		background-executor.all-tasks-monitoring.interval=\
			30000
		background-executor.all-tasks-monitoring.logger.enabled=\
			false
		background-executor.all-tasks-monitoring.minimum-elapsed-time-to-consider-a-task-as-probable-dead-locked=\
			300000
		background-executor.all-tasks-monitoring.probable-dead-locked-tasks-handling.policy=\
			log only
		background-executor.queued-task-executor[0].name=\
			Low priority tasks
		background-executor.queued-task-executor[0].priority=\
			1
		background-executor.queued-task-executor[1].name=\
			Normal priority tasks
		background-executor.queued-task-executor[1].priority=\
			5
		background-executor.queued-task-executor[2].name=\
			High priority tasks
		background-executor.queued-task-executor[2].priority=\
			10
		background-executor.task-creation-tracking.enabled=\
			${background-executor.all-tasks-monitoring.enabled}
		banner.additonal-informations=\
			${Bundle-Vendor} ${Bundle-Name} ${Bundle-Version}
		banner.additonal-informations.retrieve-from-manifest-file-of=\
			Burningwave Core
		banner.file=\
			org/burningwave/banner.bwb
		banner.hide=\
			true
		buffer-handler.default-allocation-mode=\
			ByteBuffer::allocateDirect
		buffer-handler.default-buffer-size=\
			1024
		group-name-for-named-elements=\
			Burningwave
		iterable-object-helper.default-values-separator=\
			;
		iterable-object-helper.parallel-iteration.applicability.default-minimum-collection-size=\
			2
		iterable-object-helper.parallel-iteration.applicability.max-runtime-thread-count-threshold=\
			autodetect
		iterable-object-helper.parallel-iteration.applicability.output-collection-enabled-types=\
			java.util.concurrent.ConcurrentHashMap$CollectionView;\
			java.util.Collections$SynchronizedCollection;\
			java.util.concurrent.CopyOnWriteArrayList;\
			java.util.concurrent.CopyOnWriteArraySet;\
			java.util.concurrent.BlockingQueue;\
			java.util.concurrent.ConcurrentSkipListSet;\
			java.util.concurrent.ConcurrentSkipListMap$EntrySet;\
			java.util.concurrent.ConcurrentSkipListMap$KeySet;\
			java.util.concurrent.ConcurrentSkipListMap$Values;
		jvm.driver.init=\
			false
		managed-logger.repository=\
			autodetect
		managed-logger.repository.enabled=\
			true
		managed-logger.repository.logging.warn.disabled-for=\
			org.burningwave.core.assembler.ComponentContainer$ClassLoader;\
			org.burningwave.core.classes.MemoryClassLoader;\
			org.burningwave.core.classes.PathScannerClassLoader;
		modules.export-all-to-all=\
			true
		resource-releaser.enabled=\
			true
		synchronizer.all-threads-monitoring.enabled=\
			false
		synchronizer.all-threads-monitoring.interval=\
			90000
		thread-supplier.default-daemon-flag-value=\
			true
		thread-supplier.default-thread-priority=\
			5
		thread-supplier.max-detached-thread-count=\
			${thread-supplier.max-poolable-thread-count}
		thread-supplier.max-detached-thread-count.elapsed-time-threshold-from-last-increase-for-gradual-decreasing-to-initial-value=\
			30000
		thread-supplier.max-detached-thread-count.increasing-step=\
			autodetect
		thread-supplier.max-poolable-thread-count=\
			autodetect
		thread-supplier.poolable-thread-request-timeout=\
			6000


2025-11-17 10:24:46,244 [main] INFO  o.b.core.jvm.BufferHandler - (BufferHandler.java:127) - default buffer size: 1024 bytes
2025-11-17 10:24:46,244 [main] INFO  o.b.core.jvm.BufferHandler - (BufferHandler.java:141) - default allocation mode: ByteBuffer::allocateDirect
2025-11-17 10:24:46,247 [main] INFO  org.burningwave.core.Cache - (Cache.java:76) - Building cache
2025-11-17 10:24:46,262 [main] INFO  o.b.c.a.StaticComponentContainer - (StaticComponentContainer.java:443) - org.burningwave.core.assembler.StaticComponentContainer initialized in 0.0702041 seconds
2025-11-17 10:24:47,138 [Worker-4: Loading available Gradle versions] INFO  o.e.b.c.i.u.g.PublishedGradleVersions - Gradle version information cache is up-to-date. Trying to read.
2025-11-17 11:03:18,158 [Burningwave - Resource releaser] INFO  o.b.c.a.StaticComponentContainer - (StaticComponentContainer.java:391) - ... Waiting for all tasks ending
2025-11-17 11:03:18,160 [Burningwave - Resource releaser] INFO  o.b.c.a.StaticComponentContainer - (StaticComponentContainer.java:397) - Closing all component containers
2025-11-17 11:03:18,161 [Burningwave - Resource releaser] INFO  o.b.c.a.StaticComponentContainer - (StaticComponentContainer.java:403) - Closing FileSystemHelper
2025-11-17 11:03:18,162 [Burningwave - Resource releaser] INFO  o.b.c.a.StaticComponentContainer - (StaticComponentContainer.java:409) - ... Waiting for all tasks ending before shutting down the BackgroundExecutor
2025-11-17 11:03:18,162 [Burningwave - Resource releaser] INFO  o.b.c.a.StaticComponentContainer - (StaticComponentContainer.java:414) - Shutting down BackgroundExecutor
2025-11-17 11:03:18,163 [Burningwave - Resource releaser] INFO  o.b.c.a.StaticComponentContainer - (StaticComponentContainer.java:420) - Stopping all threads monitoring thread
2025-11-17 11:03:18,163 [Burningwave - Resource releaser] INFO  o.b.c.a.StaticComponentContainer - (StaticComponentContainer.java:425) - Closing ThreadHolder
2025-11-17 11:03:18,164 [Burningwave - Resource releaser] INFO  o.b.c.a.StaticComponentContainer - (StaticComponentContainer.java:430) - Shutting down ThreadSupplier
2025-11-18 09:30:17,050 [main] INFO  o.b.c.a.StaticComponentContainer - (StaticComponentContainer.java:368) - Instantiated org.burningwave.core.SLF4JManagedLoggerRepository
2025-11-18 09:30:17,052 [main] INFO  o.b.c.a.StaticComponentContainer - (StaticComponentContainer.java:369) - 

	Configuration values for static components:

		background-executor.all-tasks-monitoring.enabled=\
			true
		background-executor.all-tasks-monitoring.interval=\
			30000
		background-executor.all-tasks-monitoring.logger.enabled=\
			false
		background-executor.all-tasks-monitoring.minimum-elapsed-time-to-consider-a-task-as-probable-dead-locked=\
			300000
		background-executor.all-tasks-monitoring.probable-dead-locked-tasks-handling.policy=\
			log only
		background-executor.queued-task-executor[0].name=\
			Low priority tasks
		background-executor.queued-task-executor[0].priority=\
			1
		background-executor.queued-task-executor[1].name=\
			Normal priority tasks
		background-executor.queued-task-executor[1].priority=\
			5
		background-executor.queued-task-executor[2].name=\
			High priority tasks
		background-executor.queued-task-executor[2].priority=\
			10
		background-executor.task-creation-tracking.enabled=\
			${background-executor.all-tasks-monitoring.enabled}
		banner.additonal-informations=\
			${Bundle-Vendor} ${Bundle-Name} ${Bundle-Version}
		banner.additonal-informations.retrieve-from-manifest-file-of=\
			Burningwave Core
		banner.file=\
			org/burningwave/banner.bwb
		banner.hide=\
			true
		buffer-handler.default-allocation-mode=\
			ByteBuffer::allocateDirect
		buffer-handler.default-buffer-size=\
			1024
		group-name-for-named-elements=\
			Burningwave
		iterable-object-helper.default-values-separator=\
			;
		iterable-object-helper.parallel-iteration.applicability.default-minimum-collection-size=\
			2
		iterable-object-helper.parallel-iteration.applicability.max-runtime-thread-count-threshold=\
			autodetect
		iterable-object-helper.parallel-iteration.applicability.output-collection-enabled-types=\
			java.util.concurrent.ConcurrentHashMap$CollectionView;\
			java.util.Collections$SynchronizedCollection;\
			java.util.concurrent.CopyOnWriteArrayList;\
			java.util.concurrent.CopyOnWriteArraySet;\
			java.util.concurrent.BlockingQueue;\
			java.util.concurrent.ConcurrentSkipListSet;\
			java.util.concurrent.ConcurrentSkipListMap$EntrySet;\
			java.util.concurrent.ConcurrentSkipListMap$KeySet;\
			java.util.concurrent.ConcurrentSkipListMap$Values;
		jvm.driver.init=\
			false
		managed-logger.repository=\
			autodetect
		managed-logger.repository.enabled=\
			true
		managed-logger.repository.logging.warn.disabled-for=\
			org.burningwave.core.assembler.ComponentContainer$ClassLoader;\
			org.burningwave.core.classes.MemoryClassLoader;\
			org.burningwave.core.classes.PathScannerClassLoader;
		modules.export-all-to-all=\
			true
		resource-releaser.enabled=\
			true
		synchronizer.all-threads-monitoring.enabled=\
			false
		synchronizer.all-threads-monitoring.interval=\
			90000
		thread-supplier.default-daemon-flag-value=\
			true
		thread-supplier.default-thread-priority=\
			5
		thread-supplier.max-detached-thread-count=\
			${thread-supplier.max-poolable-thread-count}
		thread-supplier.max-detached-thread-count.elapsed-time-threshold-from-last-increase-for-gradual-decreasing-to-initial-value=\
			30000
		thread-supplier.max-detached-thread-count.increasing-step=\
			autodetect
		thread-supplier.max-poolable-thread-count=\
			autodetect
		thread-supplier.poolable-thread-request-timeout=\
			6000


2025-11-18 09:30:17,054 [main] INFO  o.b.core.jvm.BufferHandler - (BufferHandler.java:127) - default buffer size: 1024 bytes
2025-11-18 09:30:17,054 [main] INFO  o.b.core.jvm.BufferHandler - (BufferHandler.java:141) - default allocation mode: ByteBuffer::allocateDirect
2025-11-18 09:30:17,056 [main] INFO  org.burningwave.core.Cache - (Cache.java:76) - Building cache
2025-11-18 09:30:17,072 [main] INFO  o.b.c.a.StaticComponentContainer - (StaticComponentContainer.java:443) - org.burningwave.core.assembler.StaticComponentContainer initialized in 0.0838939 seconds
2025-11-18 09:30:18,199 [Worker-4: Loading available Gradle versions] INFO  o.e.b.c.i.u.g.PublishedGradleVersions - Gradle version information cache is out-of-date. Trying to update.
2025-11-18 13:29:38,829 [Burningwave - Resource releaser] INFO  o.b.c.a.StaticComponentContainer - (StaticComponentContainer.java:391) - ... Waiting for all tasks ending
2025-11-18 13:29:38,832 [Burningwave - Resource releaser] INFO  o.b.c.a.StaticComponentContainer - (StaticComponentContainer.java:397) - Closing all component containers
2025-11-18 13:29:38,833 [Burningwave - Resource releaser] INFO  o.b.c.a.StaticComponentContainer - (StaticComponentContainer.java:403) - Closing FileSystemHelper
2025-11-18 13:29:38,834 [Burningwave - Resource releaser] INFO  o.b.c.a.StaticComponentContainer - (StaticComponentContainer.java:409) - ... Waiting for all tasks ending before shutting down the BackgroundExecutor
2025-11-18 13:29:38,834 [Burningwave - Resource releaser] INFO  o.b.c.a.StaticComponentContainer - (StaticComponentContainer.java:414) - Shutting down BackgroundExecutor
2025-11-18 13:29:38,834 [Burningwave - Resource releaser] INFO  o.b.c.a.StaticComponentContainer - (StaticComponentContainer.java:420) - Stopping all threads monitoring thread
2025-11-18 13:29:38,835 [Burningwave - Resource releaser] INFO  o.b.c.a.StaticComponentContainer - (StaticComponentContainer.java:425) - Closing ThreadHolder
2025-11-18 13:29:38,836 [Burningwave - Resource releaser] INFO  o.b.c.a.StaticComponentContainer - (StaticComponentContainer.java:430) - Shutting down ThreadSupplier
2025-11-21 10:01:32,971 [main] INFO  o.b.c.a.StaticComponentContainer - (StaticComponentContainer.java:368) - Instantiated org.burningwave.core.SLF4JManagedLoggerRepository
2025-11-21 10:01:32,975 [main] INFO  o.b.c.a.StaticComponentContainer - (StaticComponentContainer.java:369) - 

	Configuration values for static components:

		background-executor.all-tasks-monitoring.enabled=\
			true
		background-executor.all-tasks-monitoring.interval=\
			30000
		background-executor.all-tasks-monitoring.logger.enabled=\
			false
		background-executor.all-tasks-monitoring.minimum-elapsed-time-to-consider-a-task-as-probable-dead-locked=\
			300000
		background-executor.all-tasks-monitoring.probable-dead-locked-tasks-handling.policy=\
			log only
		background-executor.queued-task-executor[0].name=\
			Low priority tasks
		background-executor.queued-task-executor[0].priority=\
			1
		background-executor.queued-task-executor[1].name=\
			Normal priority tasks
		background-executor.queued-task-executor[1].priority=\
			5
		background-executor.queued-task-executor[2].name=\
			High priority tasks
		background-executor.queued-task-executor[2].priority=\
			10
		background-executor.task-creation-tracking.enabled=\
			${background-executor.all-tasks-monitoring.enabled}
		banner.additonal-informations=\
			${Bundle-Vendor} ${Bundle-Name} ${Bundle-Version}
		banner.additonal-informations.retrieve-from-manifest-file-of=\
			Burningwave Core
		banner.file=\
			org/burningwave/banner.bwb
		banner.hide=\
			true
		buffer-handler.default-allocation-mode=\
			ByteBuffer::allocateDirect
		buffer-handler.default-buffer-size=\
			1024
		group-name-for-named-elements=\
			Burningwave
		iterable-object-helper.default-values-separator=\
			;
		iterable-object-helper.parallel-iteration.applicability.default-minimum-collection-size=\
			2
		iterable-object-helper.parallel-iteration.applicability.max-runtime-thread-count-threshold=\
			autodetect
		iterable-object-helper.parallel-iteration.applicability.output-collection-enabled-types=\
			java.util.concurrent.ConcurrentHashMap$CollectionView;\
			java.util.Collections$SynchronizedCollection;\
			java.util.concurrent.CopyOnWriteArrayList;\
			java.util.concurrent.CopyOnWriteArraySet;\
			java.util.concurrent.BlockingQueue;\
			java.util.concurrent.ConcurrentSkipListSet;\
			java.util.concurrent.ConcurrentSkipListMap$EntrySet;\
			java.util.concurrent.ConcurrentSkipListMap$KeySet;\
			java.util.concurrent.ConcurrentSkipListMap$Values;
		jvm.driver.init=\
			false
		managed-logger.repository=\
			autodetect
		managed-logger.repository.enabled=\
			true
		managed-logger.repository.logging.warn.disabled-for=\
			org.burningwave.core.assembler.ComponentContainer$ClassLoader;\
			org.burningwave.core.classes.MemoryClassLoader;\
			org.burningwave.core.classes.PathScannerClassLoader;
		modules.export-all-to-all=\
			true
		resource-releaser.enabled=\
			true
		synchronizer.all-threads-monitoring.enabled=\
			false
		synchronizer.all-threads-monitoring.interval=\
			90000
		thread-supplier.default-daemon-flag-value=\
			true
		thread-supplier.default-thread-priority=\
			5
		thread-supplier.max-detached-thread-count=\
			${thread-supplier.max-poolable-thread-count}
		thread-supplier.max-detached-thread-count.elapsed-time-threshold-from-last-increase-for-gradual-decreasing-to-initial-value=\
			30000
		thread-supplier.max-detached-thread-count.increasing-step=\
			autodetect
		thread-supplier.max-poolable-thread-count=\
			autodetect
		thread-supplier.poolable-thread-request-timeout=\
			6000


2025-11-21 10:01:32,977 [main] INFO  o.b.core.jvm.BufferHandler - (BufferHandler.java:127) - default buffer size: 1024 bytes
2025-11-21 10:01:32,977 [main] INFO  o.b.core.jvm.BufferHandler - (BufferHandler.java:141) - default allocation mode: ByteBuffer::allocateDirect
2025-11-21 10:01:32,981 [main] INFO  org.burningwave.core.Cache - (Cache.java:76) - Building cache
2025-11-21 10:01:33,010 [main] INFO  o.b.c.a.StaticComponentContainer - (StaticComponentContainer.java:443) - org.burningwave.core.assembler.StaticComponentContainer initialized in 0.145991 seconds
2025-11-21 10:01:36,813 [Worker-4: Loading available Gradle versions] INFO  o.e.b.c.i.u.g.PublishedGradleVersions - Gradle version information cache is out-of-date. Trying to update.
2025-11-21 11:02:54,297 [Burningwave - Resource releaser] INFO  o.b.c.a.StaticComponentContainer - (StaticComponentContainer.java:391) - ... Waiting for all tasks ending
2025-11-21 11:02:54,298 [Burningwave - Resource releaser] INFO  o.b.c.a.StaticComponentContainer - (StaticComponentContainer.java:397) - Closing all component containers
2025-11-21 11:02:54,301 [Burningwave - Resource releaser] INFO  o.b.c.a.StaticComponentContainer - (StaticComponentContainer.java:403) - Closing FileSystemHelper
2025-11-21 11:02:54,302 [Burningwave - Resource releaser] INFO  o.b.c.a.StaticComponentContainer - (StaticComponentContainer.java:409) - ... Waiting for all tasks ending before shutting down the BackgroundExecutor
2025-11-21 11:02:54,302 [Burningwave - Resource releaser] INFO  o.b.c.a.StaticComponentContainer - (StaticComponentContainer.java:414) - Shutting down BackgroundExecutor
2025-11-21 11:02:54,303 [Burningwave - Resource releaser] INFO  o.b.c.a.StaticComponentContainer - (StaticComponentContainer.java:420) - Stopping all threads monitoring thread
2025-11-21 11:02:54,303 [Burningwave - Resource releaser] INFO  o.b.c.a.StaticComponentContainer - (StaticComponentContainer.java:425) - Closing ThreadHolder
2025-11-21 11:02:54,304 [Burningwave - Resource releaser] INFO  o.b.c.a.StaticComponentContainer - (StaticComponentContainer.java:430) - Shutting down ThreadSupplier
2025-11-21 11:03:01,224 [main] INFO  o.b.c.a.StaticComponentContainer - (StaticComponentContainer.java:368) - Instantiated org.burningwave.core.SLF4JManagedLoggerRepository
2025-11-21 11:03:01,226 [main] INFO  o.b.c.a.StaticComponentContainer - (StaticComponentContainer.java:369) - 

	Configuration values for static components:

		background-executor.all-tasks-monitoring.enabled=\
			true
		background-executor.all-tasks-monitoring.interval=\
			30000
		background-executor.all-tasks-monitoring.logger.enabled=\
			false
		background-executor.all-tasks-monitoring.minimum-elapsed-time-to-consider-a-task-as-probable-dead-locked=\
			300000
		background-executor.all-tasks-monitoring.probable-dead-locked-tasks-handling.policy=\
			log only
		background-executor.queued-task-executor[0].name=\
			Low priority tasks
		background-executor.queued-task-executor[0].priority=\
			1
		background-executor.queued-task-executor[1].name=\
			Normal priority tasks
		background-executor.queued-task-executor[1].priority=\
			5
		background-executor.queued-task-executor[2].name=\
			High priority tasks
		background-executor.queued-task-executor[2].priority=\
			10
		background-executor.task-creation-tracking.enabled=\
			${background-executor.all-tasks-monitoring.enabled}
		banner.additonal-informations=\
			${Bundle-Vendor} ${Bundle-Name} ${Bundle-Version}
		banner.additonal-informations.retrieve-from-manifest-file-of=\
			Burningwave Core
		banner.file=\
			org/burningwave/banner.bwb
		banner.hide=\
			true
		buffer-handler.default-allocation-mode=\
			ByteBuffer::allocateDirect
		buffer-handler.default-buffer-size=\
			1024
		group-name-for-named-elements=\
			Burningwave
		iterable-object-helper.default-values-separator=\
			;
		iterable-object-helper.parallel-iteration.applicability.default-minimum-collection-size=\
			2
		iterable-object-helper.parallel-iteration.applicability.max-runtime-thread-count-threshold=\
			autodetect
		iterable-object-helper.parallel-iteration.applicability.output-collection-enabled-types=\
			java.util.concurrent.ConcurrentHashMap$CollectionView;\
			java.util.Collections$SynchronizedCollection;\
			java.util.concurrent.CopyOnWriteArrayList;\
			java.util.concurrent.CopyOnWriteArraySet;\
			java.util.concurrent.BlockingQueue;\
			java.util.concurrent.ConcurrentSkipListSet;\
			java.util.concurrent.ConcurrentSkipListMap$EntrySet;\
			java.util.concurrent.ConcurrentSkipListMap$KeySet;\
			java.util.concurrent.ConcurrentSkipListMap$Values;
		jvm.driver.init=\
			false
		managed-logger.repository=\
			autodetect
		managed-logger.repository.enabled=\
			true
		managed-logger.repository.logging.warn.disabled-for=\
			org.burningwave.core.assembler.ComponentContainer$ClassLoader;\
			org.burningwave.core.classes.MemoryClassLoader;\
			org.burningwave.core.classes.PathScannerClassLoader;
		modules.export-all-to-all=\
			true
		resource-releaser.enabled=\
			true
		synchronizer.all-threads-monitoring.enabled=\
			false
		synchronizer.all-threads-monitoring.interval=\
			90000
		thread-supplier.default-daemon-flag-value=\
			true
		thread-supplier.default-thread-priority=\
			5
		thread-supplier.max-detached-thread-count=\
			${thread-supplier.max-poolable-thread-count}
		thread-supplier.max-detached-thread-count.elapsed-time-threshold-from-last-increase-for-gradual-decreasing-to-initial-value=\
			30000
		thread-supplier.max-detached-thread-count.increasing-step=\
			autodetect
		thread-supplier.max-poolable-thread-count=\
			autodetect
		thread-supplier.poolable-thread-request-timeout=\
			6000


2025-11-21 11:03:01,228 [main] INFO  o.b.core.jvm.BufferHandler - (BufferHandler.java:127) - default buffer size: 1024 bytes
2025-11-21 11:03:01,228 [main] INFO  o.b.core.jvm.BufferHandler - (BufferHandler.java:141) - default allocation mode: ByteBuffer::allocateDirect
2025-11-21 11:03:01,230 [main] INFO  org.burningwave.core.Cache - (Cache.java:76) - Building cache
2025-11-21 11:03:01,246 [main] INFO  o.b.c.a.StaticComponentContainer - (StaticComponentContainer.java:443) - org.burningwave.core.assembler.StaticComponentContainer initialized in 0.0785279 seconds
2025-11-21 11:03:03,319 [Worker-4: Loading available Gradle versions] INFO  o.e.b.c.i.u.g.PublishedGradleVersions - Gradle version information cache is up-to-date. Trying to read.
2025-11-21 13:29:54,541 [Burningwave - Resource releaser] INFO  o.b.c.a.StaticComponentContainer - (StaticComponentContainer.java:391) - ... Waiting for all tasks ending
2025-11-21 13:29:54,543 [Burningwave - Resource releaser] INFO  o.b.c.a.StaticComponentContainer - (StaticComponentContainer.java:397) - Closing all component containers
2025-11-21 13:29:54,545 [Burningwave - Resource releaser] INFO  o.b.c.a.StaticComponentContainer - (StaticComponentContainer.java:403) - Closing FileSystemHelper
2025-11-21 13:29:54,546 [Burningwave - Resource releaser] INFO  o.b.c.a.StaticComponentContainer - (StaticComponentContainer.java:409) - ... Waiting for all tasks ending before shutting down the BackgroundExecutor
2025-11-21 13:29:54,546 [Burningwave - Resource releaser] INFO  o.b.c.a.StaticComponentContainer - (StaticComponentContainer.java:414) - Shutting down BackgroundExecutor
2025-11-21 13:29:54,547 [Burningwave - Resource releaser] INFO  o.b.c.a.StaticComponentContainer - (StaticComponentContainer.java:420) - Stopping all threads monitoring thread
2025-11-21 13:29:54,547 [Burningwave - Resource releaser] INFO  o.b.c.a.StaticComponentContainer - (StaticComponentContainer.java:425) - Closing ThreadHolder
2025-11-21 13:29:54,547 [Burningwave - Resource releaser] INFO  o.b.c.a.StaticComponentContainer - (StaticComponentContainer.java:430) - Shutting down ThreadSupplier
2025-11-24 09:05:45,397 [Worker-6: Loading available Gradle versions] INFO  o.e.b.c.i.u.g.PublishedGradleVersions - Gradle version information cache is out-of-date. Trying to update.
2025-11-24 09:07:30,661 [main] INFO  o.b.c.a.StaticComponentContainer - (StaticComponentContainer.java:368) - Instantiated org.burningwave.core.SLF4JManagedLoggerRepository
2025-11-24 09:07:30,662 [main] INFO  o.b.c.a.StaticComponentContainer - (StaticComponentContainer.java:369) - 

	Configuration values for static components:

		background-executor.all-tasks-monitoring.enabled=\
			true
		background-executor.all-tasks-monitoring.interval=\
			30000
		background-executor.all-tasks-monitoring.logger.enabled=\
			false
		background-executor.all-tasks-monitoring.minimum-elapsed-time-to-consider-a-task-as-probable-dead-locked=\
			300000
		background-executor.all-tasks-monitoring.probable-dead-locked-tasks-handling.policy=\
			log only
		background-executor.queued-task-executor[0].name=\
			Low priority tasks
		background-executor.queued-task-executor[0].priority=\
			1
		background-executor.queued-task-executor[1].name=\
			Normal priority tasks
		background-executor.queued-task-executor[1].priority=\
			5
		background-executor.queued-task-executor[2].name=\
			High priority tasks
		background-executor.queued-task-executor[2].priority=\
			10
		background-executor.task-creation-tracking.enabled=\
			${background-executor.all-tasks-monitoring.enabled}
		banner.additonal-informations=\
			${Bundle-Vendor} ${Bundle-Name} ${Bundle-Version}
		banner.additonal-informations.retrieve-from-manifest-file-of=\
			Burningwave Core
		banner.file=\
			org/burningwave/banner.bwb
		banner.hide=\
			true
		buffer-handler.default-allocation-mode=\
			ByteBuffer::allocateDirect
		buffer-handler.default-buffer-size=\
			1024
		group-name-for-named-elements=\
			Burningwave
		iterable-object-helper.default-values-separator=\
			;
		iterable-object-helper.parallel-iteration.applicability.default-minimum-collection-size=\
			2
		iterable-object-helper.parallel-iteration.applicability.max-runtime-thread-count-threshold=\
			autodetect
		iterable-object-helper.parallel-iteration.applicability.output-collection-enabled-types=\
			java.util.concurrent.ConcurrentHashMap$CollectionView;\
			java.util.Collections$SynchronizedCollection;\
			java.util.concurrent.CopyOnWriteArrayList;\
			java.util.concurrent.CopyOnWriteArraySet;\
			java.util.concurrent.BlockingQueue;\
			java.util.concurrent.ConcurrentSkipListSet;\
			java.util.concurrent.ConcurrentSkipListMap$EntrySet;\
			java.util.concurrent.ConcurrentSkipListMap$KeySet;\
			java.util.concurrent.ConcurrentSkipListMap$Values;
		jvm.driver.init=\
			false
		managed-logger.repository=\
			autodetect
		managed-logger.repository.enabled=\
			true
		managed-logger.repository.logging.warn.disabled-for=\
			org.burningwave.core.assembler.ComponentContainer$ClassLoader;\
			org.burningwave.core.classes.MemoryClassLoader;\
			org.burningwave.core.classes.PathScannerClassLoader;
		modules.export-all-to-all=\
			true
		resource-releaser.enabled=\
			true
		synchronizer.all-threads-monitoring.enabled=\
			false
		synchronizer.all-threads-monitoring.interval=\
			90000
		thread-supplier.default-daemon-flag-value=\
			true
		thread-supplier.default-thread-priority=\
			5
		thread-supplier.max-detached-thread-count=\
			${thread-supplier.max-poolable-thread-count}
		thread-supplier.max-detached-thread-count.elapsed-time-threshold-from-last-increase-for-gradual-decreasing-to-initial-value=\
			30000
		thread-supplier.max-detached-thread-count.increasing-step=\
			autodetect
		thread-supplier.max-poolable-thread-count=\
			autodetect
		thread-supplier.poolable-thread-request-timeout=\
			6000


2025-11-24 09:07:30,664 [main] INFO  o.b.core.jvm.BufferHandler - (BufferHandler.java:127) - default buffer size: 1024 bytes
2025-11-24 09:07:30,664 [main] INFO  o.b.core.jvm.BufferHandler - (BufferHandler.java:141) - default allocation mode: ByteBuffer::allocateDirect
2025-11-24 09:07:30,667 [main] INFO  org.burningwave.core.Cache - (Cache.java:76) - Building cache
2025-11-24 09:07:30,686 [main] INFO  o.b.c.a.StaticComponentContainer - (StaticComponentContainer.java:443) - org.burningwave.core.assembler.StaticComponentContainer initialized in 0.0843696 seconds
2025-11-24 11:31:24,631 [Burningwave - Resource releaser] INFO  o.b.c.a.StaticComponentContainer - (StaticComponentContainer.java:391) - ... Waiting for all tasks ending
2025-11-24 11:31:24,632 [Burningwave - Resource releaser] INFO  o.b.c.a.StaticComponentContainer - (StaticComponentContainer.java:397) - Closing all component containers
2025-11-24 11:31:24,634 [Burningwave - Resource releaser] INFO  o.b.c.a.StaticComponentContainer - (StaticComponentContainer.java:403) - Closing FileSystemHelper
2025-11-24 11:31:24,635 [Burningwave - Resource releaser] INFO  o.b.c.a.StaticComponentContainer - (StaticComponentContainer.java:409) - ... Waiting for all tasks ending before shutting down the BackgroundExecutor
2025-11-24 11:31:24,636 [Burningwave - Resource releaser] INFO  o.b.c.a.StaticComponentContainer - (StaticComponentContainer.java:414) - Shutting down BackgroundExecutor
2025-11-24 11:31:24,637 [Burningwave - Resource releaser] INFO  o.b.c.a.StaticComponentContainer - (StaticComponentContainer.java:420) - Stopping all threads monitoring thread
2025-11-24 11:31:24,637 [Burningwave - Resource releaser] INFO  o.b.c.a.StaticComponentContainer - (StaticComponentContainer.java:425) - Closing ThreadHolder
2025-11-24 11:31:24,637 [Burningwave - Resource releaser] INFO  o.b.c.a.StaticComponentContainer - (StaticComponentContainer.java:430) - Shutting down ThreadSupplier
2025-11-25 09:08:07,653 [main] INFO  o.b.c.a.StaticComponentContainer - (StaticComponentContainer.java:368) - Instantiated org.burningwave.core.SLF4JManagedLoggerRepository
2025-11-25 09:08:07,653 [main] INFO  o.b.c.a.StaticComponentContainer - (StaticComponentContainer.java:369) - 

	Configuration values for static components:

		background-executor.all-tasks-monitoring.enabled=\
			true
		background-executor.all-tasks-monitoring.interval=\
			30000
		background-executor.all-tasks-monitoring.logger.enabled=\
			false
		background-executor.all-tasks-monitoring.minimum-elapsed-time-to-consider-a-task-as-probable-dead-locked=\
			300000
		background-executor.all-tasks-monitoring.probable-dead-locked-tasks-handling.policy=\
			log only
		background-executor.queued-task-executor[0].name=\
			Low priority tasks
		background-executor.queued-task-executor[0].priority=\
			1
		background-executor.queued-task-executor[1].name=\
			Normal priority tasks
		background-executor.queued-task-executor[1].priority=\
			5
		background-executor.queued-task-executor[2].name=\
			High priority tasks
		background-executor.queued-task-executor[2].priority=\
			10
		background-executor.task-creation-tracking.enabled=\
			${background-executor.all-tasks-monitoring.enabled}
		banner.additonal-informations=\
			${Bundle-Vendor} ${Bundle-Name} ${Bundle-Version}
		banner.additonal-informations.retrieve-from-manifest-file-of=\
			Burningwave Core
		banner.file=\
			org/burningwave/banner.bwb
		banner.hide=\
			true
		buffer-handler.default-allocation-mode=\
			ByteBuffer::allocateDirect
		buffer-handler.default-buffer-size=\
			1024
		group-name-for-named-elements=\
			Burningwave
		iterable-object-helper.default-values-separator=\
			;
		iterable-object-helper.parallel-iteration.applicability.default-minimum-collection-size=\
			2
		iterable-object-helper.parallel-iteration.applicability.max-runtime-thread-count-threshold=\
			autodetect
		iterable-object-helper.parallel-iteration.applicability.output-collection-enabled-types=\
			java.util.concurrent.ConcurrentHashMap$CollectionView;\
			java.util.Collections$SynchronizedCollection;\
			java.util.concurrent.CopyOnWriteArrayList;\
			java.util.concurrent.CopyOnWriteArraySet;\
			java.util.concurrent.BlockingQueue;\
			java.util.concurrent.ConcurrentSkipListSet;\
			java.util.concurrent.ConcurrentSkipListMap$EntrySet;\
			java.util.concurrent.ConcurrentSkipListMap$KeySet;\
			java.util.concurrent.ConcurrentSkipListMap$Values;
		jvm.driver.init=\
			false
		managed-logger.repository=\
			autodetect
		managed-logger.repository.enabled=\
			true
		managed-logger.repository.logging.warn.disabled-for=\
			org.burningwave.core.assembler.ComponentContainer$ClassLoader;\
			org.burningwave.core.classes.MemoryClassLoader;\
			org.burningwave.core.classes.PathScannerClassLoader;
		modules.export-all-to-all=\
			true
		resource-releaser.enabled=\
			true
		synchronizer.all-threads-monitoring.enabled=\
			false
		synchronizer.all-threads-monitoring.interval=\
			90000
		thread-supplier.default-daemon-flag-value=\
			true
		thread-supplier.default-thread-priority=\
			5
		thread-supplier.max-detached-thread-count=\
			${thread-supplier.max-poolable-thread-count}
		thread-supplier.max-detached-thread-count.elapsed-time-threshold-from-last-increase-for-gradual-decreasing-to-initial-value=\
			30000
		thread-supplier.max-detached-thread-count.increasing-step=\
			autodetect
		thread-supplier.max-poolable-thread-count=\
			autodetect
		thread-supplier.poolable-thread-request-timeout=\
			6000


2025-11-25 09:08:07,665 [main] INFO  o.b.core.jvm.BufferHandler - (BufferHandler.java:127) - default buffer size: 1024 bytes
2025-11-25 09:08:07,666 [main] INFO  o.b.core.jvm.BufferHandler - (BufferHandler.java:141) - default allocation mode: ByteBuffer::allocateDirect
2025-11-25 09:08:07,666 [main] INFO  org.burningwave.core.Cache - (Cache.java:76) - Building cache
2025-11-25 09:08:07,689 [main] INFO  o.b.c.a.StaticComponentContainer - (StaticComponentContainer.java:443) - org.burningwave.core.assembler.StaticComponentContainer initialized in 0.0992893 seconds
2025-11-25 09:08:08,815 [Worker-6: Loading available Gradle versions] INFO  o.e.b.c.i.u.g.PublishedGradleVersions - Gradle version information cache is out-of-date. Trying to update.
2025-11-25 12:31:34,891 [Burningwave - Resource releaser] INFO  o.b.c.a.StaticComponentContainer - (StaticComponentContainer.java:391) - ... Waiting for all tasks ending
2025-11-25 12:31:34,894 [Burningwave - Resource releaser] INFO  o.b.c.a.StaticComponentContainer - (StaticComponentContainer.java:397) - Closing all component containers
2025-11-25 12:31:34,895 [Burningwave - Resource releaser] INFO  o.b.c.a.StaticComponentContainer - (StaticComponentContainer.java:403) - Closing FileSystemHelper
2025-11-25 12:31:34,897 [Burningwave - Resource releaser] INFO  o.b.c.a.StaticComponentContainer - (StaticComponentContainer.java:409) - ... Waiting for all tasks ending before shutting down the BackgroundExecutor
2025-11-25 12:31:34,897 [Burningwave - Resource releaser] INFO  o.b.c.a.StaticComponentContainer - (StaticComponentContainer.java:414) - Shutting down BackgroundExecutor
2025-11-25 12:31:34,899 [Burningwave - Resource releaser] INFO  o.b.c.a.StaticComponentContainer - (StaticComponentContainer.java:420) - Stopping all threads monitoring thread
2025-11-25 12:31:34,900 [Burningwave - Resource releaser] INFO  o.b.c.a.StaticComponentContainer - (StaticComponentContainer.java:425) - Closing ThreadHolder
2025-11-25 12:31:34,900 [Burningwave - Resource releaser] INFO  o.b.c.a.StaticComponentContainer - (StaticComponentContainer.java:430) - Shutting down ThreadSupplier
2025-11-28 10:05:17,027 [main] INFO  o.b.c.a.StaticComponentContainer - (StaticComponentContainer.java:368) - Instantiated org.burningwave.core.SLF4JManagedLoggerRepository
2025-11-28 10:05:17,029 [main] INFO  o.b.c.a.StaticComponentContainer - (StaticComponentContainer.java:369) - 

	Configuration values for static components:

		background-executor.all-tasks-monitoring.enabled=\
			true
		background-executor.all-tasks-monitoring.interval=\
			30000
		background-executor.all-tasks-monitoring.logger.enabled=\
			false
		background-executor.all-tasks-monitoring.minimum-elapsed-time-to-consider-a-task-as-probable-dead-locked=\
			300000
		background-executor.all-tasks-monitoring.probable-dead-locked-tasks-handling.policy=\
			log only
		background-executor.queued-task-executor[0].name=\
			Low priority tasks
		background-executor.queued-task-executor[0].priority=\
			1
		background-executor.queued-task-executor[1].name=\
			Normal priority tasks
		background-executor.queued-task-executor[1].priority=\
			5
		background-executor.queued-task-executor[2].name=\
			High priority tasks
		background-executor.queued-task-executor[2].priority=\
			10
		background-executor.task-creation-tracking.enabled=\
			${background-executor.all-tasks-monitoring.enabled}
		banner.additonal-informations=\
			${Bundle-Vendor} ${Bundle-Name} ${Bundle-Version}
		banner.additonal-informations.retrieve-from-manifest-file-of=\
			Burningwave Core
		banner.file=\
			org/burningwave/banner.bwb
		banner.hide=\
			true
		buffer-handler.default-allocation-mode=\
			ByteBuffer::allocateDirect
		buffer-handler.default-buffer-size=\
			1024
		group-name-for-named-elements=\
			Burningwave
		iterable-object-helper.default-values-separator=\
			;
		iterable-object-helper.parallel-iteration.applicability.default-minimum-collection-size=\
			2
		iterable-object-helper.parallel-iteration.applicability.max-runtime-thread-count-threshold=\
			autodetect
		iterable-object-helper.parallel-iteration.applicability.output-collection-enabled-types=\
			java.util.concurrent.ConcurrentHashMap$CollectionView;\
			java.util.Collections$SynchronizedCollection;\
			java.util.concurrent.CopyOnWriteArrayList;\
			java.util.concurrent.CopyOnWriteArraySet;\
			java.util.concurrent.BlockingQueue;\
			java.util.concurrent.ConcurrentSkipListSet;\
			java.util.concurrent.ConcurrentSkipListMap$EntrySet;\
			java.util.concurrent.ConcurrentSkipListMap$KeySet;\
			java.util.concurrent.ConcurrentSkipListMap$Values;
		jvm.driver.init=\
			false
		managed-logger.repository=\
			autodetect
		managed-logger.repository.enabled=\
			true
		managed-logger.repository.logging.warn.disabled-for=\
			org.burningwave.core.assembler.ComponentContainer$ClassLoader;\
			org.burningwave.core.classes.MemoryClassLoader;\
			org.burningwave.core.classes.PathScannerClassLoader;
		modules.export-all-to-all=\
			true
		resource-releaser.enabled=\
			true
		synchronizer.all-threads-monitoring.enabled=\
			false
		synchronizer.all-threads-monitoring.interval=\
			90000
		thread-supplier.default-daemon-flag-value=\
			true
		thread-supplier.default-thread-priority=\
			5
		thread-supplier.max-detached-thread-count=\
			${thread-supplier.max-poolable-thread-count}
		thread-supplier.max-detached-thread-count.elapsed-time-threshold-from-last-increase-for-gradual-decreasing-to-initial-value=\
			30000
		thread-supplier.max-detached-thread-count.increasing-step=\
			autodetect
		thread-supplier.max-poolable-thread-count=\
			autodetect
		thread-supplier.poolable-thread-request-timeout=\
			6000


2025-11-28 10:05:17,033 [main] INFO  o.b.core.jvm.BufferHandler - (BufferHandler.java:127) - default buffer size: 1024 bytes
2025-11-28 10:05:17,033 [main] INFO  o.b.core.jvm.BufferHandler - (BufferHandler.java:141) - default allocation mode: ByteBuffer::allocateDirect
2025-11-28 10:05:17,037 [main] INFO  org.burningwave.core.Cache - (Cache.java:76) - Building cache
2025-11-28 10:05:17,056 [main] INFO  o.b.c.a.StaticComponentContainer - (StaticComponentContainer.java:443) - org.burningwave.core.assembler.StaticComponentContainer initialized in 0.1043221 seconds
2025-11-28 10:05:20,162 [Worker-5: Loading available Gradle versions] INFO  o.e.b.c.i.u.g.PublishedGradleVersions - Gradle version information cache is out-of-date. Trying to update.
2025-11-28 12:46:08,489 [Burningwave - Resource releaser] INFO  o.b.c.a.StaticComponentContainer - (StaticComponentContainer.java:391) - ... Waiting for all tasks ending
2025-11-28 12:46:08,490 [Burningwave - Resource releaser] INFO  o.b.c.a.StaticComponentContainer - (StaticComponentContainer.java:397) - Closing all component containers
2025-11-28 12:46:08,491 [Burningwave - Resource releaser] INFO  o.b.c.a.StaticComponentContainer - (StaticComponentContainer.java:403) - Closing FileSystemHelper
2025-11-28 12:46:08,492 [Burningwave - Resource releaser] INFO  o.b.c.a.StaticComponentContainer - (StaticComponentContainer.java:409) - ... Waiting for all tasks ending before shutting down the BackgroundExecutor
2025-11-28 12:46:08,492 [Burningwave - Resource releaser] INFO  o.b.c.a.StaticComponentContainer - (StaticComponentContainer.java:414) - Shutting down BackgroundExecutor
2025-11-28 12:46:08,492 [Burningwave - Resource releaser] INFO  o.b.c.a.StaticComponentContainer - (StaticComponentContainer.java:420) - Stopping all threads monitoring thread
2025-11-28 12:46:08,493 [Burningwave - Resource releaser] INFO  o.b.c.a.StaticComponentContainer - (StaticComponentContainer.java:425) - Closing ThreadHolder
2025-11-28 12:46:08,493 [Burningwave - Resource releaser] INFO  o.b.c.a.StaticComponentContainer - (StaticComponentContainer.java:430) - Shutting down ThreadSupplier
2025-11-28 12:46:35,507 [main] INFO  o.b.c.a.StaticComponentContainer - (StaticComponentContainer.java:368) - Instantiated org.burningwave.core.SLF4JManagedLoggerRepository
2025-11-28 12:46:35,509 [main] INFO  o.b.c.a.StaticComponentContainer - (StaticComponentContainer.java:369) - 

	Configuration values for static components:

		background-executor.all-tasks-monitoring.enabled=\
			true
		background-executor.all-tasks-monitoring.interval=\
			30000
		background-executor.all-tasks-monitoring.logger.enabled=\
			false
		background-executor.all-tasks-monitoring.minimum-elapsed-time-to-consider-a-task-as-probable-dead-locked=\
			300000
		background-executor.all-tasks-monitoring.probable-dead-locked-tasks-handling.policy=\
			log only
		background-executor.queued-task-executor[0].name=\
			Low priority tasks
		background-executor.queued-task-executor[0].priority=\
			1
		background-executor.queued-task-executor[1].name=\
			Normal priority tasks
		background-executor.queued-task-executor[1].priority=\
			5
		background-executor.queued-task-executor[2].name=\
			High priority tasks
		background-executor.queued-task-executor[2].priority=\
			10
		background-executor.task-creation-tracking.enabled=\
			${background-executor.all-tasks-monitoring.enabled}
		banner.additonal-informations=\
			${Bundle-Vendor} ${Bundle-Name} ${Bundle-Version}
		banner.additonal-informations.retrieve-from-manifest-file-of=\
			Burningwave Core
		banner.file=\
			org/burningwave/banner.bwb
		banner.hide=\
			true
		buffer-handler.default-allocation-mode=\
			ByteBuffer::allocateDirect
		buffer-handler.default-buffer-size=\
			1024
		group-name-for-named-elements=\
			Burningwave
		iterable-object-helper.default-values-separator=\
			;
		iterable-object-helper.parallel-iteration.applicability.default-minimum-collection-size=\
			2
		iterable-object-helper.parallel-iteration.applicability.max-runtime-thread-count-threshold=\
			autodetect
		iterable-object-helper.parallel-iteration.applicability.output-collection-enabled-types=\
			java.util.concurrent.ConcurrentHashMap$CollectionView;\
			java.util.Collections$SynchronizedCollection;\
			java.util.concurrent.CopyOnWriteArrayList;\
			java.util.concurrent.CopyOnWriteArraySet;\
			java.util.concurrent.BlockingQueue;\
			java.util.concurrent.ConcurrentSkipListSet;\
			java.util.concurrent.ConcurrentSkipListMap$EntrySet;\
			java.util.concurrent.ConcurrentSkipListMap$KeySet;\
			java.util.concurrent.ConcurrentSkipListMap$Values;
		jvm.driver.init=\
			false
		managed-logger.repository=\
			autodetect
		managed-logger.repository.enabled=\
			true
		managed-logger.repository.logging.warn.disabled-for=\
			org.burningwave.core.assembler.ComponentContainer$ClassLoader;\
			org.burningwave.core.classes.MemoryClassLoader;\
			org.burningwave.core.classes.PathScannerClassLoader;
		modules.export-all-to-all=\
			true
		resource-releaser.enabled=\
			true
		synchronizer.all-threads-monitoring.enabled=\
			false
		synchronizer.all-threads-monitoring.interval=\
			90000
		thread-supplier.default-daemon-flag-value=\
			true
		thread-supplier.default-thread-priority=\
			5
		thread-supplier.max-detached-thread-count=\
			${thread-supplier.max-poolable-thread-count}
		thread-supplier.max-detached-thread-count.elapsed-time-threshold-from-last-increase-for-gradual-decreasing-to-initial-value=\
			30000
		thread-supplier.max-detached-thread-count.increasing-step=\
			autodetect
		thread-supplier.max-poolable-thread-count=\
			autodetect
		thread-supplier.poolable-thread-request-timeout=\
			6000


2025-11-28 12:46:35,510 [main] INFO  o.b.core.jvm.BufferHandler - (BufferHandler.java:127) - default buffer size: 1024 bytes
2025-11-28 12:46:35,510 [main] INFO  o.b.core.jvm.BufferHandler - (BufferHandler.java:141) - default allocation mode: ByteBuffer::allocateDirect
2025-11-28 12:46:35,517 [main] INFO  org.burningwave.core.Cache - (Cache.java:76) - Building cache
2025-11-28 12:46:35,532 [main] INFO  o.b.c.a.StaticComponentContainer - (StaticComponentContainer.java:443) - org.burningwave.core.assembler.StaticComponentContainer initialized in 0.0810354 seconds
2025-11-28 12:46:37,707 [Worker-1: Loading available Gradle versions] INFO  o.e.b.c.i.u.g.PublishedGradleVersions - Gradle version information cache is up-to-date. Trying to read.
2025-11-28 13:26:18,708 [Burningwave - Resource releaser] INFO  o.b.c.a.StaticComponentContainer - (StaticComponentContainer.java:391) - ... Waiting for all tasks ending
2025-11-28 13:26:18,709 [Burningwave - Resource releaser] INFO  o.b.c.a.StaticComponentContainer - (StaticComponentContainer.java:397) - Closing all component containers
2025-11-28 13:26:18,711 [Burningwave - Resource releaser] INFO  o.b.c.a.StaticComponentContainer - (StaticComponentContainer.java:403) - Closing FileSystemHelper
2025-11-28 13:26:18,711 [Burningwave - Resource releaser] INFO  o.b.c.a.StaticComponentContainer - (StaticComponentContainer.java:409) - ... Waiting for all tasks ending before shutting down the BackgroundExecutor
2025-11-28 13:26:18,712 [Burningwave - Resource releaser] INFO  o.b.c.a.StaticComponentContainer - (StaticComponentContainer.java:414) - Shutting down BackgroundExecutor
2025-11-28 13:26:18,712 [Burningwave - Resource releaser] INFO  o.b.c.a.StaticComponentContainer - (StaticComponentContainer.java:420) - Stopping all threads monitoring thread
2025-11-28 13:26:18,713 [Burningwave - Resource releaser] INFO  o.b.c.a.StaticComponentContainer - (StaticComponentContainer.java:425) - Closing ThreadHolder
2025-11-28 13:26:18,714 [Burningwave - Resource releaser] INFO  o.b.c.a.StaticComponentContainer - (StaticComponentContainer.java:430) - Shutting down ThreadSupplier
2025-12-01 09:05:49,694 [main] INFO  o.b.c.a.StaticComponentContainer - (StaticComponentContainer.java:368) - Instantiated org.burningwave.core.SLF4JManagedLoggerRepository
2025-12-01 09:05:49,694 [main] INFO  o.b.c.a.StaticComponentContainer - (StaticComponentContainer.java:369) - 

	Configuration values for static components:

		background-executor.all-tasks-monitoring.enabled=\
			true
		background-executor.all-tasks-monitoring.interval=\
			30000
		background-executor.all-tasks-monitoring.logger.enabled=\
			false
		background-executor.all-tasks-monitoring.minimum-elapsed-time-to-consider-a-task-as-probable-dead-locked=\
			300000
		background-executor.all-tasks-monitoring.probable-dead-locked-tasks-handling.policy=\
			log only
		background-executor.queued-task-executor[0].name=\
			Low priority tasks
		background-executor.queued-task-executor[0].priority=\
			1
		background-executor.queued-task-executor[1].name=\
			Normal priority tasks
		background-executor.queued-task-executor[1].priority=\
			5
		background-executor.queued-task-executor[2].name=\
			High priority tasks
		background-executor.queued-task-executor[2].priority=\
			10
		background-executor.task-creation-tracking.enabled=\
			${background-executor.all-tasks-monitoring.enabled}
		banner.additonal-informations=\
			${Bundle-Vendor} ${Bundle-Name} ${Bundle-Version}
		banner.additonal-informations.retrieve-from-manifest-file-of=\
			Burningwave Core
		banner.file=\
			org/burningwave/banner.bwb
		banner.hide=\
			true
		buffer-handler.default-allocation-mode=\
			ByteBuffer::allocateDirect
		buffer-handler.default-buffer-size=\
			1024
		group-name-for-named-elements=\
			Burningwave
		iterable-object-helper.default-values-separator=\
			;
		iterable-object-helper.parallel-iteration.applicability.default-minimum-collection-size=\
			2
		iterable-object-helper.parallel-iteration.applicability.max-runtime-thread-count-threshold=\
			autodetect
		iterable-object-helper.parallel-iteration.applicability.output-collection-enabled-types=\
			java.util.concurrent.ConcurrentHashMap$CollectionView;\
			java.util.Collections$SynchronizedCollection;\
			java.util.concurrent.CopyOnWriteArrayList;\
			java.util.concurrent.CopyOnWriteArraySet;\
			java.util.concurrent.BlockingQueue;\
			java.util.concurrent.ConcurrentSkipListSet;\
			java.util.concurrent.ConcurrentSkipListMap$EntrySet;\
			java.util.concurrent.ConcurrentSkipListMap$KeySet;\
			java.util.concurrent.ConcurrentSkipListMap$Values;
		jvm.driver.init=\
			false
		managed-logger.repository=\
			autodetect
		managed-logger.repository.enabled=\
			true
		managed-logger.repository.logging.warn.disabled-for=\
			org.burningwave.core.assembler.ComponentContainer$ClassLoader;\
			org.burningwave.core.classes.MemoryClassLoader;\
			org.burningwave.core.classes.PathScannerClassLoader;
		modules.export-all-to-all=\
			true
		resource-releaser.enabled=\
			true
		synchronizer.all-threads-monitoring.enabled=\
			false
		synchronizer.all-threads-monitoring.interval=\
			90000
		thread-supplier.default-daemon-flag-value=\
			true
		thread-supplier.default-thread-priority=\
			5
		thread-supplier.max-detached-thread-count=\
			${thread-supplier.max-poolable-thread-count}
		thread-supplier.max-detached-thread-count.elapsed-time-threshold-from-last-increase-for-gradual-decreasing-to-initial-value=\
			30000
		thread-supplier.max-detached-thread-count.increasing-step=\
			autodetect
		thread-supplier.max-poolable-thread-count=\
			autodetect
		thread-supplier.poolable-thread-request-timeout=\
			6000


2025-12-01 09:05:49,694 [main] INFO  o.b.core.jvm.BufferHandler - (BufferHandler.java:127) - default buffer size: 1024 bytes
2025-12-01 09:05:49,694 [main] INFO  o.b.core.jvm.BufferHandler - (BufferHandler.java:141) - default allocation mode: ByteBuffer::allocateDirect
2025-12-01 09:05:49,694 [main] INFO  org.burningwave.core.Cache - (Cache.java:76) - Building cache
2025-12-01 09:05:49,714 [main] INFO  o.b.c.a.StaticComponentContainer - (StaticComponentContainer.java:443) - org.burningwave.core.assembler.StaticComponentContainer initialized in 0.0953872 seconds
2025-12-01 09:05:52,600 [Worker-6: Loading available Gradle versions] INFO  o.e.b.c.i.u.g.PublishedGradleVersions - Gradle version information cache is out-of-date. Trying to update.
2025-12-01 11:31:35,585 [Burningwave - Resource releaser] INFO  o.b.c.a.StaticComponentContainer - (StaticComponentContainer.java:391) - ... Waiting for all tasks ending
2025-12-01 11:31:35,588 [Burningwave - Resource releaser] INFO  o.b.c.a.StaticComponentContainer - (StaticComponentContainer.java:397) - Closing all component containers
2025-12-01 11:31:35,590 [Burningwave - Resource releaser] INFO  o.b.c.a.StaticComponentContainer - (StaticComponentContainer.java:403) - Closing FileSystemHelper
2025-12-01 11:31:35,590 [Burningwave - Resource releaser] INFO  o.b.c.a.StaticComponentContainer - (StaticComponentContainer.java:409) - ... Waiting for all tasks ending before shutting down the BackgroundExecutor
2025-12-01 11:31:35,591 [Burningwave - Resource releaser] INFO  o.b.c.a.StaticComponentContainer - (StaticComponentContainer.java:414) - Shutting down BackgroundExecutor
2025-12-01 11:31:35,591 [Burningwave - Resource releaser] INFO  o.b.c.a.StaticComponentContainer - (StaticComponentContainer.java:420) - Stopping all threads monitoring thread
2025-12-01 11:31:35,592 [Burningwave - Resource releaser] INFO  o.b.c.a.StaticComponentContainer - (StaticComponentContainer.java:425) - Closing ThreadHolder
2025-12-01 11:31:35,592 [Burningwave - Resource releaser] INFO  o.b.c.a.StaticComponentContainer - (StaticComponentContainer.java:430) - Shutting down ThreadSupplier
2025-12-02 09:14:32,702 [main] INFO  o.b.c.a.StaticComponentContainer - (StaticComponentContainer.java:368) - Instantiated org.burningwave.core.SLF4JManagedLoggerRepository
2025-12-02 09:14:32,705 [main] INFO  o.b.c.a.StaticComponentContainer - (StaticComponentContainer.java:369) - 

	Configuration values for static components:

		background-executor.all-tasks-monitoring.enabled=\
			true
		background-executor.all-tasks-monitoring.interval=\
			30000
		background-executor.all-tasks-monitoring.logger.enabled=\
			false
		background-executor.all-tasks-monitoring.minimum-elapsed-time-to-consider-a-task-as-probable-dead-locked=\
			300000
		background-executor.all-tasks-monitoring.probable-dead-locked-tasks-handling.policy=\
			log only
		background-executor.queued-task-executor[0].name=\
			Low priority tasks
		background-executor.queued-task-executor[0].priority=\
			1
		background-executor.queued-task-executor[1].name=\
			Normal priority tasks
		background-executor.queued-task-executor[1].priority=\
			5
		background-executor.queued-task-executor[2].name=\
			High priority tasks
		background-executor.queued-task-executor[2].priority=\
			10
		background-executor.task-creation-tracking.enabled=\
			${background-executor.all-tasks-monitoring.enabled}
		banner.additonal-informations=\
			${Bundle-Vendor} ${Bundle-Name} ${Bundle-Version}
		banner.additonal-informations.retrieve-from-manifest-file-of=\
			Burningwave Core
		banner.file=\
			org/burningwave/banner.bwb
		banner.hide=\
			true
		buffer-handler.default-allocation-mode=\
			ByteBuffer::allocateDirect
		buffer-handler.default-buffer-size=\
			1024
		group-name-for-named-elements=\
			Burningwave
		iterable-object-helper.default-values-separator=\
			;
		iterable-object-helper.parallel-iteration.applicability.default-minimum-collection-size=\
			2
		iterable-object-helper.parallel-iteration.applicability.max-runtime-thread-count-threshold=\
			autodetect
		iterable-object-helper.parallel-iteration.applicability.output-collection-enabled-types=\
			java.util.concurrent.ConcurrentHashMap$CollectionView;\
			java.util.Collections$SynchronizedCollection;\
			java.util.concurrent.CopyOnWriteArrayList;\
			java.util.concurrent.CopyOnWriteArraySet;\
			java.util.concurrent.BlockingQueue;\
			java.util.concurrent.ConcurrentSkipListSet;\
			java.util.concurrent.ConcurrentSkipListMap$EntrySet;\
			java.util.concurrent.ConcurrentSkipListMap$KeySet;\
			java.util.concurrent.ConcurrentSkipListMap$Values;
		jvm.driver.init=\
			false
		managed-logger.repository=\
			autodetect
		managed-logger.repository.enabled=\
			true
		managed-logger.repository.logging.warn.disabled-for=\
			org.burningwave.core.assembler.ComponentContainer$ClassLoader;\
			org.burningwave.core.classes.MemoryClassLoader;\
			org.burningwave.core.classes.PathScannerClassLoader;
		modules.export-all-to-all=\
			true
		resource-releaser.enabled=\
			true
		synchronizer.all-threads-monitoring.enabled=\
			false
		synchronizer.all-threads-monitoring.interval=\
			90000
		thread-supplier.default-daemon-flag-value=\
			true
		thread-supplier.default-thread-priority=\
			5
		thread-supplier.max-detached-thread-count=\
			${thread-supplier.max-poolable-thread-count}
		thread-supplier.max-detached-thread-count.elapsed-time-threshold-from-last-increase-for-gradual-decreasing-to-initial-value=\
			30000
		thread-supplier.max-detached-thread-count.increasing-step=\
			autodetect
		thread-supplier.max-poolable-thread-count=\
			autodetect
		thread-supplier.poolable-thread-request-timeout=\
			6000


2025-12-02 09:14:32,707 [main] INFO  o.b.core.jvm.BufferHandler - (BufferHandler.java:127) - default buffer size: 1024 bytes
2025-12-02 09:14:32,708 [main] INFO  o.b.core.jvm.BufferHandler - (BufferHandler.java:141) - default allocation mode: ByteBuffer::allocateDirect
2025-12-02 09:14:32,711 [main] INFO  org.burningwave.core.Cache - (Cache.java:76) - Building cache
2025-12-02 09:14:32,729 [main] INFO  o.b.c.a.StaticComponentContainer - (StaticComponentContainer.java:443) - org.burningwave.core.assembler.StaticComponentContainer initialized in 0.0899772 seconds
2025-12-02 09:17:26,558 [Worker-13: Loading available Gradle versions] INFO  o.e.b.c.i.u.g.PublishedGradleVersions - Gradle version information cache is out-of-date. Trying to update.
2025-12-02 11:49:10,029 [Burningwave - Resource releaser] INFO  o.b.c.a.StaticComponentContainer - (StaticComponentContainer.java:391) - ... Waiting for all tasks ending
2025-12-02 11:49:10,030 [Burningwave - Resource releaser] INFO  o.b.c.a.StaticComponentContainer - (StaticComponentContainer.java:397) - Closing all component containers
2025-12-02 11:49:10,031 [Burningwave - Resource releaser] INFO  o.b.c.a.StaticComponentContainer - (StaticComponentContainer.java:403) - Closing FileSystemHelper
2025-12-02 11:49:10,031 [Burningwave - Resource releaser] INFO  o.b.c.a.StaticComponentContainer - (StaticComponentContainer.java:409) - ... Waiting for all tasks ending before shutting down the BackgroundExecutor
2025-12-02 11:49:10,031 [Burningwave - Resource releaser] INFO  o.b.c.a.StaticComponentContainer - (StaticComponentContainer.java:414) - Shutting down BackgroundExecutor
2025-12-02 11:49:10,032 [Burningwave - Resource releaser] INFO  o.b.c.a.StaticComponentContainer - (StaticComponentContainer.java:420) - Stopping all threads monitoring thread
2025-12-02 11:49:10,032 [Burningwave - Resource releaser] INFO  o.b.c.a.StaticComponentContainer - (StaticComponentContainer.java:425) - Closing ThreadHolder
2025-12-02 11:49:10,032 [Burningwave - Resource releaser] INFO  o.b.c.a.StaticComponentContainer - (StaticComponentContainer.java:430) - Shutting down ThreadSupplier
2025-12-02 11:49:37,395 [main] INFO  o.b.c.a.StaticComponentContainer - (StaticComponentContainer.java:368) - Instantiated org.burningwave.core.SLF4JManagedLoggerRepository
2025-12-02 11:49:37,398 [main] INFO  o.b.c.a.StaticComponentContainer - (StaticComponentContainer.java:369) - 

	Configuration values for static components:

		background-executor.all-tasks-monitoring.enabled=\
			true
		background-executor.all-tasks-monitoring.interval=\
			30000
		background-executor.all-tasks-monitoring.logger.enabled=\
			false
		background-executor.all-tasks-monitoring.minimum-elapsed-time-to-consider-a-task-as-probable-dead-locked=\
			300000
		background-executor.all-tasks-monitoring.probable-dead-locked-tasks-handling.policy=\
			log only
		background-executor.queued-task-executor[0].name=\
			Low priority tasks
		background-executor.queued-task-executor[0].priority=\
			1
		background-executor.queued-task-executor[1].name=\
			Normal priority tasks
		background-executor.queued-task-executor[1].priority=\
			5
		background-executor.queued-task-executor[2].name=\
			High priority tasks
		background-executor.queued-task-executor[2].priority=\
			10
		background-executor.task-creation-tracking.enabled=\
			${background-executor.all-tasks-monitoring.enabled}
		banner.additonal-informations=\
			${Bundle-Vendor} ${Bundle-Name} ${Bundle-Version}
		banner.additonal-informations.retrieve-from-manifest-file-of=\
			Burningwave Core
		banner.file=\
			org/burningwave/banner.bwb
		banner.hide=\
			true
		buffer-handler.default-allocation-mode=\
			ByteBuffer::allocateDirect
		buffer-handler.default-buffer-size=\
			1024
		group-name-for-named-elements=\
			Burningwave
		iterable-object-helper.default-values-separator=\
			;
		iterable-object-helper.parallel-iteration.applicability.default-minimum-collection-size=\
			2
		iterable-object-helper.parallel-iteration.applicability.max-runtime-thread-count-threshold=\
			autodetect
		iterable-object-helper.parallel-iteration.applicability.output-collection-enabled-types=\
			java.util.concurrent.ConcurrentHashMap$CollectionView;\
			java.util.Collections$SynchronizedCollection;\
			java.util.concurrent.CopyOnWriteArrayList;\
			java.util.concurrent.CopyOnWriteArraySet;\
			java.util.concurrent.BlockingQueue;\
			java.util.concurrent.ConcurrentSkipListSet;\
			java.util.concurrent.ConcurrentSkipListMap$EntrySet;\
			java.util.concurrent.ConcurrentSkipListMap$KeySet;\
			java.util.concurrent.ConcurrentSkipListMap$Values;
		jvm.driver.init=\
			false
		managed-logger.repository=\
			autodetect
		managed-logger.repository.enabled=\
			true
		managed-logger.repository.logging.warn.disabled-for=\
			org.burningwave.core.assembler.ComponentContainer$ClassLoader;\
			org.burningwave.core.classes.MemoryClassLoader;\
			org.burningwave.core.classes.PathScannerClassLoader;
		modules.export-all-to-all=\
			true
		resource-releaser.enabled=\
			true
		synchronizer.all-threads-monitoring.enabled=\
			false
		synchronizer.all-threads-monitoring.interval=\
			90000
		thread-supplier.default-daemon-flag-value=\
			true
		thread-supplier.default-thread-priority=\
			5
		thread-supplier.max-detached-thread-count=\
			${thread-supplier.max-poolable-thread-count}
		thread-supplier.max-detached-thread-count.elapsed-time-threshold-from-last-increase-for-gradual-decreasing-to-initial-value=\
			30000
		thread-supplier.max-detached-thread-count.increasing-step=\
			autodetect
		thread-supplier.max-poolable-thread-count=\
			autodetect
		thread-supplier.poolable-thread-request-timeout=\
			6000


2025-12-02 11:49:37,400 [main] INFO  o.b.core.jvm.BufferHandler - (BufferHandler.java:127) - default buffer size: 1024 bytes
2025-12-02 11:49:37,400 [main] INFO  o.b.core.jvm.BufferHandler - (BufferHandler.java:141) - default allocation mode: ByteBuffer::allocateDirect
2025-12-02 11:49:37,403 [main] INFO  org.burningwave.core.Cache - (Cache.java:76) - Building cache
2025-12-02 11:49:37,419 [main] INFO  o.b.c.a.StaticComponentContainer - (StaticComponentContainer.java:443) - org.burningwave.core.assembler.StaticComponentContainer initialized in 0.079496 seconds
2025-12-02 11:49:39,857 [Worker-7: Loading available Gradle versions] INFO  o.e.b.c.i.u.g.PublishedGradleVersions - Gradle version information cache is up-to-date. Trying to read.
2025-12-02 12:32:59,251 [Burningwave - Resource releaser] INFO  o.b.c.a.StaticComponentContainer - (StaticComponentContainer.java:391) - ... Waiting for all tasks ending
2025-12-02 12:32:59,253 [Burningwave - Resource releaser] INFO  o.b.c.a.StaticComponentContainer - (StaticComponentContainer.java:397) - Closing all component containers
2025-12-02 12:32:59,254 [Burningwave - Resource releaser] INFO  o.b.c.a.StaticComponentContainer - (StaticComponentContainer.java:403) - Closing FileSystemHelper
2025-12-02 12:32:59,256 [Burningwave - Resource releaser] INFO  o.b.c.a.StaticComponentContainer - (StaticComponentContainer.java:409) - ... Waiting for all tasks ending before shutting down the BackgroundExecutor
2025-12-02 12:32:59,256 [Burningwave - Resource releaser] INFO  o.b.c.a.StaticComponentContainer - (StaticComponentContainer.java:414) - Shutting down BackgroundExecutor
2025-12-02 12:32:59,257 [Burningwave - Resource releaser] INFO  o.b.c.a.StaticComponentContainer - (StaticComponentContainer.java:420) - Stopping all threads monitoring thread
2025-12-02 12:32:59,257 [Burningwave - Resource releaser] INFO  o.b.c.a.StaticComponentContainer - (StaticComponentContainer.java:425) - Closing ThreadHolder
2025-12-02 12:32:59,258 [Burningwave - Resource releaser] INFO  o.b.c.a.StaticComponentContainer - (StaticComponentContainer.java:430) - Shutting down ThreadSupplier
2025-12-05 10:14:17,487 [main] INFO  o.b.c.a.StaticComponentContainer - (StaticComponentContainer.java:368) - Instantiated org.burningwave.core.SLF4JManagedLoggerRepository
2025-12-05 10:14:17,490 [main] INFO  o.b.c.a.StaticComponentContainer - (StaticComponentContainer.java:369) - 

	Configuration values for static components:

		background-executor.all-tasks-monitoring.enabled=\
			true
		background-executor.all-tasks-monitoring.interval=\
			30000
		background-executor.all-tasks-monitoring.logger.enabled=\
			false
		background-executor.all-tasks-monitoring.minimum-elapsed-time-to-consider-a-task-as-probable-dead-locked=\
			300000
		background-executor.all-tasks-monitoring.probable-dead-locked-tasks-handling.policy=\
			log only
		background-executor.queued-task-executor[0].name=\
			Low priority tasks
		background-executor.queued-task-executor[0].priority=\
			1
		background-executor.queued-task-executor[1].name=\
			Normal priority tasks
		background-executor.queued-task-executor[1].priority=\
			5
		background-executor.queued-task-executor[2].name=\
			High priority tasks
		background-executor.queued-task-executor[2].priority=\
			10
		background-executor.task-creation-tracking.enabled=\
			${background-executor.all-tasks-monitoring.enabled}
		banner.additonal-informations=\
			${Bundle-Vendor} ${Bundle-Name} ${Bundle-Version}
		banner.additonal-informations.retrieve-from-manifest-file-of=\
			Burningwave Core
		banner.file=\
			org/burningwave/banner.bwb
		banner.hide=\
			true
		buffer-handler.default-allocation-mode=\
			ByteBuffer::allocateDirect
		buffer-handler.default-buffer-size=\
			1024
		group-name-for-named-elements=\
			Burningwave
		iterable-object-helper.default-values-separator=\
			;
		iterable-object-helper.parallel-iteration.applicability.default-minimum-collection-size=\
			2
		iterable-object-helper.parallel-iteration.applicability.max-runtime-thread-count-threshold=\
			autodetect
		iterable-object-helper.parallel-iteration.applicability.output-collection-enabled-types=\
			java.util.concurrent.ConcurrentHashMap$CollectionView;\
			java.util.Collections$SynchronizedCollection;\
			java.util.concurrent.CopyOnWriteArrayList;\
			java.util.concurrent.CopyOnWriteArraySet;\
			java.util.concurrent.BlockingQueue;\
			java.util.concurrent.ConcurrentSkipListSet;\
			java.util.concurrent.ConcurrentSkipListMap$EntrySet;\
			java.util.concurrent.ConcurrentSkipListMap$KeySet;\
			java.util.concurrent.ConcurrentSkipListMap$Values;
		jvm.driver.init=\
			false
		managed-logger.repository=\
			autodetect
		managed-logger.repository.enabled=\
			true
		managed-logger.repository.logging.warn.disabled-for=\
			org.burningwave.core.assembler.ComponentContainer$ClassLoader;\
			org.burningwave.core.classes.MemoryClassLoader;\
			org.burningwave.core.classes.PathScannerClassLoader;
		modules.export-all-to-all=\
			true
		resource-releaser.enabled=\
			true
		synchronizer.all-threads-monitoring.enabled=\
			false
		synchronizer.all-threads-monitoring.interval=\
			90000
		thread-supplier.default-daemon-flag-value=\
			true
		thread-supplier.default-thread-priority=\
			5
		thread-supplier.max-detached-thread-count=\
			${thread-supplier.max-poolable-thread-count}
		thread-supplier.max-detached-thread-count.elapsed-time-threshold-from-last-increase-for-gradual-decreasing-to-initial-value=\
			30000
		thread-supplier.max-detached-thread-count.increasing-step=\
			autodetect
		thread-supplier.max-poolable-thread-count=\
			autodetect
		thread-supplier.poolable-thread-request-timeout=\
			6000


2025-12-05 10:14:17,493 [main] INFO  o.b.core.jvm.BufferHandler - (BufferHandler.java:127) - default buffer size: 1024 bytes
2025-12-05 10:14:17,494 [main] INFO  o.b.core.jvm.BufferHandler - (BufferHandler.java:141) - default allocation mode: ByteBuffer::allocateDirect
2025-12-05 10:14:17,499 [main] INFO  org.burningwave.core.Cache - (Cache.java:76) - Building cache
2025-12-05 10:14:17,529 [main] INFO  o.b.c.a.StaticComponentContainer - (StaticComponentContainer.java:443) - org.burningwave.core.assembler.StaticComponentContainer initialized in 0.1511638 seconds
2025-12-05 10:14:22,470 [Worker-4: Loading available Gradle versions] INFO  o.e.b.c.i.u.g.PublishedGradleVersions - Gradle version information cache is out-of-date. Trying to update.
2025-12-05 10:48:16,028 [Burningwave - Resource releaser] INFO  o.b.c.a.StaticComponentContainer - (StaticComponentContainer.java:391) - ... Waiting for all tasks ending
2025-12-05 10:48:16,030 [Burningwave - Resource releaser] INFO  o.b.c.a.StaticComponentContainer - (StaticComponentContainer.java:397) - Closing all component containers
2025-12-05 10:48:16,032 [Burningwave - Resource releaser] INFO  o.b.c.a.StaticComponentContainer - (StaticComponentContainer.java:403) - Closing FileSystemHelper
2025-12-05 10:48:16,033 [Burningwave - Resource releaser] INFO  o.b.c.a.StaticComponentContainer - (StaticComponentContainer.java:409) - ... Waiting for all tasks ending before shutting down the BackgroundExecutor
2025-12-05 10:48:16,033 [Burningwave - Resource releaser] INFO  o.b.c.a.StaticComponentContainer - (StaticComponentContainer.java:414) - Shutting down BackgroundExecutor
2025-12-05 10:48:16,034 [Burningwave - Resource releaser] INFO  o.b.c.a.StaticComponentContainer - (StaticComponentContainer.java:420) - Stopping all threads monitoring thread
2025-12-05 10:48:16,034 [Burningwave - Resource releaser] INFO  o.b.c.a.StaticComponentContainer - (StaticComponentContainer.java:425) - Closing ThreadHolder
2025-12-05 10:48:16,034 [Burningwave - Resource releaser] INFO  o.b.c.a.StaticComponentContainer - (StaticComponentContainer.java:430) - Shutting down ThreadSupplier
2025-12-05 10:48:41,302 [main] INFO  o.b.c.a.StaticComponentContainer - (StaticComponentContainer.java:368) - Instantiated org.burningwave.core.SLF4JManagedLoggerRepository
2025-12-05 10:48:41,304 [main] INFO  o.b.c.a.StaticComponentContainer - (StaticComponentContainer.java:369) - 

	Configuration values for static components:

		background-executor.all-tasks-monitoring.enabled=\
			true
		background-executor.all-tasks-monitoring.interval=\
			30000
		background-executor.all-tasks-monitoring.logger.enabled=\
			false
		background-executor.all-tasks-monitoring.minimum-elapsed-time-to-consider-a-task-as-probable-dead-locked=\
			300000
		background-executor.all-tasks-monitoring.probable-dead-locked-tasks-handling.policy=\
			log only
		background-executor.queued-task-executor[0].name=\
			Low priority tasks
		background-executor.queued-task-executor[0].priority=\
			1
		background-executor.queued-task-executor[1].name=\
			Normal priority tasks
		background-executor.queued-task-executor[1].priority=\
			5
		background-executor.queued-task-executor[2].name=\
			High priority tasks
		background-executor.queued-task-executor[2].priority=\
			10
		background-executor.task-creation-tracking.enabled=\
			${background-executor.all-tasks-monitoring.enabled}
		banner.additonal-informations=\
			${Bundle-Vendor} ${Bundle-Name} ${Bundle-Version}
		banner.additonal-informations.retrieve-from-manifest-file-of=\
			Burningwave Core
		banner.file=\
			org/burningwave/banner.bwb
		banner.hide=\
			true
		buffer-handler.default-allocation-mode=\
			ByteBuffer::allocateDirect
		buffer-handler.default-buffer-size=\
			1024
		group-name-for-named-elements=\
			Burningwave
		iterable-object-helper.default-values-separator=\
			;
		iterable-object-helper.parallel-iteration.applicability.default-minimum-collection-size=\
			2
		iterable-object-helper.parallel-iteration.applicability.max-runtime-thread-count-threshold=\
			autodetect
		iterable-object-helper.parallel-iteration.applicability.output-collection-enabled-types=\
			java.util.concurrent.ConcurrentHashMap$CollectionView;\
			java.util.Collections$SynchronizedCollection;\
			java.util.concurrent.CopyOnWriteArrayList;\
			java.util.concurrent.CopyOnWriteArraySet;\
			java.util.concurrent.BlockingQueue;\
			java.util.concurrent.ConcurrentSkipListSet;\
			java.util.concurrent.ConcurrentSkipListMap$EntrySet;\
			java.util.concurrent.ConcurrentSkipListMap$KeySet;\
			java.util.concurrent.ConcurrentSkipListMap$Values;
		jvm.driver.init=\
			false
		managed-logger.repository=\
			autodetect
		managed-logger.repository.enabled=\
			true
		managed-logger.repository.logging.warn.disabled-for=\
			org.burningwave.core.assembler.ComponentContainer$ClassLoader;\
			org.burningwave.core.classes.MemoryClassLoader;\
			org.burningwave.core.classes.PathScannerClassLoader;
		modules.export-all-to-all=\
			true
		resource-releaser.enabled=\
			true
		synchronizer.all-threads-monitoring.enabled=\
			false
		synchronizer.all-threads-monitoring.interval=\
			90000
		thread-supplier.default-daemon-flag-value=\
			true
		thread-supplier.default-thread-priority=\
			5
		thread-supplier.max-detached-thread-count=\
			${thread-supplier.max-poolable-thread-count}
		thread-supplier.max-detached-thread-count.elapsed-time-threshold-from-last-increase-for-gradual-decreasing-to-initial-value=\
			30000
		thread-supplier.max-detached-thread-count.increasing-step=\
			autodetect
		thread-supplier.max-poolable-thread-count=\
			autodetect
		thread-supplier.poolable-thread-request-timeout=\
			6000


2025-12-05 10:48:41,306 [main] INFO  o.b.core.jvm.BufferHandler - (BufferHandler.java:127) - default buffer size: 1024 bytes
2025-12-05 10:48:41,307 [main] INFO  o.b.core.jvm.BufferHandler - (BufferHandler.java:141) - default allocation mode: ByteBuffer::allocateDirect
2025-12-05 10:48:41,309 [main] INFO  org.burningwave.core.Cache - (Cache.java:76) - Building cache
2025-12-05 10:48:41,326 [main] INFO  o.b.c.a.StaticComponentContainer - (StaticComponentContainer.java:443) - org.burningwave.core.assembler.StaticComponentContainer initialized in 0.0912897 seconds
2025-12-05 10:48:43,416 [Worker-7: Loading available Gradle versions] INFO  o.e.b.c.i.u.g.PublishedGradleVersions - Gradle version information cache is up-to-date. Trying to read.
2025-12-05 13:27:38,987 [Burningwave - Resource releaser] INFO  o.b.c.a.StaticComponentContainer - (StaticComponentContainer.java:391) - ... Waiting for all tasks ending
2025-12-05 13:27:38,989 [Burningwave - Resource releaser] INFO  o.b.c.a.StaticComponentContainer - (StaticComponentContainer.java:397) - Closing all component containers
2025-12-05 13:27:38,990 [Burningwave - Resource releaser] INFO  o.b.c.a.StaticComponentContainer - (StaticComponentContainer.java:403) - Closing FileSystemHelper
2025-12-05 13:27:38,991 [Burningwave - Resource releaser] INFO  o.b.c.a.StaticComponentContainer - (StaticComponentContainer.java:409) - ... Waiting for all tasks ending before shutting down the BackgroundExecutor
2025-12-05 13:27:38,991 [Burningwave - Resource releaser] INFO  o.b.c.a.StaticComponentContainer - (StaticComponentContainer.java:414) - Shutting down BackgroundExecutor
2025-12-05 13:27:38,992 [Burningwave - Resource releaser] INFO  o.b.c.a.StaticComponentContainer - (StaticComponentContainer.java:420) - Stopping all threads monitoring thread
2025-12-05 13:27:38,992 [Burningwave - Resource releaser] INFO  o.b.c.a.StaticComponentContainer - (StaticComponentContainer.java:425) - Closing ThreadHolder
2025-12-05 13:27:38,992 [Burningwave - Resource releaser] INFO  o.b.c.a.StaticComponentContainer - (StaticComponentContainer.java:430) - Shutting down ThreadSupplier
2025-12-09 09:04:33,540 [main] INFO  o.b.c.a.StaticComponentContainer - (StaticComponentContainer.java:368) - Instantiated org.burningwave.core.SLF4JManagedLoggerRepository
2025-12-09 09:04:33,543 [main] INFO  o.b.c.a.StaticComponentContainer - (StaticComponentContainer.java:369) - 

	Configuration values for static components:

		background-executor.all-tasks-monitoring.enabled=\
			true
		background-executor.all-tasks-monitoring.interval=\
			30000
		background-executor.all-tasks-monitoring.logger.enabled=\
			false
		background-executor.all-tasks-monitoring.minimum-elapsed-time-to-consider-a-task-as-probable-dead-locked=\
			300000
		background-executor.all-tasks-monitoring.probable-dead-locked-tasks-handling.policy=\
			log only
		background-executor.queued-task-executor[0].name=\
			Low priority tasks
		background-executor.queued-task-executor[0].priority=\
			1
		background-executor.queued-task-executor[1].name=\
			Normal priority tasks
		background-executor.queued-task-executor[1].priority=\
			5
		background-executor.queued-task-executor[2].name=\
			High priority tasks
		background-executor.queued-task-executor[2].priority=\
			10
		background-executor.task-creation-tracking.enabled=\
			${background-executor.all-tasks-monitoring.enabled}
		banner.additonal-informations=\
			${Bundle-Vendor} ${Bundle-Name} ${Bundle-Version}
		banner.additonal-informations.retrieve-from-manifest-file-of=\
			Burningwave Core
		banner.file=\
			org/burningwave/banner.bwb
		banner.hide=\
			true
		buffer-handler.default-allocation-mode=\
			ByteBuffer::allocateDirect
		buffer-handler.default-buffer-size=\
			1024
		group-name-for-named-elements=\
			Burningwave
		iterable-object-helper.default-values-separator=\
			;
		iterable-object-helper.parallel-iteration.applicability.default-minimum-collection-size=\
			2
		iterable-object-helper.parallel-iteration.applicability.max-runtime-thread-count-threshold=\
			autodetect
		iterable-object-helper.parallel-iteration.applicability.output-collection-enabled-types=\
			java.util.concurrent.ConcurrentHashMap$CollectionView;\
			java.util.Collections$SynchronizedCollection;\
			java.util.concurrent.CopyOnWriteArrayList;\
			java.util.concurrent.CopyOnWriteArraySet;\
			java.util.concurrent.BlockingQueue;\
			java.util.concurrent.ConcurrentSkipListSet;\
			java.util.concurrent.ConcurrentSkipListMap$EntrySet;\
			java.util.concurrent.ConcurrentSkipListMap$KeySet;\
			java.util.concurrent.ConcurrentSkipListMap$Values;
		jvm.driver.init=\
			false
		managed-logger.repository=\
			autodetect
		managed-logger.repository.enabled=\
			true
		managed-logger.repository.logging.warn.disabled-for=\
			org.burningwave.core.assembler.ComponentContainer$ClassLoader;\
			org.burningwave.core.classes.MemoryClassLoader;\
			org.burningwave.core.classes.PathScannerClassLoader;
		modules.export-all-to-all=\
			true
		resource-releaser.enabled=\
			true
		synchronizer.all-threads-monitoring.enabled=\
			false
		synchronizer.all-threads-monitoring.interval=\
			90000
		thread-supplier.default-daemon-flag-value=\
			true
		thread-supplier.default-thread-priority=\
			5
		thread-supplier.max-detached-thread-count=\
			${thread-supplier.max-poolable-thread-count}
		thread-supplier.max-detached-thread-count.elapsed-time-threshold-from-last-increase-for-gradual-decreasing-to-initial-value=\
			30000
		thread-supplier.max-detached-thread-count.increasing-step=\
			autodetect
		thread-supplier.max-poolable-thread-count=\
			autodetect
		thread-supplier.poolable-thread-request-timeout=\
			6000


2025-12-09 09:04:33,545 [main] INFO  o.b.core.jvm.BufferHandler - (BufferHandler.java:127) - default buffer size: 1024 bytes
2025-12-09 09:04:33,545 [main] INFO  o.b.core.jvm.BufferHandler - (BufferHandler.java:141) - default allocation mode: ByteBuffer::allocateDirect
2025-12-09 09:04:33,548 [main] INFO  org.burningwave.core.Cache - (Cache.java:76) - Building cache
2025-12-09 09:04:33,567 [main] INFO  o.b.c.a.StaticComponentContainer - (StaticComponentContainer.java:443) - org.burningwave.core.assembler.StaticComponentContainer initialized in 0.0969933 seconds
2025-12-09 09:04:36,034 [Worker-4: Loading available Gradle versions] INFO  o.e.b.c.i.u.g.PublishedGradleVersions - Gradle version information cache is out-of-date. Trying to update.
2025-12-09 09:25:07,446 [Burningwave - Resource releaser] INFO  o.b.c.a.StaticComponentContainer - (StaticComponentContainer.java:391) - ... Waiting for all tasks ending
2025-12-09 09:25:07,448 [Burningwave - Resource releaser] INFO  o.b.c.a.StaticComponentContainer - (StaticComponentContainer.java:397) - Closing all component containers
2025-12-09 09:25:07,449 [Burningwave - Resource releaser] INFO  o.b.c.a.StaticComponentContainer - (StaticComponentContainer.java:403) - Closing FileSystemHelper
2025-12-09 09:25:07,450 [Burningwave - Resource releaser] INFO  o.b.c.a.StaticComponentContainer - (StaticComponentContainer.java:409) - ... Waiting for all tasks ending before shutting down the BackgroundExecutor
2025-12-09 09:25:07,450 [Burningwave - Resource releaser] INFO  o.b.c.a.StaticComponentContainer - (StaticComponentContainer.java:414) - Shutting down BackgroundExecutor
2025-12-09 09:25:07,451 [Burningwave - Resource releaser] INFO  o.b.c.a.StaticComponentContainer - (StaticComponentContainer.java:420) - Stopping all threads monitoring thread
2025-12-09 09:25:07,451 [Burningwave - Resource releaser] INFO  o.b.c.a.StaticComponentContainer - (StaticComponentContainer.java:425) - Closing ThreadHolder
2025-12-09 09:25:07,451 [Burningwave - Resource releaser] INFO  o.b.c.a.StaticComponentContainer - (StaticComponentContainer.java:430) - Shutting down ThreadSupplier
2025-12-09 09:25:43,049 [main] INFO  o.b.c.a.StaticComponentContainer - (StaticComponentContainer.java:368) - Instantiated org.burningwave.core.SLF4JManagedLoggerRepository
2025-12-09 09:25:43,051 [main] INFO  o.b.c.a.StaticComponentContainer - (StaticComponentContainer.java:369) - 

	Configuration values for static components:

		background-executor.all-tasks-monitoring.enabled=\
			true
		background-executor.all-tasks-monitoring.interval=\
			30000
		background-executor.all-tasks-monitoring.logger.enabled=\
			false
		background-executor.all-tasks-monitoring.minimum-elapsed-time-to-consider-a-task-as-probable-dead-locked=\
			300000
		background-executor.all-tasks-monitoring.probable-dead-locked-tasks-handling.policy=\
			log only
		background-executor.queued-task-executor[0].name=\
			Low priority tasks
		background-executor.queued-task-executor[0].priority=\
			1
		background-executor.queued-task-executor[1].name=\
			Normal priority tasks
		background-executor.queued-task-executor[1].priority=\
			5
		background-executor.queued-task-executor[2].name=\
			High priority tasks
		background-executor.queued-task-executor[2].priority=\
			10
		background-executor.task-creation-tracking.enabled=\
			${background-executor.all-tasks-monitoring.enabled}
		banner.additonal-informations=\
			${Bundle-Vendor} ${Bundle-Name} ${Bundle-Version}
		banner.additonal-informations.retrieve-from-manifest-file-of=\
			Burningwave Core
		banner.file=\
			org/burningwave/banner.bwb
		banner.hide=\
			true
		buffer-handler.default-allocation-mode=\
			ByteBuffer::allocateDirect
		buffer-handler.default-buffer-size=\
			1024
		group-name-for-named-elements=\
			Burningwave
		iterable-object-helper.default-values-separator=\
			;
		iterable-object-helper.parallel-iteration.applicability.default-minimum-collection-size=\
			2
		iterable-object-helper.parallel-iteration.applicability.max-runtime-thread-count-threshold=\
			autodetect
		iterable-object-helper.parallel-iteration.applicability.output-collection-enabled-types=\
			java.util.concurrent.ConcurrentHashMap$CollectionView;\
			java.util.Collections$SynchronizedCollection;\
			java.util.concurrent.CopyOnWriteArrayList;\
			java.util.concurrent.CopyOnWriteArraySet;\
			java.util.concurrent.BlockingQueue;\
			java.util.concurrent.ConcurrentSkipListSet;\
			java.util.concurrent.ConcurrentSkipListMap$EntrySet;\
			java.util.concurrent.ConcurrentSkipListMap$KeySet;\
			java.util.concurrent.ConcurrentSkipListMap$Values;
		jvm.driver.init=\
			false
		managed-logger.repository=\
			autodetect
		managed-logger.repository.enabled=\
			true
		managed-logger.repository.logging.warn.disabled-for=\
			org.burningwave.core.assembler.ComponentContainer$ClassLoader;\
			org.burningwave.core.classes.MemoryClassLoader;\
			org.burningwave.core.classes.PathScannerClassLoader;
		modules.export-all-to-all=\
			true
		resource-releaser.enabled=\
			true
		synchronizer.all-threads-monitoring.enabled=\
			false
		synchronizer.all-threads-monitoring.interval=\
			90000
		thread-supplier.default-daemon-flag-value=\
			true
		thread-supplier.default-thread-priority=\
			5
		thread-supplier.max-detached-thread-count=\
			${thread-supplier.max-poolable-thread-count}
		thread-supplier.max-detached-thread-count.elapsed-time-threshold-from-last-increase-for-gradual-decreasing-to-initial-value=\
			30000
		thread-supplier.max-detached-thread-count.increasing-step=\
			autodetect
		thread-supplier.max-poolable-thread-count=\
			autodetect
		thread-supplier.poolable-thread-request-timeout=\
			6000


2025-12-09 09:25:43,056 [main] INFO  o.b.core.jvm.BufferHandler - (BufferHandler.java:127) - default buffer size: 1024 bytes
2025-12-09 09:25:43,058 [main] INFO  o.b.core.jvm.BufferHandler - (BufferHandler.java:141) - default allocation mode: ByteBuffer::allocateDirect
2025-12-09 09:25:43,064 [main] INFO  org.burningwave.core.Cache - (Cache.java:76) - Building cache
2025-12-09 09:25:43,089 [main] INFO  o.b.c.a.StaticComponentContainer - (StaticComponentContainer.java:443) - org.burningwave.core.assembler.StaticComponentContainer initialized in 0.1041078 seconds
2025-12-09 09:25:45,870 [Worker-6: Loading available Gradle versions] INFO  o.e.b.c.i.u.g.PublishedGradleVersions - Gradle version information cache is up-to-date. Trying to read.
2025-12-09 12:32:16,445 [Burningwave - Resource releaser] INFO  o.b.c.a.StaticComponentContainer - (StaticComponentContainer.java:391) - ... Waiting for all tasks ending
2025-12-09 12:32:16,446 [Burningwave - Resource releaser] INFO  o.b.c.a.StaticComponentContainer - (StaticComponentContainer.java:397) - Closing all component containers
2025-12-09 12:32:16,447 [Burningwave - Resource releaser] INFO  o.b.c.a.StaticComponentContainer - (StaticComponentContainer.java:403) - Closing FileSystemHelper
2025-12-09 12:32:16,447 [Burningwave - Resource releaser] INFO  o.b.c.a.StaticComponentContainer - (StaticComponentContainer.java:409) - ... Waiting for all tasks ending before shutting down the BackgroundExecutor
2025-12-09 12:32:16,448 [Burningwave - Resource releaser] INFO  o.b.c.a.StaticComponentContainer - (StaticComponentContainer.java:414) - Shutting down BackgroundExecutor
2025-12-09 12:32:16,448 [Burningwave - Resource releaser] INFO  o.b.c.a.StaticComponentContainer - (StaticComponentContainer.java:420) - Stopping all threads monitoring thread
2025-12-09 12:32:16,448 [Burningwave - Resource releaser] INFO  o.b.c.a.StaticComponentContainer - (StaticComponentContainer.java:425) - Closing ThreadHolder
2025-12-09 12:32:16,448 [Burningwave - Resource releaser] INFO  o.b.c.a.StaticComponentContainer - (StaticComponentContainer.java:430) - Shutting down ThreadSupplier
2025-12-12 10:13:47,656 [main] INFO  o.b.c.a.StaticComponentContainer - (StaticComponentContainer.java:368) - Instantiated org.burningwave.core.SLF4JManagedLoggerRepository
2025-12-12 10:13:47,659 [main] INFO  o.b.c.a.StaticComponentContainer - (StaticComponentContainer.java:369) - 

	Configuration values for static components:

		background-executor.all-tasks-monitoring.enabled=\
			true
		background-executor.all-tasks-monitoring.interval=\
			30000
		background-executor.all-tasks-monitoring.logger.enabled=\
			false
		background-executor.all-tasks-monitoring.minimum-elapsed-time-to-consider-a-task-as-probable-dead-locked=\
			300000
		background-executor.all-tasks-monitoring.probable-dead-locked-tasks-handling.policy=\
			log only
		background-executor.queued-task-executor[0].name=\
			Low priority tasks
		background-executor.queued-task-executor[0].priority=\
			1
		background-executor.queued-task-executor[1].name=\
			Normal priority tasks
		background-executor.queued-task-executor[1].priority=\
			5
		background-executor.queued-task-executor[2].name=\
			High priority tasks
		background-executor.queued-task-executor[2].priority=\
			10
		background-executor.task-creation-tracking.enabled=\
			${background-executor.all-tasks-monitoring.enabled}
		banner.additonal-informations=\
			${Bundle-Vendor} ${Bundle-Name} ${Bundle-Version}
		banner.additonal-informations.retrieve-from-manifest-file-of=\
			Burningwave Core
		banner.file=\
			org/burningwave/banner.bwb
		banner.hide=\
			true
		buffer-handler.default-allocation-mode=\
			ByteBuffer::allocateDirect
		buffer-handler.default-buffer-size=\
			1024
		group-name-for-named-elements=\
			Burningwave
		iterable-object-helper.default-values-separator=\
			;
		iterable-object-helper.parallel-iteration.applicability.default-minimum-collection-size=\
			2
		iterable-object-helper.parallel-iteration.applicability.max-runtime-thread-count-threshold=\
			autodetect
		iterable-object-helper.parallel-iteration.applicability.output-collection-enabled-types=\
			java.util.concurrent.ConcurrentHashMap$CollectionView;\
			java.util.Collections$SynchronizedCollection;\
			java.util.concurrent.CopyOnWriteArrayList;\
			java.util.concurrent.CopyOnWriteArraySet;\
			java.util.concurrent.BlockingQueue;\
			java.util.concurrent.ConcurrentSkipListSet;\
			java.util.concurrent.ConcurrentSkipListMap$EntrySet;\
			java.util.concurrent.ConcurrentSkipListMap$KeySet;\
			java.util.concurrent.ConcurrentSkipListMap$Values;
		jvm.driver.init=\
			false
		managed-logger.repository=\
			autodetect
		managed-logger.repository.enabled=\
			true
		managed-logger.repository.logging.warn.disabled-for=\
			org.burningwave.core.assembler.ComponentContainer$ClassLoader;\
			org.burningwave.core.classes.MemoryClassLoader;\
			org.burningwave.core.classes.PathScannerClassLoader;
		modules.export-all-to-all=\
			true
		resource-releaser.enabled=\
			true
		synchronizer.all-threads-monitoring.enabled=\
			false
		synchronizer.all-threads-monitoring.interval=\
			90000
		thread-supplier.default-daemon-flag-value=\
			true
		thread-supplier.default-thread-priority=\
			5
		thread-supplier.max-detached-thread-count=\
			${thread-supplier.max-poolable-thread-count}
		thread-supplier.max-detached-thread-count.elapsed-time-threshold-from-last-increase-for-gradual-decreasing-to-initial-value=\
			30000
		thread-supplier.max-detached-thread-count.increasing-step=\
			autodetect
		thread-supplier.max-poolable-thread-count=\
			autodetect
		thread-supplier.poolable-thread-request-timeout=\
			6000


2025-12-12 10:13:47,660 [main] INFO  o.b.core.jvm.BufferHandler - (BufferHandler.java:127) - default buffer size: 1024 bytes
2025-12-12 10:13:47,660 [main] INFO  o.b.core.jvm.BufferHandler - (BufferHandler.java:141) - default allocation mode: ByteBuffer::allocateDirect
2025-12-12 10:13:47,662 [main] INFO  org.burningwave.core.Cache - (Cache.java:76) - Building cache
2025-12-12 10:13:47,676 [main] INFO  o.b.c.a.StaticComponentContainer - (StaticComponentContainer.java:443) - org.burningwave.core.assembler.StaticComponentContainer initialized in 0.0778648 seconds
2025-12-12 10:13:50,291 [Worker-6: Loading available Gradle versions] INFO  o.e.b.c.i.u.g.PublishedGradleVersions - Gradle version information cache is out-of-date. Trying to update.
2025-12-12 13:30:40,364 [Burningwave - Resource releaser] INFO  o.b.c.a.StaticComponentContainer - (StaticComponentContainer.java:391) - ... Waiting for all tasks ending
2025-12-12 13:30:40,365 [Burningwave - Resource releaser] INFO  o.b.c.a.StaticComponentContainer - (StaticComponentContainer.java:397) - Closing all component containers
2025-12-12 13:30:40,366 [Burningwave - Resource releaser] INFO  o.b.c.a.StaticComponentContainer - (StaticComponentContainer.java:403) - Closing FileSystemHelper
2025-12-12 13:30:40,367 [Burningwave - Resource releaser] INFO  o.b.c.a.StaticComponentContainer - (StaticComponentContainer.java:409) - ... Waiting for all tasks ending before shutting down the BackgroundExecutor
2025-12-12 13:30:40,367 [Burningwave - Resource releaser] INFO  o.b.c.a.StaticComponentContainer - (StaticComponentContainer.java:414) - Shutting down BackgroundExecutor
2025-12-12 13:30:40,368 [Burningwave - Resource releaser] INFO  o.b.c.a.StaticComponentContainer - (StaticComponentContainer.java:420) - Stopping all threads monitoring thread
2025-12-12 13:30:40,368 [Burningwave - Resource releaser] INFO  o.b.c.a.StaticComponentContainer - (StaticComponentContainer.java:425) - Closing ThreadHolder
2025-12-12 13:30:40,368 [Burningwave - Resource releaser] INFO  o.b.c.a.StaticComponentContainer - (StaticComponentContainer.java:430) - Shutting down ThreadSupplier
2025-12-15 09:07:25,170 [main] INFO  o.b.c.a.StaticComponentContainer - (StaticComponentContainer.java:368) - Instantiated org.burningwave.core.SLF4JManagedLoggerRepository
2025-12-15 09:07:25,172 [main] INFO  o.b.c.a.StaticComponentContainer - (StaticComponentContainer.java:369) - 

	Configuration values for static components:

		background-executor.all-tasks-monitoring.enabled=\
			true
		background-executor.all-tasks-monitoring.interval=\
			30000
		background-executor.all-tasks-monitoring.logger.enabled=\
			false
		background-executor.all-tasks-monitoring.minimum-elapsed-time-to-consider-a-task-as-probable-dead-locked=\
			300000
		background-executor.all-tasks-monitoring.probable-dead-locked-tasks-handling.policy=\
			log only
		background-executor.queued-task-executor[0].name=\
			Low priority tasks
		background-executor.queued-task-executor[0].priority=\
			1
		background-executor.queued-task-executor[1].name=\
			Normal priority tasks
		background-executor.queued-task-executor[1].priority=\
			5
		background-executor.queued-task-executor[2].name=\
			High priority tasks
		background-executor.queued-task-executor[2].priority=\
			10
		background-executor.task-creation-tracking.enabled=\
			${background-executor.all-tasks-monitoring.enabled}
		banner.additonal-informations=\
			${Bundle-Vendor} ${Bundle-Name} ${Bundle-Version}
		banner.additonal-informations.retrieve-from-manifest-file-of=\
			Burningwave Core
		banner.file=\
			org/burningwave/banner.bwb
		banner.hide=\
			true
		buffer-handler.default-allocation-mode=\
			ByteBuffer::allocateDirect
		buffer-handler.default-buffer-size=\
			1024
		group-name-for-named-elements=\
			Burningwave
		iterable-object-helper.default-values-separator=\
			;
		iterable-object-helper.parallel-iteration.applicability.default-minimum-collection-size=\
			2
		iterable-object-helper.parallel-iteration.applicability.max-runtime-thread-count-threshold=\
			autodetect
		iterable-object-helper.parallel-iteration.applicability.output-collection-enabled-types=\
			java.util.concurrent.ConcurrentHashMap$CollectionView;\
			java.util.Collections$SynchronizedCollection;\
			java.util.concurrent.CopyOnWriteArrayList;\
			java.util.concurrent.CopyOnWriteArraySet;\
			java.util.concurrent.BlockingQueue;\
			java.util.concurrent.ConcurrentSkipListSet;\
			java.util.concurrent.ConcurrentSkipListMap$EntrySet;\
			java.util.concurrent.ConcurrentSkipListMap$KeySet;\
			java.util.concurrent.ConcurrentSkipListMap$Values;
		jvm.driver.init=\
			false
		managed-logger.repository=\
			autodetect
		managed-logger.repository.enabled=\
			true
		managed-logger.repository.logging.warn.disabled-for=\
			org.burningwave.core.assembler.ComponentContainer$ClassLoader;\
			org.burningwave.core.classes.MemoryClassLoader;\
			org.burningwave.core.classes.PathScannerClassLoader;
		modules.export-all-to-all=\
			true
		resource-releaser.enabled=\
			true
		synchronizer.all-threads-monitoring.enabled=\
			false
		synchronizer.all-threads-monitoring.interval=\
			90000
		thread-supplier.default-daemon-flag-value=\
			true
		thread-supplier.default-thread-priority=\
			5
		thread-supplier.max-detached-thread-count=\
			${thread-supplier.max-poolable-thread-count}
		thread-supplier.max-detached-thread-count.elapsed-time-threshold-from-last-increase-for-gradual-decreasing-to-initial-value=\
			30000
		thread-supplier.max-detached-thread-count.increasing-step=\
			autodetect
		thread-supplier.max-poolable-thread-count=\
			autodetect
		thread-supplier.poolable-thread-request-timeout=\
			6000


2025-12-15 09:07:25,175 [main] INFO  o.b.core.jvm.BufferHandler - (BufferHandler.java:127) - default buffer size: 1024 bytes
2025-12-15 09:07:25,177 [main] INFO  o.b.core.jvm.BufferHandler - (BufferHandler.java:141) - default allocation mode: ByteBuffer::allocateDirect
2025-12-15 09:07:25,181 [main] INFO  org.burningwave.core.Cache - (Cache.java:76) - Building cache
2025-12-15 09:07:25,197 [main] INFO  o.b.c.a.StaticComponentContainer - (StaticComponentContainer.java:443) - org.burningwave.core.assembler.StaticComponentContainer initialized in 0.1032616 seconds
2025-12-15 09:07:27,919 [Worker-2: Loading available Gradle versions] INFO  o.e.b.c.i.u.g.PublishedGradleVersions - Gradle version information cache is out-of-date. Trying to update.
2025-12-15 11:30:49,074 [Burningwave - Resource releaser] INFO  o.b.c.a.StaticComponentContainer - (StaticComponentContainer.java:391) - ... Waiting for all tasks ending
2025-12-15 11:30:49,076 [Burningwave - Resource releaser] INFO  o.b.c.a.StaticComponentContainer - (StaticComponentContainer.java:397) - Closing all component containers
2025-12-15 11:30:49,077 [Burningwave - Resource releaser] INFO  o.b.c.a.StaticComponentContainer - (StaticComponentContainer.java:403) - Closing FileSystemHelper
2025-12-15 11:30:49,078 [Burningwave - Resource releaser] INFO  o.b.c.a.StaticComponentContainer - (StaticComponentContainer.java:409) - ... Waiting for all tasks ending before shutting down the BackgroundExecutor
2025-12-15 11:30:49,079 [Burningwave - Resource releaser] INFO  o.b.c.a.StaticComponentContainer - (StaticComponentContainer.java:414) - Shutting down BackgroundExecutor
2025-12-15 11:30:49,079 [Burningwave - Resource releaser] INFO  o.b.c.a.StaticComponentContainer - (StaticComponentContainer.java:420) - Stopping all threads monitoring thread
2025-12-15 11:30:49,080 [Burningwave - Resource releaser] INFO  o.b.c.a.StaticComponentContainer - (StaticComponentContainer.java:425) - Closing ThreadHolder
2025-12-15 11:30:49,080 [Burningwave - Resource releaser] INFO  o.b.c.a.StaticComponentContainer - (StaticComponentContainer.java:430) - Shutting down ThreadSupplier
2025-12-16 09:03:50,594 [main] INFO  o.b.c.a.StaticComponentContainer - (StaticComponentContainer.java:368) - Instantiated org.burningwave.core.SLF4JManagedLoggerRepository
2025-12-16 09:03:50,594 [main] INFO  o.b.c.a.StaticComponentContainer - (StaticComponentContainer.java:369) - 

	Configuration values for static components:

		background-executor.all-tasks-monitoring.enabled=\
			true
		background-executor.all-tasks-monitoring.interval=\
			30000
		background-executor.all-tasks-monitoring.logger.enabled=\
			false
		background-executor.all-tasks-monitoring.minimum-elapsed-time-to-consider-a-task-as-probable-dead-locked=\
			300000
		background-executor.all-tasks-monitoring.probable-dead-locked-tasks-handling.policy=\
			log only
		background-executor.queued-task-executor[0].name=\
			Low priority tasks
		background-executor.queued-task-executor[0].priority=\
			1
		background-executor.queued-task-executor[1].name=\
			Normal priority tasks
		background-executor.queued-task-executor[1].priority=\
			5
		background-executor.queued-task-executor[2].name=\
			High priority tasks
		background-executor.queued-task-executor[2].priority=\
			10
		background-executor.task-creation-tracking.enabled=\
			${background-executor.all-tasks-monitoring.enabled}
		banner.additonal-informations=\
			${Bundle-Vendor} ${Bundle-Name} ${Bundle-Version}
		banner.additonal-informations.retrieve-from-manifest-file-of=\
			Burningwave Core
		banner.file=\
			org/burningwave/banner.bwb
		banner.hide=\
			true
		buffer-handler.default-allocation-mode=\
			ByteBuffer::allocateDirect
		buffer-handler.default-buffer-size=\
			1024
		group-name-for-named-elements=\
			Burningwave
		iterable-object-helper.default-values-separator=\
			;
		iterable-object-helper.parallel-iteration.applicability.default-minimum-collection-size=\
			2
		iterable-object-helper.parallel-iteration.applicability.max-runtime-thread-count-threshold=\
			autodetect
		iterable-object-helper.parallel-iteration.applicability.output-collection-enabled-types=\
			java.util.concurrent.ConcurrentHashMap$CollectionView;\
			java.util.Collections$SynchronizedCollection;\
			java.util.concurrent.CopyOnWriteArrayList;\
			java.util.concurrent.CopyOnWriteArraySet;\
			java.util.concurrent.BlockingQueue;\
			java.util.concurrent.ConcurrentSkipListSet;\
			java.util.concurrent.ConcurrentSkipListMap$EntrySet;\
			java.util.concurrent.ConcurrentSkipListMap$KeySet;\
			java.util.concurrent.ConcurrentSkipListMap$Values;
		jvm.driver.init=\
			false
		managed-logger.repository=\
			autodetect
		managed-logger.repository.enabled=\
			true
		managed-logger.repository.logging.warn.disabled-for=\
			org.burningwave.core.assembler.ComponentContainer$ClassLoader;\
			org.burningwave.core.classes.MemoryClassLoader;\
			org.burningwave.core.classes.PathScannerClassLoader;
		modules.export-all-to-all=\
			true
		resource-releaser.enabled=\
			true
		synchronizer.all-threads-monitoring.enabled=\
			false
		synchronizer.all-threads-monitoring.interval=\
			90000
		thread-supplier.default-daemon-flag-value=\
			true
		thread-supplier.default-thread-priority=\
			5
		thread-supplier.max-detached-thread-count=\
			${thread-supplier.max-poolable-thread-count}
		thread-supplier.max-detached-thread-count.elapsed-time-threshold-from-last-increase-for-gradual-decreasing-to-initial-value=\
			30000
		thread-supplier.max-detached-thread-count.increasing-step=\
			autodetect
		thread-supplier.max-poolable-thread-count=\
			autodetect
		thread-supplier.poolable-thread-request-timeout=\
			6000


2025-12-16 09:03:50,610 [main] INFO  o.b.core.jvm.BufferHandler - (BufferHandler.java:127) - default buffer size: 1024 bytes
2025-12-16 09:03:50,610 [main] INFO  o.b.core.jvm.BufferHandler - (BufferHandler.java:141) - default allocation mode: ByteBuffer::allocateDirect
2025-12-16 09:03:50,610 [main] INFO  org.burningwave.core.Cache - (Cache.java:76) - Building cache
2025-12-16 09:03:50,626 [main] INFO  o.b.c.a.StaticComponentContainer - (StaticComponentContainer.java:443) - org.burningwave.core.assembler.StaticComponentContainer initialized in 0.0936452 seconds
2025-12-16 09:03:51,610 [Worker-4: Loading available Gradle versions] INFO  o.e.b.c.i.u.g.PublishedGradleVersions - Gradle version information cache is up-to-date. Trying to read.
2025-12-16 12:32:25,449 [Burningwave - Resource releaser] INFO  o.b.c.a.StaticComponentContainer - (StaticComponentContainer.java:391) - ... Waiting for all tasks ending
2025-12-16 12:32:25,451 [Burningwave - Resource releaser] INFO  o.b.c.a.StaticComponentContainer - (StaticComponentContainer.java:397) - Closing all component containers
2025-12-16 12:32:25,453 [Burningwave - Resource releaser] INFO  o.b.c.a.StaticComponentContainer - (StaticComponentContainer.java:403) - Closing FileSystemHelper
2025-12-16 12:32:25,453 [Burningwave - Resource releaser] INFO  o.b.c.a.StaticComponentContainer - (StaticComponentContainer.java:409) - ... Waiting for all tasks ending before shutting down the BackgroundExecutor
2025-12-16 12:32:25,454 [Burningwave - Resource releaser] INFO  o.b.c.a.StaticComponentContainer - (StaticComponentContainer.java:414) - Shutting down BackgroundExecutor
2025-12-16 12:32:25,454 [Burningwave - Resource releaser] INFO  o.b.c.a.StaticComponentContainer - (StaticComponentContainer.java:420) - Stopping all threads monitoring thread
2025-12-16 12:32:25,454 [Burningwave - Resource releaser] INFO  o.b.c.a.StaticComponentContainer - (StaticComponentContainer.java:425) - Closing ThreadHolder
2025-12-16 12:32:25,454 [Burningwave - Resource releaser] INFO  o.b.c.a.StaticComponentContainer - (StaticComponentContainer.java:430) - Shutting down ThreadSupplier
2025-12-18 13:35:09,220 [main] INFO  o.b.c.a.StaticComponentContainer - (StaticComponentContainer.java:368) - Instantiated org.burningwave.core.SLF4JManagedLoggerRepository
2025-12-18 13:35:09,225 [main] INFO  o.b.c.a.StaticComponentContainer - (StaticComponentContainer.java:369) - 

	Configuration values for static components:

		background-executor.all-tasks-monitoring.enabled=\
			true
		background-executor.all-tasks-monitoring.interval=\
			30000
		background-executor.all-tasks-monitoring.logger.enabled=\
			false
		background-executor.all-tasks-monitoring.minimum-elapsed-time-to-consider-a-task-as-probable-dead-locked=\
			300000
		background-executor.all-tasks-monitoring.probable-dead-locked-tasks-handling.policy=\
			log only
		background-executor.queued-task-executor[0].name=\
			Low priority tasks
		background-executor.queued-task-executor[0].priority=\
			1
		background-executor.queued-task-executor[1].name=\
			Normal priority tasks
		background-executor.queued-task-executor[1].priority=\
			5
		background-executor.queued-task-executor[2].name=\
			High priority tasks
		background-executor.queued-task-executor[2].priority=\
			10
		background-executor.task-creation-tracking.enabled=\
			${background-executor.all-tasks-monitoring.enabled}
		banner.additonal-informations=\
			${Bundle-Vendor} ${Bundle-Name} ${Bundle-Version}
		banner.additonal-informations.retrieve-from-manifest-file-of=\
			Burningwave Core
		banner.file=\
			org/burningwave/banner.bwb
		banner.hide=\
			true
		buffer-handler.default-allocation-mode=\
			ByteBuffer::allocateDirect
		buffer-handler.default-buffer-size=\
			1024
		group-name-for-named-elements=\
			Burningwave
		iterable-object-helper.default-values-separator=\
			;
		iterable-object-helper.parallel-iteration.applicability.default-minimum-collection-size=\
			2
		iterable-object-helper.parallel-iteration.applicability.max-runtime-thread-count-threshold=\
			autodetect
		iterable-object-helper.parallel-iteration.applicability.output-collection-enabled-types=\
			java.util.concurrent.ConcurrentHashMap$CollectionView;\
			java.util.Collections$SynchronizedCollection;\
			java.util.concurrent.CopyOnWriteArrayList;\
			java.util.concurrent.CopyOnWriteArraySet;\
			java.util.concurrent.BlockingQueue;\
			java.util.concurrent.ConcurrentSkipListSet;\
			java.util.concurrent.ConcurrentSkipListMap$EntrySet;\
			java.util.concurrent.ConcurrentSkipListMap$KeySet;\
			java.util.concurrent.ConcurrentSkipListMap$Values;
		jvm.driver.init=\
			false
		managed-logger.repository=\
			autodetect
		managed-logger.repository.enabled=\
			true
		managed-logger.repository.logging.warn.disabled-for=\
			org.burningwave.core.assembler.ComponentContainer$ClassLoader;\
			org.burningwave.core.classes.MemoryClassLoader;\
			org.burningwave.core.classes.PathScannerClassLoader;
		modules.export-all-to-all=\
			true
		resource-releaser.enabled=\
			true
		synchronizer.all-threads-monitoring.enabled=\
			false
		synchronizer.all-threads-monitoring.interval=\
			90000
		thread-supplier.default-daemon-flag-value=\
			true
		thread-supplier.default-thread-priority=\
			5
		thread-supplier.max-detached-thread-count=\
			${thread-supplier.max-poolable-thread-count}
		thread-supplier.max-detached-thread-count.elapsed-time-threshold-from-last-increase-for-gradual-decreasing-to-initial-value=\
			30000
		thread-supplier.max-detached-thread-count.increasing-step=\
			autodetect
		thread-supplier.max-poolable-thread-count=\
			autodetect
		thread-supplier.poolable-thread-request-timeout=\
			6000


2025-12-18 13:35:09,225 [main] INFO  o.b.core.jvm.BufferHandler - (BufferHandler.java:127) - default buffer size: 1024 bytes
2025-12-18 13:35:09,225 [main] INFO  o.b.core.jvm.BufferHandler - (BufferHandler.java:141) - default allocation mode: ByteBuffer::allocateDirect
2025-12-18 13:35:09,233 [main] INFO  org.burningwave.core.Cache - (Cache.java:76) - Building cache
2025-12-18 13:35:09,249 [main] INFO  o.b.c.a.StaticComponentContainer - (StaticComponentContainer.java:443) - org.burningwave.core.assembler.StaticComponentContainer initialized in 0.0895232 seconds
2025-12-18 13:35:12,098 [Worker-6: Loading available Gradle versions] INFO  o.e.b.c.i.u.g.PublishedGradleVersions - Gradle version information cache is out-of-date. Trying to update.
2025-12-18 14:22:33,207 [Burningwave - Resource releaser] INFO  o.b.c.a.StaticComponentContainer - (StaticComponentContainer.java:391) - ... Waiting for all tasks ending
2025-12-18 14:22:33,209 [Burningwave - Resource releaser] INFO  o.b.c.a.StaticComponentContainer - (StaticComponentContainer.java:397) - Closing all component containers
2025-12-18 14:22:33,211 [Burningwave - Resource releaser] INFO  o.b.c.a.StaticComponentContainer - (StaticComponentContainer.java:403) - Closing FileSystemHelper
2025-12-18 14:22:33,212 [Burningwave - Resource releaser] INFO  o.b.c.a.StaticComponentContainer - (StaticComponentContainer.java:409) - ... Waiting for all tasks ending before shutting down the BackgroundExecutor
2025-12-18 14:22:33,212 [Burningwave - Resource releaser] INFO  o.b.c.a.StaticComponentContainer - (StaticComponentContainer.java:414) - Shutting down BackgroundExecutor
2025-12-18 14:22:33,212 [Burningwave - Resource releaser] INFO  o.b.c.a.StaticComponentContainer - (StaticComponentContainer.java:420) - Stopping all threads monitoring thread
2025-12-18 14:22:33,213 [Burningwave - Resource releaser] INFO  o.b.c.a.StaticComponentContainer - (StaticComponentContainer.java:425) - Closing ThreadHolder
2025-12-18 14:22:33,213 [Burningwave - Resource releaser] INFO  o.b.c.a.StaticComponentContainer - (StaticComponentContainer.java:430) - Shutting down ThreadSupplier
2025-12-19 10:07:42,926 [main] INFO  o.b.c.a.StaticComponentContainer - (StaticComponentContainer.java:368) - Instantiated org.burningwave.core.SLF4JManagedLoggerRepository
2025-12-19 10:07:42,926 [main] INFO  o.b.c.a.StaticComponentContainer - (StaticComponentContainer.java:369) - 

	Configuration values for static components:

		background-executor.all-tasks-monitoring.enabled=\
			true
		background-executor.all-tasks-monitoring.interval=\
			30000
		background-executor.all-tasks-monitoring.logger.enabled=\
			false
		background-executor.all-tasks-monitoring.minimum-elapsed-time-to-consider-a-task-as-probable-dead-locked=\
			300000
		background-executor.all-tasks-monitoring.probable-dead-locked-tasks-handling.policy=\
			log only
		background-executor.queued-task-executor[0].name=\
			Low priority tasks
		background-executor.queued-task-executor[0].priority=\
			1
		background-executor.queued-task-executor[1].name=\
			Normal priority tasks
		background-executor.queued-task-executor[1].priority=\
			5
		background-executor.queued-task-executor[2].name=\
			High priority tasks
		background-executor.queued-task-executor[2].priority=\
			10
		background-executor.task-creation-tracking.enabled=\
			${background-executor.all-tasks-monitoring.enabled}
		banner.additonal-informations=\
			${Bundle-Vendor} ${Bundle-Name} ${Bundle-Version}
		banner.additonal-informations.retrieve-from-manifest-file-of=\
			Burningwave Core
		banner.file=\
			org/burningwave/banner.bwb
		banner.hide=\
			true
		buffer-handler.default-allocation-mode=\
			ByteBuffer::allocateDirect
		buffer-handler.default-buffer-size=\
			1024
		group-name-for-named-elements=\
			Burningwave
		iterable-object-helper.default-values-separator=\
			;
		iterable-object-helper.parallel-iteration.applicability.default-minimum-collection-size=\
			2
		iterable-object-helper.parallel-iteration.applicability.max-runtime-thread-count-threshold=\
			autodetect
		iterable-object-helper.parallel-iteration.applicability.output-collection-enabled-types=\
			java.util.concurrent.ConcurrentHashMap$CollectionView;\
			java.util.Collections$SynchronizedCollection;\
			java.util.concurrent.CopyOnWriteArrayList;\
			java.util.concurrent.CopyOnWriteArraySet;\
			java.util.concurrent.BlockingQueue;\
			java.util.concurrent.ConcurrentSkipListSet;\
			java.util.concurrent.ConcurrentSkipListMap$EntrySet;\
			java.util.concurrent.ConcurrentSkipListMap$KeySet;\
			java.util.concurrent.ConcurrentSkipListMap$Values;
		jvm.driver.init=\
			false
		managed-logger.repository=\
			autodetect
		managed-logger.repository.enabled=\
			true
		managed-logger.repository.logging.warn.disabled-for=\
			org.burningwave.core.assembler.ComponentContainer$ClassLoader;\
			org.burningwave.core.classes.MemoryClassLoader;\
			org.burningwave.core.classes.PathScannerClassLoader;
		modules.export-all-to-all=\
			true
		resource-releaser.enabled=\
			true
		synchronizer.all-threads-monitoring.enabled=\
			false
		synchronizer.all-threads-monitoring.interval=\
			90000
		thread-supplier.default-daemon-flag-value=\
			true
		thread-supplier.default-thread-priority=\
			5
		thread-supplier.max-detached-thread-count=\
			${thread-supplier.max-poolable-thread-count}
		thread-supplier.max-detached-thread-count.elapsed-time-threshold-from-last-increase-for-gradual-decreasing-to-initial-value=\
			30000
		thread-supplier.max-detached-thread-count.increasing-step=\
			autodetect
		thread-supplier.max-poolable-thread-count=\
			autodetect
		thread-supplier.poolable-thread-request-timeout=\
			6000


2025-12-19 10:07:42,926 [main] INFO  o.b.core.jvm.BufferHandler - (BufferHandler.java:127) - default buffer size: 1024 bytes
2025-12-19 10:07:42,926 [main] INFO  o.b.core.jvm.BufferHandler - (BufferHandler.java:141) - default allocation mode: ByteBuffer::allocateDirect
2025-12-19 10:07:42,926 [main] INFO  org.burningwave.core.Cache - (Cache.java:76) - Building cache
2025-12-19 10:07:42,937 [main] INFO  o.b.c.a.StaticComponentContainer - (StaticComponentContainer.java:443) - org.burningwave.core.assembler.StaticComponentContainer initialized in 0.0933604 seconds
2025-12-19 10:07:45,730 [Worker-4: Loading available Gradle versions] INFO  o.e.b.c.i.u.g.PublishedGradleVersions - Gradle version information cache is up-to-date. Trying to read.
2025-12-19 13:31:14,390 [Burningwave - Resource releaser] INFO  o.b.c.a.StaticComponentContainer - (StaticComponentContainer.java:391) - ... Waiting for all tasks ending
2025-12-19 13:31:14,391 [Burningwave - Resource releaser] INFO  o.b.c.a.StaticComponentContainer - (StaticComponentContainer.java:397) - Closing all component containers
2025-12-19 13:31:14,393 [Burningwave - Resource releaser] INFO  o.b.c.a.StaticComponentContainer - (StaticComponentContainer.java:403) - Closing FileSystemHelper
2025-12-19 13:31:14,394 [Burningwave - Resource releaser] INFO  o.b.c.a.StaticComponentContainer - (StaticComponentContainer.java:409) - ... Waiting for all tasks ending before shutting down the BackgroundExecutor
2025-12-19 13:31:14,394 [Burningwave - Resource releaser] INFO  o.b.c.a.StaticComponentContainer - (StaticComponentContainer.java:414) - Shutting down BackgroundExecutor
2025-12-19 13:31:14,395 [Burningwave - Resource releaser] INFO  o.b.c.a.StaticComponentContainer - (StaticComponentContainer.java:420) - Stopping all threads monitoring thread
2025-12-19 13:31:14,396 [Burningwave - Resource releaser] INFO  o.b.c.a.StaticComponentContainer - (StaticComponentContainer.java:425) - Closing ThreadHolder
2025-12-19 13:31:14,397 [Burningwave - Resource releaser] INFO  o.b.c.a.StaticComponentContainer - (StaticComponentContainer.java:430) - Shutting down ThreadSupplier
2025-12-22 09:05:57,487 [main] INFO  o.b.c.a.StaticComponentContainer - (StaticComponentContainer.java:368) - Instantiated org.burningwave.core.SLF4JManagedLoggerRepository
2025-12-22 09:05:57,487 [main] INFO  o.b.c.a.StaticComponentContainer - (StaticComponentContainer.java:369) - 

	Configuration values for static components:

		background-executor.all-tasks-monitoring.enabled=\
			true
		background-executor.all-tasks-monitoring.interval=\
			30000
		background-executor.all-tasks-monitoring.logger.enabled=\
			false
		background-executor.all-tasks-monitoring.minimum-elapsed-time-to-consider-a-task-as-probable-dead-locked=\
			300000
		background-executor.all-tasks-monitoring.probable-dead-locked-tasks-handling.policy=\
			log only
		background-executor.queued-task-executor[0].name=\
			Low priority tasks
		background-executor.queued-task-executor[0].priority=\
			1
		background-executor.queued-task-executor[1].name=\
			Normal priority tasks
		background-executor.queued-task-executor[1].priority=\
			5
		background-executor.queued-task-executor[2].name=\
			High priority tasks
		background-executor.queued-task-executor[2].priority=\
			10
		background-executor.task-creation-tracking.enabled=\
			${background-executor.all-tasks-monitoring.enabled}
		banner.additonal-informations=\
			${Bundle-Vendor} ${Bundle-Name} ${Bundle-Version}
		banner.additonal-informations.retrieve-from-manifest-file-of=\
			Burningwave Core
		banner.file=\
			org/burningwave/banner.bwb
		banner.hide=\
			true
		buffer-handler.default-allocation-mode=\
			ByteBuffer::allocateDirect
		buffer-handler.default-buffer-size=\
			1024
		group-name-for-named-elements=\
			Burningwave
		iterable-object-helper.default-values-separator=\
			;
		iterable-object-helper.parallel-iteration.applicability.default-minimum-collection-size=\
			2
		iterable-object-helper.parallel-iteration.applicability.max-runtime-thread-count-threshold=\
			autodetect
		iterable-object-helper.parallel-iteration.applicability.output-collection-enabled-types=\
			java.util.concurrent.ConcurrentHashMap$CollectionView;\
			java.util.Collections$SynchronizedCollection;\
			java.util.concurrent.CopyOnWriteArrayList;\
			java.util.concurrent.CopyOnWriteArraySet;\
			java.util.concurrent.BlockingQueue;\
			java.util.concurrent.ConcurrentSkipListSet;\
			java.util.concurrent.ConcurrentSkipListMap$EntrySet;\
			java.util.concurrent.ConcurrentSkipListMap$KeySet;\
			java.util.concurrent.ConcurrentSkipListMap$Values;
		jvm.driver.init=\
			false
		managed-logger.repository=\
			autodetect
		managed-logger.repository.enabled=\
			true
		managed-logger.repository.logging.warn.disabled-for=\
			org.burningwave.core.assembler.ComponentContainer$ClassLoader;\
			org.burningwave.core.classes.MemoryClassLoader;\
			org.burningwave.core.classes.PathScannerClassLoader;
		modules.export-all-to-all=\
			true
		resource-releaser.enabled=\
			true
		synchronizer.all-threads-monitoring.enabled=\
			false
		synchronizer.all-threads-monitoring.interval=\
			90000
		thread-supplier.default-daemon-flag-value=\
			true
		thread-supplier.default-thread-priority=\
			5
		thread-supplier.max-detached-thread-count=\
			${thread-supplier.max-poolable-thread-count}
		thread-supplier.max-detached-thread-count.elapsed-time-threshold-from-last-increase-for-gradual-decreasing-to-initial-value=\
			30000
		thread-supplier.max-detached-thread-count.increasing-step=\
			autodetect
		thread-supplier.max-poolable-thread-count=\
			autodetect
		thread-supplier.poolable-thread-request-timeout=\
			6000


2025-12-22 09:05:57,500 [main] INFO  o.b.core.jvm.BufferHandler - (BufferHandler.java:127) - default buffer size: 1024 bytes
2025-12-22 09:05:57,500 [main] INFO  o.b.core.jvm.BufferHandler - (BufferHandler.java:141) - default allocation mode: ByteBuffer::allocateDirect
2025-12-22 09:05:57,505 [main] INFO  org.burningwave.core.Cache - (Cache.java:76) - Building cache
2025-12-22 09:05:57,520 [main] INFO  o.b.c.a.StaticComponentContainer - (StaticComponentContainer.java:443) - org.burningwave.core.assembler.StaticComponentContainer initialized in 0.1090593 seconds
2025-12-22 09:06:00,813 [Worker-6: Loading available Gradle versions] INFO  o.e.b.c.i.u.g.PublishedGradleVersions - Gradle version information cache is out-of-date. Trying to update.
2025-12-22 10:16:36,497 [Burningwave - Resource releaser] INFO  o.b.c.a.StaticComponentContainer - (StaticComponentContainer.java:391) - ... Waiting for all tasks ending
2025-12-22 10:16:36,499 [Burningwave - Resource releaser] INFO  o.b.c.a.StaticComponentContainer - (StaticComponentContainer.java:397) - Closing all component containers
2025-12-22 10:16:36,500 [Burningwave - Resource releaser] INFO  o.b.c.a.StaticComponentContainer - (StaticComponentContainer.java:403) - Closing FileSystemHelper
2025-12-22 10:16:36,501 [Burningwave - Resource releaser] INFO  o.b.c.a.StaticComponentContainer - (StaticComponentContainer.java:409) - ... Waiting for all tasks ending before shutting down the BackgroundExecutor
2025-12-22 10:16:36,501 [Burningwave - Resource releaser] INFO  o.b.c.a.StaticComponentContainer - (StaticComponentContainer.java:414) - Shutting down BackgroundExecutor
2025-12-22 10:16:36,502 [Burningwave - Resource releaser] INFO  o.b.c.a.StaticComponentContainer - (StaticComponentContainer.java:420) - Stopping all threads monitoring thread
2025-12-22 10:16:36,503 [Burningwave - Resource releaser] INFO  o.b.c.a.StaticComponentContainer - (StaticComponentContainer.java:425) - Closing ThreadHolder
2025-12-22 10:16:36,503 [Burningwave - Resource releaser] INFO  o.b.c.a.StaticComponentContainer - (StaticComponentContainer.java:430) - Shutting down ThreadSupplier
2025-12-22 10:16:45,649 [main] INFO  o.b.c.a.StaticComponentContainer - (StaticComponentContainer.java:368) - Instantiated org.burningwave.core.SLF4JManagedLoggerRepository
2025-12-22 10:16:45,652 [main] INFO  o.b.c.a.StaticComponentContainer - (StaticComponentContainer.java:369) - 

	Configuration values for static components:

		background-executor.all-tasks-monitoring.enabled=\
			true
		background-executor.all-tasks-monitoring.interval=\
			30000
		background-executor.all-tasks-monitoring.logger.enabled=\
			false
		background-executor.all-tasks-monitoring.minimum-elapsed-time-to-consider-a-task-as-probable-dead-locked=\
			300000
		background-executor.all-tasks-monitoring.probable-dead-locked-tasks-handling.policy=\
			log only
		background-executor.queued-task-executor[0].name=\
			Low priority tasks
		background-executor.queued-task-executor[0].priority=\
			1
		background-executor.queued-task-executor[1].name=\
			Normal priority tasks
		background-executor.queued-task-executor[1].priority=\
			5
		background-executor.queued-task-executor[2].name=\
			High priority tasks
		background-executor.queued-task-executor[2].priority=\
			10
		background-executor.task-creation-tracking.enabled=\
			${background-executor.all-tasks-monitoring.enabled}
		banner.additonal-informations=\
			${Bundle-Vendor} ${Bundle-Name} ${Bundle-Version}
		banner.additonal-informations.retrieve-from-manifest-file-of=\
			Burningwave Core
		banner.file=\
			org/burningwave/banner.bwb
		banner.hide=\
			true
		buffer-handler.default-allocation-mode=\
			ByteBuffer::allocateDirect
		buffer-handler.default-buffer-size=\
			1024
		group-name-for-named-elements=\
			Burningwave
		iterable-object-helper.default-values-separator=\
			;
		iterable-object-helper.parallel-iteration.applicability.default-minimum-collection-size=\
			2
		iterable-object-helper.parallel-iteration.applicability.max-runtime-thread-count-threshold=\
			autodetect
		iterable-object-helper.parallel-iteration.applicability.output-collection-enabled-types=\
			java.util.concurrent.ConcurrentHashMap$CollectionView;\
			java.util.Collections$SynchronizedCollection;\
			java.util.concurrent.CopyOnWriteArrayList;\
			java.util.concurrent.CopyOnWriteArraySet;\
			java.util.concurrent.BlockingQueue;\
			java.util.concurrent.ConcurrentSkipListSet;\
			java.util.concurrent.ConcurrentSkipListMap$EntrySet;\
			java.util.concurrent.ConcurrentSkipListMap$KeySet;\
			java.util.concurrent.ConcurrentSkipListMap$Values;
		jvm.driver.init=\
			false
		managed-logger.repository=\
			autodetect
		managed-logger.repository.enabled=\
			true
		managed-logger.repository.logging.warn.disabled-for=\
			org.burningwave.core.assembler.ComponentContainer$ClassLoader;\
			org.burningwave.core.classes.MemoryClassLoader;\
			org.burningwave.core.classes.PathScannerClassLoader;
		modules.export-all-to-all=\
			true
		resource-releaser.enabled=\
			true
		synchronizer.all-threads-monitoring.enabled=\
			false
		synchronizer.all-threads-monitoring.interval=\
			90000
		thread-supplier.default-daemon-flag-value=\
			true
		thread-supplier.default-thread-priority=\
			5
		thread-supplier.max-detached-thread-count=\
			${thread-supplier.max-poolable-thread-count}
		thread-supplier.max-detached-thread-count.elapsed-time-threshold-from-last-increase-for-gradual-decreasing-to-initial-value=\
			30000
		thread-supplier.max-detached-thread-count.increasing-step=\
			autodetect
		thread-supplier.max-poolable-thread-count=\
			autodetect
		thread-supplier.poolable-thread-request-timeout=\
			6000


2025-12-22 10:16:45,656 [main] INFO  o.b.core.jvm.BufferHandler - (BufferHandler.java:127) - default buffer size: 1024 bytes
2025-12-22 10:16:45,657 [main] INFO  o.b.core.jvm.BufferHandler - (BufferHandler.java:141) - default allocation mode: ByteBuffer::allocateDirect
2025-12-22 10:16:45,659 [main] INFO  org.burningwave.core.Cache - (Cache.java:76) - Building cache
2025-12-22 10:16:45,681 [main] INFO  o.b.c.a.StaticComponentContainer - (StaticComponentContainer.java:443) - org.burningwave.core.assembler.StaticComponentContainer initialized in 0.0934754 seconds
2025-12-22 10:16:48,020 [Worker-7: Loading available Gradle versions] INFO  o.e.b.c.i.u.g.PublishedGradleVersions - Gradle version information cache is up-to-date. Trying to read.
2025-12-22 10:58:20,720 [Burningwave - Resource releaser] INFO  o.b.c.a.StaticComponentContainer - (StaticComponentContainer.java:391) - ... Waiting for all tasks ending
2025-12-22 10:58:20,721 [Burningwave - Resource releaser] INFO  o.b.c.a.StaticComponentContainer - (StaticComponentContainer.java:397) - Closing all component containers
2025-12-22 10:58:20,723 [Burningwave - Resource releaser] INFO  o.b.c.a.StaticComponentContainer - (StaticComponentContainer.java:403) - Closing FileSystemHelper
2025-12-22 10:58:20,724 [Burningwave - Resource releaser] INFO  o.b.c.a.StaticComponentContainer - (StaticComponentContainer.java:409) - ... Waiting for all tasks ending before shutting down the BackgroundExecutor
2025-12-22 10:58:20,725 [Burningwave - Resource releaser] INFO  o.b.c.a.StaticComponentContainer - (StaticComponentContainer.java:414) - Shutting down BackgroundExecutor
2025-12-22 10:58:20,726 [Burningwave - Resource releaser] INFO  o.b.c.a.StaticComponentContainer - (StaticComponentContainer.java:420) - Stopping all threads monitoring thread
2025-12-22 10:58:20,727 [Burningwave - Resource releaser] INFO  o.b.c.a.StaticComponentContainer - (StaticComponentContainer.java:425) - Closing ThreadHolder
2025-12-22 10:58:20,727 [Burningwave - Resource releaser] INFO  o.b.c.a.StaticComponentContainer - (StaticComponentContainer.java:430) - Shutting down ThreadSupplier
2026-01-09 10:04:48,840 [main] INFO  o.b.c.a.StaticComponentContainer - (StaticComponentContainer.java:368) - Instantiated org.burningwave.core.SLF4JManagedLoggerRepository
2026-01-09 10:04:48,840 [main] INFO  o.b.c.a.StaticComponentContainer - (StaticComponentContainer.java:369) - 

	Configuration values for static components:

		background-executor.all-tasks-monitoring.enabled=\
			true
		background-executor.all-tasks-monitoring.interval=\
			30000
		background-executor.all-tasks-monitoring.logger.enabled=\
			false
		background-executor.all-tasks-monitoring.minimum-elapsed-time-to-consider-a-task-as-probable-dead-locked=\
			300000
		background-executor.all-tasks-monitoring.probable-dead-locked-tasks-handling.policy=\
			log only
		background-executor.queued-task-executor[0].name=\
			Low priority tasks
		background-executor.queued-task-executor[0].priority=\
			1
		background-executor.queued-task-executor[1].name=\
			Normal priority tasks
		background-executor.queued-task-executor[1].priority=\
			5
		background-executor.queued-task-executor[2].name=\
			High priority tasks
		background-executor.queued-task-executor[2].priority=\
			10
		background-executor.task-creation-tracking.enabled=\
			${background-executor.all-tasks-monitoring.enabled}
		banner.additonal-informations=\
			${Bundle-Vendor} ${Bundle-Name} ${Bundle-Version}
		banner.additonal-informations.retrieve-from-manifest-file-of=\
			Burningwave Core
		banner.file=\
			org/burningwave/banner.bwb
		banner.hide=\
			true
		buffer-handler.default-allocation-mode=\
			ByteBuffer::allocateDirect
		buffer-handler.default-buffer-size=\
			1024
		group-name-for-named-elements=\
			Burningwave
		iterable-object-helper.default-values-separator=\
			;
		iterable-object-helper.parallel-iteration.applicability.default-minimum-collection-size=\
			2
		iterable-object-helper.parallel-iteration.applicability.max-runtime-thread-count-threshold=\
			autodetect
		iterable-object-helper.parallel-iteration.applicability.output-collection-enabled-types=\
			java.util.concurrent.ConcurrentHashMap$CollectionView;\
			java.util.Collections$SynchronizedCollection;\
			java.util.concurrent.CopyOnWriteArrayList;\
			java.util.concurrent.CopyOnWriteArraySet;\
			java.util.concurrent.BlockingQueue;\
			java.util.concurrent.ConcurrentSkipListSet;\
			java.util.concurrent.ConcurrentSkipListMap$EntrySet;\
			java.util.concurrent.ConcurrentSkipListMap$KeySet;\
			java.util.concurrent.ConcurrentSkipListMap$Values;
		jvm.driver.init=\
			false
		managed-logger.repository=\
			autodetect
		managed-logger.repository.enabled=\
			true
		managed-logger.repository.logging.warn.disabled-for=\
			org.burningwave.core.assembler.ComponentContainer$ClassLoader;\
			org.burningwave.core.classes.MemoryClassLoader;\
			org.burningwave.core.classes.PathScannerClassLoader;
		modules.export-all-to-all=\
			true
		resource-releaser.enabled=\
			true
		synchronizer.all-threads-monitoring.enabled=\
			false
		synchronizer.all-threads-monitoring.interval=\
			90000
		thread-supplier.default-daemon-flag-value=\
			true
		thread-supplier.default-thread-priority=\
			5
		thread-supplier.max-detached-thread-count=\
			${thread-supplier.max-poolable-thread-count}
		thread-supplier.max-detached-thread-count.elapsed-time-threshold-from-last-increase-for-gradual-decreasing-to-initial-value=\
			30000
		thread-supplier.max-detached-thread-count.increasing-step=\
			autodetect
		thread-supplier.max-poolable-thread-count=\
			autodetect
		thread-supplier.poolable-thread-request-timeout=\
			6000


2026-01-09 10:04:48,840 [main] INFO  o.b.core.jvm.BufferHandler - (BufferHandler.java:127) - default buffer size: 1024 bytes
2026-01-09 10:04:48,840 [main] INFO  o.b.core.jvm.BufferHandler - (BufferHandler.java:141) - default allocation mode: ByteBuffer::allocateDirect
2026-01-09 10:04:48,849 [main] INFO  org.burningwave.core.Cache - (Cache.java:76) - Building cache
2026-01-09 10:04:48,865 [main] INFO  o.b.c.a.StaticComponentContainer - (StaticComponentContainer.java:443) - org.burningwave.core.assembler.StaticComponentContainer initialized in 0.0807684 seconds
2026-01-09 10:04:51,812 [Worker-4: Loading available Gradle versions] INFO  o.e.b.c.i.u.g.PublishedGradleVersions - Gradle version information cache is out-of-date. Trying to update.
2026-01-09 12:20:20,080 [Burningwave - Resource releaser] INFO  o.b.c.a.StaticComponentContainer - (StaticComponentContainer.java:391) - ... Waiting for all tasks ending
2026-01-09 12:20:20,081 [Burningwave - Resource releaser] INFO  o.b.c.a.StaticComponentContainer - (StaticComponentContainer.java:397) - Closing all component containers
2026-01-09 12:20:20,083 [Burningwave - Resource releaser] INFO  o.b.c.a.StaticComponentContainer - (StaticComponentContainer.java:403) - Closing FileSystemHelper
2026-01-09 12:20:20,084 [Burningwave - Resource releaser] INFO  o.b.c.a.StaticComponentContainer - (StaticComponentContainer.java:409) - ... Waiting for all tasks ending before shutting down the BackgroundExecutor
2026-01-09 12:20:20,085 [Burningwave - Resource releaser] INFO  o.b.c.a.StaticComponentContainer - (StaticComponentContainer.java:414) - Shutting down BackgroundExecutor
2026-01-09 12:20:20,085 [Burningwave - Resource releaser] INFO  o.b.c.a.StaticComponentContainer - (StaticComponentContainer.java:420) - Stopping all threads monitoring thread
2026-01-09 12:20:20,085 [Burningwave - Resource releaser] INFO  o.b.c.a.StaticComponentContainer - (StaticComponentContainer.java:425) - Closing ThreadHolder
2026-01-09 12:20:20,085 [Burningwave - Resource releaser] INFO  o.b.c.a.StaticComponentContainer - (StaticComponentContainer.java:430) - Shutting down ThreadSupplier
2026-01-09 12:20:48,419 [main] INFO  o.b.c.a.StaticComponentContainer - (StaticComponentContainer.java:368) - Instantiated org.burningwave.core.SLF4JManagedLoggerRepository
2026-01-09 12:20:48,421 [main] INFO  o.b.c.a.StaticComponentContainer - (StaticComponentContainer.java:369) - 

	Configuration values for static components:

		background-executor.all-tasks-monitoring.enabled=\
			true
		background-executor.all-tasks-monitoring.interval=\
			30000
		background-executor.all-tasks-monitoring.logger.enabled=\
			false
		background-executor.all-tasks-monitoring.minimum-elapsed-time-to-consider-a-task-as-probable-dead-locked=\
			300000
		background-executor.all-tasks-monitoring.probable-dead-locked-tasks-handling.policy=\
			log only
		background-executor.queued-task-executor[0].name=\
			Low priority tasks
		background-executor.queued-task-executor[0].priority=\
			1
		background-executor.queued-task-executor[1].name=\
			Normal priority tasks
		background-executor.queued-task-executor[1].priority=\
			5
		background-executor.queued-task-executor[2].name=\
			High priority tasks
		background-executor.queued-task-executor[2].priority=\
			10
		background-executor.task-creation-tracking.enabled=\
			${background-executor.all-tasks-monitoring.enabled}
		banner.additonal-informations=\
			${Bundle-Vendor} ${Bundle-Name} ${Bundle-Version}
		banner.additonal-informations.retrieve-from-manifest-file-of=\
			Burningwave Core
		banner.file=\
			org/burningwave/banner.bwb
		banner.hide=\
			true
		buffer-handler.default-allocation-mode=\
			ByteBuffer::allocateDirect
		buffer-handler.default-buffer-size=\
			1024
		group-name-for-named-elements=\
			Burningwave
		iterable-object-helper.default-values-separator=\
			;
		iterable-object-helper.parallel-iteration.applicability.default-minimum-collection-size=\
			2
		iterable-object-helper.parallel-iteration.applicability.max-runtime-thread-count-threshold=\
			autodetect
		iterable-object-helper.parallel-iteration.applicability.output-collection-enabled-types=\
			java.util.concurrent.ConcurrentHashMap$CollectionView;\
			java.util.Collections$SynchronizedCollection;\
			java.util.concurrent.CopyOnWriteArrayList;\
			java.util.concurrent.CopyOnWriteArraySet;\
			java.util.concurrent.BlockingQueue;\
			java.util.concurrent.ConcurrentSkipListSet;\
			java.util.concurrent.ConcurrentSkipListMap$EntrySet;\
			java.util.concurrent.ConcurrentSkipListMap$KeySet;\
			java.util.concurrent.ConcurrentSkipListMap$Values;
		jvm.driver.init=\
			false
		managed-logger.repository=\
			autodetect
		managed-logger.repository.enabled=\
			true
		managed-logger.repository.logging.warn.disabled-for=\
			org.burningwave.core.assembler.ComponentContainer$ClassLoader;\
			org.burningwave.core.classes.MemoryClassLoader;\
			org.burningwave.core.classes.PathScannerClassLoader;
		modules.export-all-to-all=\
			true
		resource-releaser.enabled=\
			true
		synchronizer.all-threads-monitoring.enabled=\
			false
		synchronizer.all-threads-monitoring.interval=\
			90000
		thread-supplier.default-daemon-flag-value=\
			true
		thread-supplier.default-thread-priority=\
			5
		thread-supplier.max-detached-thread-count=\
			${thread-supplier.max-poolable-thread-count}
		thread-supplier.max-detached-thread-count.elapsed-time-threshold-from-last-increase-for-gradual-decreasing-to-initial-value=\
			30000
		thread-supplier.max-detached-thread-count.increasing-step=\
			autodetect
		thread-supplier.max-poolable-thread-count=\
			autodetect
		thread-supplier.poolable-thread-request-timeout=\
			6000


2026-01-09 12:20:48,422 [main] INFO  o.b.core.jvm.BufferHandler - (BufferHandler.java:127) - default buffer size: 1024 bytes
2026-01-09 12:20:48,423 [main] INFO  o.b.core.jvm.BufferHandler - (BufferHandler.java:141) - default allocation mode: ByteBuffer::allocateDirect
2026-01-09 12:20:48,425 [main] INFO  org.burningwave.core.Cache - (Cache.java:76) - Building cache
2026-01-09 12:20:48,438 [main] INFO  o.b.c.a.StaticComponentContainer - (StaticComponentContainer.java:443) - org.burningwave.core.assembler.StaticComponentContainer initialized in 0.0729313 seconds
2026-01-09 12:20:50,729 [Worker-2: Loading available Gradle versions] INFO  o.e.b.c.i.u.g.PublishedGradleVersions - Gradle version information cache is up-to-date. Trying to read.
2026-01-09 13:30:19,581 [Burningwave - Resource releaser] INFO  o.b.c.a.StaticComponentContainer - (StaticComponentContainer.java:391) - ... Waiting for all tasks ending
2026-01-09 13:30:19,582 [Burningwave - Resource releaser] INFO  o.b.c.a.StaticComponentContainer - (StaticComponentContainer.java:397) - Closing all component containers
2026-01-09 13:30:19,584 [Burningwave - Resource releaser] INFO  o.b.c.a.StaticComponentContainer - (StaticComponentContainer.java:403) - Closing FileSystemHelper
2026-01-09 13:30:19,585 [Burningwave - Resource releaser] INFO  o.b.c.a.StaticComponentContainer - (StaticComponentContainer.java:409) - ... Waiting for all tasks ending before shutting down the BackgroundExecutor
2026-01-09 13:30:19,586 [Burningwave - Resource releaser] INFO  o.b.c.a.StaticComponentContainer - (StaticComponentContainer.java:414) - Shutting down BackgroundExecutor
2026-01-09 13:30:19,587 [Burningwave - Resource releaser] INFO  o.b.c.a.StaticComponentContainer - (StaticComponentContainer.java:420) - Stopping all threads monitoring thread
2026-01-09 13:30:19,587 [Burningwave - Resource releaser] INFO  o.b.c.a.StaticComponentContainer - (StaticComponentContainer.java:425) - Closing ThreadHolder
2026-01-09 13:30:19,588 [Burningwave - Resource releaser] INFO  o.b.c.a.StaticComponentContainer - (StaticComponentContainer.java:430) - Shutting down ThreadSupplier
2026-01-12 09:04:10,976 [main] INFO  o.b.c.a.StaticComponentContainer - (StaticComponentContainer.java:368) - Instantiated org.burningwave.core.SLF4JManagedLoggerRepository
2026-01-12 09:04:10,979 [main] INFO  o.b.c.a.StaticComponentContainer - (StaticComponentContainer.java:369) - 

	Configuration values for static components:

		background-executor.all-tasks-monitoring.enabled=\
			true
		background-executor.all-tasks-monitoring.interval=\
			30000
		background-executor.all-tasks-monitoring.logger.enabled=\
			false
		background-executor.all-tasks-monitoring.minimum-elapsed-time-to-consider-a-task-as-probable-dead-locked=\
			300000
		background-executor.all-tasks-monitoring.probable-dead-locked-tasks-handling.policy=\
			log only
		background-executor.queued-task-executor[0].name=\
			Low priority tasks
		background-executor.queued-task-executor[0].priority=\
			1
		background-executor.queued-task-executor[1].name=\
			Normal priority tasks
		background-executor.queued-task-executor[1].priority=\
			5
		background-executor.queued-task-executor[2].name=\
			High priority tasks
		background-executor.queued-task-executor[2].priority=\
			10
		background-executor.task-creation-tracking.enabled=\
			${background-executor.all-tasks-monitoring.enabled}
		banner.additonal-informations=\
			${Bundle-Vendor} ${Bundle-Name} ${Bundle-Version}
		banner.additonal-informations.retrieve-from-manifest-file-of=\
			Burningwave Core
		banner.file=\
			org/burningwave/banner.bwb
		banner.hide=\
			true
		buffer-handler.default-allocation-mode=\
			ByteBuffer::allocateDirect
		buffer-handler.default-buffer-size=\
			1024
		group-name-for-named-elements=\
			Burningwave
		iterable-object-helper.default-values-separator=\
			;
		iterable-object-helper.parallel-iteration.applicability.default-minimum-collection-size=\
			2
		iterable-object-helper.parallel-iteration.applicability.max-runtime-thread-count-threshold=\
			autodetect
		iterable-object-helper.parallel-iteration.applicability.output-collection-enabled-types=\
			java.util.concurrent.ConcurrentHashMap$CollectionView;\
			java.util.Collections$SynchronizedCollection;\
			java.util.concurrent.CopyOnWriteArrayList;\
			java.util.concurrent.CopyOnWriteArraySet;\
			java.util.concurrent.BlockingQueue;\
			java.util.concurrent.ConcurrentSkipListSet;\
			java.util.concurrent.ConcurrentSkipListMap$EntrySet;\
			java.util.concurrent.ConcurrentSkipListMap$KeySet;\
			java.util.concurrent.ConcurrentSkipListMap$Values;
		jvm.driver.init=\
			false
		managed-logger.repository=\
			autodetect
		managed-logger.repository.enabled=\
			true
		managed-logger.repository.logging.warn.disabled-for=\
			org.burningwave.core.assembler.ComponentContainer$ClassLoader;\
			org.burningwave.core.classes.MemoryClassLoader;\
			org.burningwave.core.classes.PathScannerClassLoader;
		modules.export-all-to-all=\
			true
		resource-releaser.enabled=\
			true
		synchronizer.all-threads-monitoring.enabled=\
			false
		synchronizer.all-threads-monitoring.interval=\
			90000
		thread-supplier.default-daemon-flag-value=\
			true
		thread-supplier.default-thread-priority=\
			5
		thread-supplier.max-detached-thread-count=\
			${thread-supplier.max-poolable-thread-count}
		thread-supplier.max-detached-thread-count.elapsed-time-threshold-from-last-increase-for-gradual-decreasing-to-initial-value=\
			30000
		thread-supplier.max-detached-thread-count.increasing-step=\
			autodetect
		thread-supplier.max-poolable-thread-count=\
			autodetect
		thread-supplier.poolable-thread-request-timeout=\
			6000


2026-01-12 09:04:10,982 [main] INFO  o.b.core.jvm.BufferHandler - (BufferHandler.java:127) - default buffer size: 1024 bytes
2026-01-12 09:04:10,982 [main] INFO  o.b.core.jvm.BufferHandler - (BufferHandler.java:141) - default allocation mode: ByteBuffer::allocateDirect
2026-01-12 09:04:10,985 [main] INFO  org.burningwave.core.Cache - (Cache.java:76) - Building cache
2026-01-12 09:04:11,008 [main] INFO  o.b.c.a.StaticComponentContainer - (StaticComponentContainer.java:443) - org.burningwave.core.assembler.StaticComponentContainer initialized in 0.1175971 seconds
2026-01-12 09:04:14,099 [Worker-2: Loading available Gradle versions] INFO  o.e.b.c.i.u.g.PublishedGradleVersions - Gradle version information cache is out-of-date. Trying to update.
2026-01-12 11:31:27,395 [Burningwave - Resource releaser] INFO  o.b.c.a.StaticComponentContainer - (StaticComponentContainer.java:391) - ... Waiting for all tasks ending
2026-01-12 11:31:27,396 [Burningwave - Resource releaser] INFO  o.b.c.a.StaticComponentContainer - (StaticComponentContainer.java:397) - Closing all component containers
2026-01-12 11:31:27,398 [Burningwave - Resource releaser] INFO  o.b.c.a.StaticComponentContainer - (StaticComponentContainer.java:403) - Closing FileSystemHelper
2026-01-12 11:31:27,399 [Burningwave - Resource releaser] INFO  o.b.c.a.StaticComponentContainer - (StaticComponentContainer.java:409) - ... Waiting for all tasks ending before shutting down the BackgroundExecutor
2026-01-12 11:31:27,400 [Burningwave - Resource releaser] INFO  o.b.c.a.StaticComponentContainer - (StaticComponentContainer.java:414) - Shutting down BackgroundExecutor
2026-01-12 11:31:27,400 [Burningwave - Resource releaser] INFO  o.b.c.a.StaticComponentContainer - (StaticComponentContainer.java:420) - Stopping all threads monitoring thread
2026-01-12 11:31:27,401 [Burningwave - Resource releaser] INFO  o.b.c.a.StaticComponentContainer - (StaticComponentContainer.java:425) - Closing ThreadHolder
2026-01-12 11:31:27,402 [Burningwave - Resource releaser] INFO  o.b.c.a.StaticComponentContainer - (StaticComponentContainer.java:430) - Shutting down ThreadSupplier
2026-01-13 09:03:38,463 [main] INFO  o.b.c.a.StaticComponentContainer - (StaticComponentContainer.java:368) - Instantiated org.burningwave.core.SLF4JManagedLoggerRepository
2026-01-13 09:03:38,465 [main] INFO  o.b.c.a.StaticComponentContainer - (StaticComponentContainer.java:369) - 

	Configuration values for static components:

		background-executor.all-tasks-monitoring.enabled=\
			true
		background-executor.all-tasks-monitoring.interval=\
			30000
		background-executor.all-tasks-monitoring.logger.enabled=\
			false
		background-executor.all-tasks-monitoring.minimum-elapsed-time-to-consider-a-task-as-probable-dead-locked=\
			300000
		background-executor.all-tasks-monitoring.probable-dead-locked-tasks-handling.policy=\
			log only
		background-executor.queued-task-executor[0].name=\
			Low priority tasks
		background-executor.queued-task-executor[0].priority=\
			1
		background-executor.queued-task-executor[1].name=\
			Normal priority tasks
		background-executor.queued-task-executor[1].priority=\
			5
		background-executor.queued-task-executor[2].name=\
			High priority tasks
		background-executor.queued-task-executor[2].priority=\
			10
		background-executor.task-creation-tracking.enabled=\
			${background-executor.all-tasks-monitoring.enabled}
		banner.additonal-informations=\
			${Bundle-Vendor} ${Bundle-Name} ${Bundle-Version}
		banner.additonal-informations.retrieve-from-manifest-file-of=\
			Burningwave Core
		banner.file=\
			org/burningwave/banner.bwb
		banner.hide=\
			true
		buffer-handler.default-allocation-mode=\
			ByteBuffer::allocateDirect
		buffer-handler.default-buffer-size=\
			1024
		group-name-for-named-elements=\
			Burningwave
		iterable-object-helper.default-values-separator=\
			;
		iterable-object-helper.parallel-iteration.applicability.default-minimum-collection-size=\
			2
		iterable-object-helper.parallel-iteration.applicability.max-runtime-thread-count-threshold=\
			autodetect
		iterable-object-helper.parallel-iteration.applicability.output-collection-enabled-types=\
			java.util.concurrent.ConcurrentHashMap$CollectionView;\
			java.util.Collections$SynchronizedCollection;\
			java.util.concurrent.CopyOnWriteArrayList;\
			java.util.concurrent.CopyOnWriteArraySet;\
			java.util.concurrent.BlockingQueue;\
			java.util.concurrent.ConcurrentSkipListSet;\
			java.util.concurrent.ConcurrentSkipListMap$EntrySet;\
			java.util.concurrent.ConcurrentSkipListMap$KeySet;\
			java.util.concurrent.ConcurrentSkipListMap$Values;
		jvm.driver.init=\
			false
		managed-logger.repository=\
			autodetect
		managed-logger.repository.enabled=\
			true
		managed-logger.repository.logging.warn.disabled-for=\
			org.burningwave.core.assembler.ComponentContainer$ClassLoader;\
			org.burningwave.core.classes.MemoryClassLoader;\
			org.burningwave.core.classes.PathScannerClassLoader;
		modules.export-all-to-all=\
			true
		resource-releaser.enabled=\
			true
		synchronizer.all-threads-monitoring.enabled=\
			false
		synchronizer.all-threads-monitoring.interval=\
			90000
		thread-supplier.default-daemon-flag-value=\
			true
		thread-supplier.default-thread-priority=\
			5
		thread-supplier.max-detached-thread-count=\
			${thread-supplier.max-poolable-thread-count}
		thread-supplier.max-detached-thread-count.elapsed-time-threshold-from-last-increase-for-gradual-decreasing-to-initial-value=\
			30000
		thread-supplier.max-detached-thread-count.increasing-step=\
			autodetect
		thread-supplier.max-poolable-thread-count=\
			autodetect
		thread-supplier.poolable-thread-request-timeout=\
			6000


2026-01-13 09:03:38,477 [main] INFO  o.b.core.jvm.BufferHandler - (BufferHandler.java:127) - default buffer size: 1024 bytes
2026-01-13 09:03:38,478 [main] INFO  o.b.core.jvm.BufferHandler - (BufferHandler.java:141) - default allocation mode: ByteBuffer::allocateDirect
2026-01-13 09:03:38,485 [main] INFO  org.burningwave.core.Cache - (Cache.java:76) - Building cache
2026-01-13 09:03:38,506 [main] INFO  o.b.c.a.StaticComponentContainer - (StaticComponentContainer.java:443) - org.burningwave.core.assembler.StaticComponentContainer initialized in 0.1090837 seconds
2026-01-13 09:03:39,503 [Worker-6: Loading available Gradle versions] INFO  o.e.b.c.i.u.g.PublishedGradleVersions - Gradle version information cache is up-to-date. Trying to read.
2026-01-13 12:30:27,746 [Burningwave - Resource releaser] INFO  o.b.c.a.StaticComponentContainer - (StaticComponentContainer.java:391) - ... Waiting for all tasks ending
2026-01-13 12:30:27,747 [Burningwave - Resource releaser] INFO  o.b.c.a.StaticComponentContainer - (StaticComponentContainer.java:397) - Closing all component containers
2026-01-13 12:30:27,749 [Burningwave - Resource releaser] INFO  o.b.c.a.StaticComponentContainer - (StaticComponentContainer.java:403) - Closing FileSystemHelper
2026-01-13 12:30:27,750 [Burningwave - Resource releaser] INFO  o.b.c.a.StaticComponentContainer - (StaticComponentContainer.java:409) - ... Waiting for all tasks ending before shutting down the BackgroundExecutor
2026-01-13 12:30:27,750 [Burningwave - Resource releaser] INFO  o.b.c.a.StaticComponentContainer - (StaticComponentContainer.java:414) - Shutting down BackgroundExecutor
2026-01-13 12:30:27,751 [Burningwave - Resource releaser] INFO  o.b.c.a.StaticComponentContainer - (StaticComponentContainer.java:420) - Stopping all threads monitoring thread
2026-01-13 12:30:27,751 [Burningwave - Resource releaser] INFO  o.b.c.a.StaticComponentContainer - (StaticComponentContainer.java:425) - Closing ThreadHolder
2026-01-13 12:30:27,752 [Burningwave - Resource releaser] INFO  o.b.c.a.StaticComponentContainer - (StaticComponentContainer.java:430) - Shutting down ThreadSupplier
2026-01-16 10:01:12,673 [main] INFO  o.b.c.a.StaticComponentContainer - (StaticComponentContainer.java:368) - Instantiated org.burningwave.core.SLF4JManagedLoggerRepository
2026-01-16 10:01:12,673 [main] INFO  o.b.c.a.StaticComponentContainer - (StaticComponentContainer.java:369) - 

	Configuration values for static components:

		background-executor.all-tasks-monitoring.enabled=\
			true
		background-executor.all-tasks-monitoring.interval=\
			30000
		background-executor.all-tasks-monitoring.logger.enabled=\
			false
		background-executor.all-tasks-monitoring.minimum-elapsed-time-to-consider-a-task-as-probable-dead-locked=\
			300000
		background-executor.all-tasks-monitoring.probable-dead-locked-tasks-handling.policy=\
			log only
		background-executor.queued-task-executor[0].name=\
			Low priority tasks
		background-executor.queued-task-executor[0].priority=\
			1
		background-executor.queued-task-executor[1].name=\
			Normal priority tasks
		background-executor.queued-task-executor[1].priority=\
			5
		background-executor.queued-task-executor[2].name=\
			High priority tasks
		background-executor.queued-task-executor[2].priority=\
			10
		background-executor.task-creation-tracking.enabled=\
			${background-executor.all-tasks-monitoring.enabled}
		banner.additonal-informations=\
			${Bundle-Vendor} ${Bundle-Name} ${Bundle-Version}
		banner.additonal-informations.retrieve-from-manifest-file-of=\
			Burningwave Core
		banner.file=\
			org/burningwave/banner.bwb
		banner.hide=\
			true
		buffer-handler.default-allocation-mode=\
			ByteBuffer::allocateDirect
		buffer-handler.default-buffer-size=\
			1024
		group-name-for-named-elements=\
			Burningwave
		iterable-object-helper.default-values-separator=\
			;
		iterable-object-helper.parallel-iteration.applicability.default-minimum-collection-size=\
			2
		iterable-object-helper.parallel-iteration.applicability.max-runtime-thread-count-threshold=\
			autodetect
		iterable-object-helper.parallel-iteration.applicability.output-collection-enabled-types=\
			java.util.concurrent.ConcurrentHashMap$CollectionView;\
			java.util.Collections$SynchronizedCollection;\
			java.util.concurrent.CopyOnWriteArrayList;\
			java.util.concurrent.CopyOnWriteArraySet;\
			java.util.concurrent.BlockingQueue;\
			java.util.concurrent.ConcurrentSkipListSet;\
			java.util.concurrent.ConcurrentSkipListMap$EntrySet;\
			java.util.concurrent.ConcurrentSkipListMap$KeySet;\
			java.util.concurrent.ConcurrentSkipListMap$Values;
		jvm.driver.init=\
			false
		managed-logger.repository=\
			autodetect
		managed-logger.repository.enabled=\
			true
		managed-logger.repository.logging.warn.disabled-for=\
			org.burningwave.core.assembler.ComponentContainer$ClassLoader;\
			org.burningwave.core.classes.MemoryClassLoader;\
			org.burningwave.core.classes.PathScannerClassLoader;
		modules.export-all-to-all=\
			true
		resource-releaser.enabled=\
			true
		synchronizer.all-threads-monitoring.enabled=\
			false
		synchronizer.all-threads-monitoring.interval=\
			90000
		thread-supplier.default-daemon-flag-value=\
			true
		thread-supplier.default-thread-priority=\
			5
		thread-supplier.max-detached-thread-count=\
			${thread-supplier.max-poolable-thread-count}
		thread-supplier.max-detached-thread-count.elapsed-time-threshold-from-last-increase-for-gradual-decreasing-to-initial-value=\
			30000
		thread-supplier.max-detached-thread-count.increasing-step=\
			autodetect
		thread-supplier.max-poolable-thread-count=\
			autodetect
		thread-supplier.poolable-thread-request-timeout=\
			6000


2026-01-16 10:01:12,673 [main] INFO  o.b.core.jvm.BufferHandler - (BufferHandler.java:127) - default buffer size: 1024 bytes
2026-01-16 10:01:12,673 [main] INFO  o.b.core.jvm.BufferHandler - (BufferHandler.java:141) - default allocation mode: ByteBuffer::allocateDirect
2026-01-16 10:01:12,685 [main] INFO  org.burningwave.core.Cache - (Cache.java:76) - Building cache
2026-01-16 10:01:12,705 [main] INFO  o.b.c.a.StaticComponentContainer - (StaticComponentContainer.java:443) - org.burningwave.core.assembler.StaticComponentContainer initialized in 0.0952346 seconds
2026-01-16 10:01:15,581 [Worker-2: Loading available Gradle versions] INFO  o.e.b.c.i.u.g.PublishedGradleVersions - Gradle version information cache is out-of-date. Trying to update.
2026-01-16 13:29:15,074 [Burningwave - Resource releaser] INFO  o.b.c.a.StaticComponentContainer - (StaticComponentContainer.java:391) - ... Waiting for all tasks ending
2026-01-16 13:29:15,076 [Burningwave - Resource releaser] INFO  o.b.c.a.StaticComponentContainer - (StaticComponentContainer.java:397) - Closing all component containers
2026-01-16 13:29:15,077 [Burningwave - Resource releaser] INFO  o.b.c.a.StaticComponentContainer - (StaticComponentContainer.java:403) - Closing FileSystemHelper
2026-01-16 13:29:15,077 [Burningwave - Resource releaser] INFO  o.b.c.a.StaticComponentContainer - (StaticComponentContainer.java:409) - ... Waiting for all tasks ending before shutting down the BackgroundExecutor
2026-01-16 13:29:15,077 [Burningwave - Resource releaser] INFO  o.b.c.a.StaticComponentContainer - (StaticComponentContainer.java:414) - Shutting down BackgroundExecutor
2026-01-16 13:29:15,078 [Burningwave - Resource releaser] INFO  o.b.c.a.StaticComponentContainer - (StaticComponentContainer.java:420) - Stopping all threads monitoring thread
2026-01-16 13:29:15,078 [Burningwave - Resource releaser] INFO  o.b.c.a.StaticComponentContainer - (StaticComponentContainer.java:425) - Closing ThreadHolder
2026-01-16 13:29:15,079 [Burningwave - Resource releaser] INFO  o.b.c.a.StaticComponentContainer - (StaticComponentContainer.java:430) - Shutting down ThreadSupplier
2026-01-19 09:05:14,369 [main] INFO  o.b.c.a.StaticComponentContainer - (StaticComponentContainer.java:368) - Instantiated org.burningwave.core.SLF4JManagedLoggerRepository
2026-01-19 09:05:14,369 [main] INFO  o.b.c.a.StaticComponentContainer - (StaticComponentContainer.java:369) - 

	Configuration values for static components:

		background-executor.all-tasks-monitoring.enabled=\
			true
		background-executor.all-tasks-monitoring.interval=\
			30000
		background-executor.all-tasks-monitoring.logger.enabled=\
			false
		background-executor.all-tasks-monitoring.minimum-elapsed-time-to-consider-a-task-as-probable-dead-locked=\
			300000
		background-executor.all-tasks-monitoring.probable-dead-locked-tasks-handling.policy=\
			log only
		background-executor.queued-task-executor[0].name=\
			Low priority tasks
		background-executor.queued-task-executor[0].priority=\
			1
		background-executor.queued-task-executor[1].name=\
			Normal priority tasks
		background-executor.queued-task-executor[1].priority=\
			5
		background-executor.queued-task-executor[2].name=\
			High priority tasks
		background-executor.queued-task-executor[2].priority=\
			10
		background-executor.task-creation-tracking.enabled=\
			${background-executor.all-tasks-monitoring.enabled}
		banner.additonal-informations=\
			${Bundle-Vendor} ${Bundle-Name} ${Bundle-Version}
		banner.additonal-informations.retrieve-from-manifest-file-of=\
			Burningwave Core
		banner.file=\
			org/burningwave/banner.bwb
		banner.hide=\
			true
		buffer-handler.default-allocation-mode=\
			ByteBuffer::allocateDirect
		buffer-handler.default-buffer-size=\
			1024
		group-name-for-named-elements=\
			Burningwave
		iterable-object-helper.default-values-separator=\
			;
		iterable-object-helper.parallel-iteration.applicability.default-minimum-collection-size=\
			2
		iterable-object-helper.parallel-iteration.applicability.max-runtime-thread-count-threshold=\
			autodetect
		iterable-object-helper.parallel-iteration.applicability.output-collection-enabled-types=\
			java.util.concurrent.ConcurrentHashMap$CollectionView;\
			java.util.Collections$SynchronizedCollection;\
			java.util.concurrent.CopyOnWriteArrayList;\
			java.util.concurrent.CopyOnWriteArraySet;\
			java.util.concurrent.BlockingQueue;\
			java.util.concurrent.ConcurrentSkipListSet;\
			java.util.concurrent.ConcurrentSkipListMap$EntrySet;\
			java.util.concurrent.ConcurrentSkipListMap$KeySet;\
			java.util.concurrent.ConcurrentSkipListMap$Values;
		jvm.driver.init=\
			false
		managed-logger.repository=\
			autodetect
		managed-logger.repository.enabled=\
			true
		managed-logger.repository.logging.warn.disabled-for=\
			org.burningwave.core.assembler.ComponentContainer$ClassLoader;\
			org.burningwave.core.classes.MemoryClassLoader;\
			org.burningwave.core.classes.PathScannerClassLoader;
		modules.export-all-to-all=\
			true
		resource-releaser.enabled=\
			true
		synchronizer.all-threads-monitoring.enabled=\
			false
		synchronizer.all-threads-monitoring.interval=\
			90000
		thread-supplier.default-daemon-flag-value=\
			true
		thread-supplier.default-thread-priority=\
			5
		thread-supplier.max-detached-thread-count=\
			${thread-supplier.max-poolable-thread-count}
		thread-supplier.max-detached-thread-count.elapsed-time-threshold-from-last-increase-for-gradual-decreasing-to-initial-value=\
			30000
		thread-supplier.max-detached-thread-count.increasing-step=\
			autodetect
		thread-supplier.max-poolable-thread-count=\
			autodetect
		thread-supplier.poolable-thread-request-timeout=\
			6000


2026-01-19 09:05:14,375 [main] INFO  o.b.core.jvm.BufferHandler - (BufferHandler.java:127) - default buffer size: 1024 bytes
2026-01-19 09:05:14,375 [main] INFO  o.b.core.jvm.BufferHandler - (BufferHandler.java:141) - default allocation mode: ByteBuffer::allocateDirect
2026-01-19 09:05:14,375 [main] INFO  org.burningwave.core.Cache - (Cache.java:76) - Building cache
2026-01-19 09:05:14,398 [main] INFO  o.b.c.a.StaticComponentContainer - (StaticComponentContainer.java:443) - org.burningwave.core.assembler.StaticComponentContainer initialized in 0.1084818 seconds
2026-01-19 09:05:15,466 [Worker-6: Loading available Gradle versions] INFO  o.e.b.c.i.u.g.PublishedGradleVersions - Gradle version information cache is out-of-date. Trying to update.
2026-01-19 09:52:59,385 [Burningwave - Resource releaser] INFO  o.b.c.a.StaticComponentContainer - (StaticComponentContainer.java:391) - ... Waiting for all tasks ending
2026-01-19 09:52:59,386 [Burningwave - Resource releaser] INFO  o.b.c.a.StaticComponentContainer - (StaticComponentContainer.java:397) - Closing all component containers
2026-01-19 09:52:59,388 [Burningwave - Resource releaser] INFO  o.b.c.a.StaticComponentContainer - (StaticComponentContainer.java:403) - Closing FileSystemHelper
2026-01-19 09:52:59,388 [Burningwave - Resource releaser] INFO  o.b.c.a.StaticComponentContainer - (StaticComponentContainer.java:409) - ... Waiting for all tasks ending before shutting down the BackgroundExecutor
2026-01-19 09:52:59,389 [Burningwave - Resource releaser] INFO  o.b.c.a.StaticComponentContainer - (StaticComponentContainer.java:414) - Shutting down BackgroundExecutor
2026-01-19 09:52:59,389 [Burningwave - Resource releaser] INFO  o.b.c.a.StaticComponentContainer - (StaticComponentContainer.java:420) - Stopping all threads monitoring thread
2026-01-19 09:52:59,389 [Burningwave - Resource releaser] INFO  o.b.c.a.StaticComponentContainer - (StaticComponentContainer.java:425) - Closing ThreadHolder
2026-01-19 09:52:59,390 [Burningwave - Resource releaser] INFO  o.b.c.a.StaticComponentContainer - (StaticComponentContainer.java:430) - Shutting down ThreadSupplier
2026-01-20 09:05:21,894 [main] INFO  o.b.c.a.StaticComponentContainer - (StaticComponentContainer.java:368) - Instantiated org.burningwave.core.SLF4JManagedLoggerRepository
2026-01-20 09:05:21,896 [main] INFO  o.b.c.a.StaticComponentContainer - (StaticComponentContainer.java:369) - 

	Configuration values for static components:

		background-executor.all-tasks-monitoring.enabled=\
			true
		background-executor.all-tasks-monitoring.interval=\
			30000
		background-executor.all-tasks-monitoring.logger.enabled=\
			false
		background-executor.all-tasks-monitoring.minimum-elapsed-time-to-consider-a-task-as-probable-dead-locked=\
			300000
		background-executor.all-tasks-monitoring.probable-dead-locked-tasks-handling.policy=\
			log only
		background-executor.queued-task-executor[0].name=\
			Low priority tasks
		background-executor.queued-task-executor[0].priority=\
			1
		background-executor.queued-task-executor[1].name=\
			Normal priority tasks
		background-executor.queued-task-executor[1].priority=\
			5
		background-executor.queued-task-executor[2].name=\
			High priority tasks
		background-executor.queued-task-executor[2].priority=\
			10
		background-executor.task-creation-tracking.enabled=\
			${background-executor.all-tasks-monitoring.enabled}
		banner.additonal-informations=\
			${Bundle-Vendor} ${Bundle-Name} ${Bundle-Version}
		banner.additonal-informations.retrieve-from-manifest-file-of=\
			Burningwave Core
		banner.file=\
			org/burningwave/banner.bwb
		banner.hide=\
			true
		buffer-handler.default-allocation-mode=\
			ByteBuffer::allocateDirect
		buffer-handler.default-buffer-size=\
			1024
		group-name-for-named-elements=\
			Burningwave
		iterable-object-helper.default-values-separator=\
			;
		iterable-object-helper.parallel-iteration.applicability.default-minimum-collection-size=\
			2
		iterable-object-helper.parallel-iteration.applicability.max-runtime-thread-count-threshold=\
			autodetect
		iterable-object-helper.parallel-iteration.applicability.output-collection-enabled-types=\
			java.util.concurrent.ConcurrentHashMap$CollectionView;\
			java.util.Collections$SynchronizedCollection;\
			java.util.concurrent.CopyOnWriteArrayList;\
			java.util.concurrent.CopyOnWriteArraySet;\
			java.util.concurrent.BlockingQueue;\
			java.util.concurrent.ConcurrentSkipListSet;\
			java.util.concurrent.ConcurrentSkipListMap$EntrySet;\
			java.util.concurrent.ConcurrentSkipListMap$KeySet;\
			java.util.concurrent.ConcurrentSkipListMap$Values;
		jvm.driver.init=\
			false
		managed-logger.repository=\
			autodetect
		managed-logger.repository.enabled=\
			true
		managed-logger.repository.logging.warn.disabled-for=\
			org.burningwave.core.assembler.ComponentContainer$ClassLoader;\
			org.burningwave.core.classes.MemoryClassLoader;\
			org.burningwave.core.classes.PathScannerClassLoader;
		modules.export-all-to-all=\
			true
		resource-releaser.enabled=\
			true
		synchronizer.all-threads-monitoring.enabled=\
			false
		synchronizer.all-threads-monitoring.interval=\
			90000
		thread-supplier.default-daemon-flag-value=\
			true
		thread-supplier.default-thread-priority=\
			5
		thread-supplier.max-detached-thread-count=\
			${thread-supplier.max-poolable-thread-count}
		thread-supplier.max-detached-thread-count.elapsed-time-threshold-from-last-increase-for-gradual-decreasing-to-initial-value=\
			30000
		thread-supplier.max-detached-thread-count.increasing-step=\
			autodetect
		thread-supplier.max-poolable-thread-count=\
			autodetect
		thread-supplier.poolable-thread-request-timeout=\
			6000


2026-01-20 09:05:21,898 [main] INFO  o.b.core.jvm.BufferHandler - (BufferHandler.java:127) - default buffer size: 1024 bytes
2026-01-20 09:05:21,900 [main] INFO  o.b.core.jvm.BufferHandler - (BufferHandler.java:141) - default allocation mode: ByteBuffer::allocateDirect
2026-01-20 09:05:21,903 [main] INFO  org.burningwave.core.Cache - (Cache.java:76) - Building cache
2026-01-20 09:05:21,921 [main] INFO  o.b.c.a.StaticComponentContainer - (StaticComponentContainer.java:443) - org.burningwave.core.assembler.StaticComponentContainer initialized in 0.1026535 seconds
2026-01-20 09:05:23,151 [Worker-8: Loading available Gradle versions] INFO  o.e.b.c.i.u.g.PublishedGradleVersions - Gradle version information cache is out-of-date. Trying to update.
2026-01-20 12:31:17,018 [Burningwave - Resource releaser] INFO  o.b.c.a.StaticComponentContainer - (StaticComponentContainer.java:391) - ... Waiting for all tasks ending
2026-01-20 12:31:17,019 [Burningwave - Resource releaser] INFO  o.b.c.a.StaticComponentContainer - (StaticComponentContainer.java:397) - Closing all component containers
2026-01-20 12:31:17,021 [Burningwave - Resource releaser] INFO  o.b.c.a.StaticComponentContainer - (StaticComponentContainer.java:403) - Closing FileSystemHelper
2026-01-20 12:31:17,022 [Burningwave - Resource releaser] INFO  o.b.c.a.StaticComponentContainer - (StaticComponentContainer.java:409) - ... Waiting for all tasks ending before shutting down the BackgroundExecutor
2026-01-20 12:31:17,022 [Burningwave - Resource releaser] INFO  o.b.c.a.StaticComponentContainer - (StaticComponentContainer.java:414) - Shutting down BackgroundExecutor
2026-01-20 12:31:17,022 [Burningwave - Resource releaser] INFO  o.b.c.a.StaticComponentContainer - (StaticComponentContainer.java:420) - Stopping all threads monitoring thread
2026-01-20 12:31:17,023 [Burningwave - Resource releaser] INFO  o.b.c.a.StaticComponentContainer - (StaticComponentContainer.java:425) - Closing ThreadHolder
2026-01-20 12:31:17,024 [Burningwave - Resource releaser] INFO  o.b.c.a.StaticComponentContainer - (StaticComponentContainer.java:430) - Shutting down ThreadSupplier
2026-01-23 09:05:34,407 [main] INFO  o.b.c.a.StaticComponentContainer - (StaticComponentContainer.java:368) - Instantiated org.burningwave.core.SLF4JManagedLoggerRepository
2026-01-23 09:05:34,409 [main] INFO  o.b.c.a.StaticComponentContainer - (StaticComponentContainer.java:369) - 

	Configuration values for static components:

		background-executor.all-tasks-monitoring.enabled=\
			true
		background-executor.all-tasks-monitoring.interval=\
			30000
		background-executor.all-tasks-monitoring.logger.enabled=\
			false
		background-executor.all-tasks-monitoring.minimum-elapsed-time-to-consider-a-task-as-probable-dead-locked=\
			300000
		background-executor.all-tasks-monitoring.probable-dead-locked-tasks-handling.policy=\
			log only
		background-executor.queued-task-executor[0].name=\
			Low priority tasks
		background-executor.queued-task-executor[0].priority=\
			1
		background-executor.queued-task-executor[1].name=\
			Normal priority tasks
		background-executor.queued-task-executor[1].priority=\
			5
		background-executor.queued-task-executor[2].name=\
			High priority tasks
		background-executor.queued-task-executor[2].priority=\
			10
		background-executor.task-creation-tracking.enabled=\
			${background-executor.all-tasks-monitoring.enabled}
		banner.additonal-informations=\
			${Bundle-Vendor} ${Bundle-Name} ${Bundle-Version}
		banner.additonal-informations.retrieve-from-manifest-file-of=\
			Burningwave Core
		banner.file=\
			org/burningwave/banner.bwb
		banner.hide=\
			true
		buffer-handler.default-allocation-mode=\
			ByteBuffer::allocateDirect
		buffer-handler.default-buffer-size=\
			1024
		group-name-for-named-elements=\
			Burningwave
		iterable-object-helper.default-values-separator=\
			;
		iterable-object-helper.parallel-iteration.applicability.default-minimum-collection-size=\
			2
		iterable-object-helper.parallel-iteration.applicability.max-runtime-thread-count-threshold=\
			autodetect
		iterable-object-helper.parallel-iteration.applicability.output-collection-enabled-types=\
			java.util.concurrent.ConcurrentHashMap$CollectionView;\
			java.util.Collections$SynchronizedCollection;\
			java.util.concurrent.CopyOnWriteArrayList;\
			java.util.concurrent.CopyOnWriteArraySet;\
			java.util.concurrent.BlockingQueue;\
			java.util.concurrent.ConcurrentSkipListSet;\
			java.util.concurrent.ConcurrentSkipListMap$EntrySet;\
			java.util.concurrent.ConcurrentSkipListMap$KeySet;\
			java.util.concurrent.ConcurrentSkipListMap$Values;
		jvm.driver.init=\
			false
		managed-logger.repository=\
			autodetect
		managed-logger.repository.enabled=\
			true
		managed-logger.repository.logging.warn.disabled-for=\
			org.burningwave.core.assembler.ComponentContainer$ClassLoader;\
			org.burningwave.core.classes.MemoryClassLoader;\
			org.burningwave.core.classes.PathScannerClassLoader;
		modules.export-all-to-all=\
			true
		resource-releaser.enabled=\
			true
		synchronizer.all-threads-monitoring.enabled=\
			false
		synchronizer.all-threads-monitoring.interval=\
			90000
		thread-supplier.default-daemon-flag-value=\
			true
		thread-supplier.default-thread-priority=\
			5
		thread-supplier.max-detached-thread-count=\
			${thread-supplier.max-poolable-thread-count}
		thread-supplier.max-detached-thread-count.elapsed-time-threshold-from-last-increase-for-gradual-decreasing-to-initial-value=\
			30000
		thread-supplier.max-detached-thread-count.increasing-step=\
			autodetect
		thread-supplier.max-poolable-thread-count=\
			autodetect
		thread-supplier.poolable-thread-request-timeout=\
			6000


2026-01-23 09:05:34,411 [main] INFO  o.b.core.jvm.BufferHandler - (BufferHandler.java:127) - default buffer size: 1024 bytes
2026-01-23 09:05:34,411 [main] INFO  o.b.core.jvm.BufferHandler - (BufferHandler.java:141) - default allocation mode: ByteBuffer::allocateDirect
2026-01-23 09:05:34,414 [main] INFO  org.burningwave.core.Cache - (Cache.java:76) - Building cache
2026-01-23 09:05:34,430 [main] INFO  o.b.c.a.StaticComponentContainer - (StaticComponentContainer.java:443) - org.burningwave.core.assembler.StaticComponentContainer initialized in 0.082644899 seconds
2026-01-23 09:05:35,485 [Worker-4: Loading available Gradle versions] INFO  o.e.b.c.i.u.g.PublishedGradleVersions - Gradle version information cache is out-of-date. Trying to update.
2026-01-23 09:26:43,545 [Burningwave - Resource releaser] INFO  o.b.c.a.StaticComponentContainer - (StaticComponentContainer.java:391) - ... Waiting for all tasks ending
2026-01-23 09:26:43,547 [Burningwave - Resource releaser] INFO  o.b.c.a.StaticComponentContainer - (StaticComponentContainer.java:397) - Closing all component containers
2026-01-23 09:26:43,548 [Burningwave - Resource releaser] INFO  o.b.c.a.StaticComponentContainer - (StaticComponentContainer.java:403) - Closing FileSystemHelper
2026-01-23 09:26:43,549 [Burningwave - Resource releaser] INFO  o.b.c.a.StaticComponentContainer - (StaticComponentContainer.java:409) - ... Waiting for all tasks ending before shutting down the BackgroundExecutor
2026-01-23 09:26:43,550 [Burningwave - Resource releaser] INFO  o.b.c.a.StaticComponentContainer - (StaticComponentContainer.java:414) - Shutting down BackgroundExecutor
2026-01-23 09:26:43,551 [Burningwave - Resource releaser] INFO  o.b.c.a.StaticComponentContainer - (StaticComponentContainer.java:420) - Stopping all threads monitoring thread
2026-01-23 09:26:43,551 [Burningwave - Resource releaser] INFO  o.b.c.a.StaticComponentContainer - (StaticComponentContainer.java:425) - Closing ThreadHolder
2026-01-23 09:26:43,552 [Burningwave - Resource releaser] INFO  o.b.c.a.StaticComponentContainer - (StaticComponentContainer.java:430) - Shutting down ThreadSupplier
2026-01-23 09:26:51,473 [main] INFO  o.b.c.a.StaticComponentContainer - (StaticComponentContainer.java:368) - Instantiated org.burningwave.core.SLF4JManagedLoggerRepository
2026-01-23 09:26:51,475 [main] INFO  o.b.c.a.StaticComponentContainer - (StaticComponentContainer.java:369) - 

	Configuration values for static components:

		background-executor.all-tasks-monitoring.enabled=\
			true
		background-executor.all-tasks-monitoring.interval=\
			30000
		background-executor.all-tasks-monitoring.logger.enabled=\
			false
		background-executor.all-tasks-monitoring.minimum-elapsed-time-to-consider-a-task-as-probable-dead-locked=\
			300000
		background-executor.all-tasks-monitoring.probable-dead-locked-tasks-handling.policy=\
			log only
		background-executor.queued-task-executor[0].name=\
			Low priority tasks
		background-executor.queued-task-executor[0].priority=\
			1
		background-executor.queued-task-executor[1].name=\
			Normal priority tasks
		background-executor.queued-task-executor[1].priority=\
			5
		background-executor.queued-task-executor[2].name=\
			High priority tasks
		background-executor.queued-task-executor[2].priority=\
			10
		background-executor.task-creation-tracking.enabled=\
			${background-executor.all-tasks-monitoring.enabled}
		banner.additonal-informations=\
			${Bundle-Vendor} ${Bundle-Name} ${Bundle-Version}
		banner.additonal-informations.retrieve-from-manifest-file-of=\
			Burningwave Core
		banner.file=\
			org/burningwave/banner.bwb
		banner.hide=\
			true
		buffer-handler.default-allocation-mode=\
			ByteBuffer::allocateDirect
		buffer-handler.default-buffer-size=\
			1024
		group-name-for-named-elements=\
			Burningwave
		iterable-object-helper.default-values-separator=\
			;
		iterable-object-helper.parallel-iteration.applicability.default-minimum-collection-size=\
			2
		iterable-object-helper.parallel-iteration.applicability.max-runtime-thread-count-threshold=\
			autodetect
		iterable-object-helper.parallel-iteration.applicability.output-collection-enabled-types=\
			java.util.concurrent.ConcurrentHashMap$CollectionView;\
			java.util.Collections$SynchronizedCollection;\
			java.util.concurrent.CopyOnWriteArrayList;\
			java.util.concurrent.CopyOnWriteArraySet;\
			java.util.concurrent.BlockingQueue;\
			java.util.concurrent.ConcurrentSkipListSet;\
			java.util.concurrent.ConcurrentSkipListMap$EntrySet;\
			java.util.concurrent.ConcurrentSkipListMap$KeySet;\
			java.util.concurrent.ConcurrentSkipListMap$Values;
		jvm.driver.init=\
			false
		managed-logger.repository=\
			autodetect
		managed-logger.repository.enabled=\
			true
		managed-logger.repository.logging.warn.disabled-for=\
			org.burningwave.core.assembler.ComponentContainer$ClassLoader;\
			org.burningwave.core.classes.MemoryClassLoader;\
			org.burningwave.core.classes.PathScannerClassLoader;
		modules.export-all-to-all=\
			true
		resource-releaser.enabled=\
			true
		synchronizer.all-threads-monitoring.enabled=\
			false
		synchronizer.all-threads-monitoring.interval=\
			90000
		thread-supplier.default-daemon-flag-value=\
			true
		thread-supplier.default-thread-priority=\
			5
		thread-supplier.max-detached-thread-count=\
			${thread-supplier.max-poolable-thread-count}
		thread-supplier.max-detached-thread-count.elapsed-time-threshold-from-last-increase-for-gradual-decreasing-to-initial-value=\
			30000
		thread-supplier.max-detached-thread-count.increasing-step=\
			autodetect
		thread-supplier.max-poolable-thread-count=\
			autodetect
		thread-supplier.poolable-thread-request-timeout=\
			6000


2026-01-23 09:26:51,476 [main] INFO  o.b.core.jvm.BufferHandler - (BufferHandler.java:127) - default buffer size: 1024 bytes
2026-01-23 09:26:51,477 [main] INFO  o.b.core.jvm.BufferHandler - (BufferHandler.java:141) - default allocation mode: ByteBuffer::allocateDirect
2026-01-23 09:26:51,480 [main] INFO  org.burningwave.core.Cache - (Cache.java:76) - Building cache
2026-01-23 09:26:51,493 [main] INFO  o.b.c.a.StaticComponentContainer - (StaticComponentContainer.java:443) - org.burningwave.core.assembler.StaticComponentContainer initialized in 0.0744941 seconds
2026-01-23 09:26:52,128 [Worker-6: Loading available Gradle versions] INFO  o.e.b.c.i.u.g.PublishedGradleVersions - Gradle version information cache is up-to-date. Trying to read.
2026-01-23 09:28:52,456 [Burningwave - Resource releaser] INFO  o.b.c.a.StaticComponentContainer - (StaticComponentContainer.java:391) - ... Waiting for all tasks ending
2026-01-23 09:28:52,457 [Burningwave - Resource releaser] INFO  o.b.c.a.StaticComponentContainer - (StaticComponentContainer.java:397) - Closing all component containers
2026-01-23 09:28:52,459 [Burningwave - Resource releaser] INFO  o.b.c.a.StaticComponentContainer - (StaticComponentContainer.java:403) - Closing FileSystemHelper
2026-01-23 09:28:52,460 [Burningwave - Resource releaser] INFO  o.b.c.a.StaticComponentContainer - (StaticComponentContainer.java:409) - ... Waiting for all tasks ending before shutting down the BackgroundExecutor
2026-01-23 09:28:52,461 [Burningwave - Resource releaser] INFO  o.b.c.a.StaticComponentContainer - (StaticComponentContainer.java:414) - Shutting down BackgroundExecutor
2026-01-23 09:28:52,461 [Burningwave - Resource releaser] INFO  o.b.c.a.StaticComponentContainer - (StaticComponentContainer.java:420) - Stopping all threads monitoring thread
2026-01-23 09:28:52,461 [Burningwave - Resource releaser] INFO  o.b.c.a.StaticComponentContainer - (StaticComponentContainer.java:425) - Closing ThreadHolder
2026-01-23 09:28:52,462 [Burningwave - Resource releaser] INFO  o.b.c.a.StaticComponentContainer - (StaticComponentContainer.java:430) - Shutting down ThreadSupplier
2026-01-23 09:28:58,921 [main] INFO  o.b.c.a.StaticComponentContainer - (StaticComponentContainer.java:368) - Instantiated org.burningwave.core.SLF4JManagedLoggerRepository
2026-01-23 09:28:58,923 [main] INFO  o.b.c.a.StaticComponentContainer - (StaticComponentContainer.java:369) - 

	Configuration values for static components:

		background-executor.all-tasks-monitoring.enabled=\
			true
		background-executor.all-tasks-monitoring.interval=\
			30000
		background-executor.all-tasks-monitoring.logger.enabled=\
			false
		background-executor.all-tasks-monitoring.minimum-elapsed-time-to-consider-a-task-as-probable-dead-locked=\
			300000
		background-executor.all-tasks-monitoring.probable-dead-locked-tasks-handling.policy=\
			log only
		background-executor.queued-task-executor[0].name=\
			Low priority tasks
		background-executor.queued-task-executor[0].priority=\
			1
		background-executor.queued-task-executor[1].name=\
			Normal priority tasks
		background-executor.queued-task-executor[1].priority=\
			5
		background-executor.queued-task-executor[2].name=\
			High priority tasks
		background-executor.queued-task-executor[2].priority=\
			10
		background-executor.task-creation-tracking.enabled=\
			${background-executor.all-tasks-monitoring.enabled}
		banner.additonal-informations=\
			${Bundle-Vendor} ${Bundle-Name} ${Bundle-Version}
		banner.additonal-informations.retrieve-from-manifest-file-of=\
			Burningwave Core
		banner.file=\
			org/burningwave/banner.bwb
		banner.hide=\
			true
		buffer-handler.default-allocation-mode=\
			ByteBuffer::allocateDirect
		buffer-handler.default-buffer-size=\
			1024
		group-name-for-named-elements=\
			Burningwave
		iterable-object-helper.default-values-separator=\
			;
		iterable-object-helper.parallel-iteration.applicability.default-minimum-collection-size=\
			2
		iterable-object-helper.parallel-iteration.applicability.max-runtime-thread-count-threshold=\
			autodetect
		iterable-object-helper.parallel-iteration.applicability.output-collection-enabled-types=\
			java.util.concurrent.ConcurrentHashMap$CollectionView;\
			java.util.Collections$SynchronizedCollection;\
			java.util.concurrent.CopyOnWriteArrayList;\
			java.util.concurrent.CopyOnWriteArraySet;\
			java.util.concurrent.BlockingQueue;\
			java.util.concurrent.ConcurrentSkipListSet;\
			java.util.concurrent.ConcurrentSkipListMap$EntrySet;\
			java.util.concurrent.ConcurrentSkipListMap$KeySet;\
			java.util.concurrent.ConcurrentSkipListMap$Values;
		jvm.driver.init=\
			false
		managed-logger.repository=\
			autodetect
		managed-logger.repository.enabled=\
			true
		managed-logger.repository.logging.warn.disabled-for=\
			org.burningwave.core.assembler.ComponentContainer$ClassLoader;\
			org.burningwave.core.classes.MemoryClassLoader;\
			org.burningwave.core.classes.PathScannerClassLoader;
		modules.export-all-to-all=\
			true
		resource-releaser.enabled=\
			true
		synchronizer.all-threads-monitoring.enabled=\
			false
		synchronizer.all-threads-monitoring.interval=\
			90000
		thread-supplier.default-daemon-flag-value=\
			true
		thread-supplier.default-thread-priority=\
			5
		thread-supplier.max-detached-thread-count=\
			${thread-supplier.max-poolable-thread-count}
		thread-supplier.max-detached-thread-count.elapsed-time-threshold-from-last-increase-for-gradual-decreasing-to-initial-value=\
			30000
		thread-supplier.max-detached-thread-count.increasing-step=\
			autodetect
		thread-supplier.max-poolable-thread-count=\
			autodetect
		thread-supplier.poolable-thread-request-timeout=\
			6000


2026-01-23 09:28:58,924 [main] INFO  o.b.core.jvm.BufferHandler - (BufferHandler.java:127) - default buffer size: 1024 bytes
2026-01-23 09:28:58,925 [main] INFO  o.b.core.jvm.BufferHandler - (BufferHandler.java:141) - default allocation mode: ByteBuffer::allocateDirect
2026-01-23 09:28:58,927 [main] INFO  org.burningwave.core.Cache - (Cache.java:76) - Building cache
2026-01-23 09:28:58,945 [main] INFO  o.b.c.a.StaticComponentContainer - (StaticComponentContainer.java:443) - org.burningwave.core.assembler.StaticComponentContainer initialized in 0.0727788 seconds
2026-01-23 09:29:00,859 [Worker-7: Loading available Gradle versions] INFO  o.e.b.c.i.u.g.PublishedGradleVersions - Gradle version information cache is up-to-date. Trying to read.
2026-01-23 13:01:00,381 [Burningwave - Resource releaser] INFO  o.b.c.a.StaticComponentContainer - (StaticComponentContainer.java:391) - ... Waiting for all tasks ending
2026-01-23 13:01:00,383 [Burningwave - Resource releaser] INFO  o.b.c.a.StaticComponentContainer - (StaticComponentContainer.java:397) - Closing all component containers
2026-01-23 13:01:00,385 [Burningwave - Resource releaser] INFO  o.b.c.a.StaticComponentContainer - (StaticComponentContainer.java:403) - Closing FileSystemHelper
2026-01-23 13:01:00,387 [Burningwave - Resource releaser] INFO  o.b.c.a.StaticComponentContainer - (StaticComponentContainer.java:409) - ... Waiting for all tasks ending before shutting down the BackgroundExecutor
2026-01-23 13:01:00,387 [Burningwave - Resource releaser] INFO  o.b.c.a.StaticComponentContainer - (StaticComponentContainer.java:414) - Shutting down BackgroundExecutor
2026-01-23 13:01:00,388 [Burningwave - Resource releaser] INFO  o.b.c.a.StaticComponentContainer - (StaticComponentContainer.java:420) - Stopping all threads monitoring thread
2026-01-23 13:01:00,389 [Burningwave - Resource releaser] INFO  o.b.c.a.StaticComponentContainer - (StaticComponentContainer.java:425) - Closing ThreadHolder
2026-01-23 13:01:00,389 [Burningwave - Resource releaser] INFO  o.b.c.a.StaticComponentContainer - (StaticComponentContainer.java:430) - Shutting down ThreadSupplier
2026-01-29 12:00:55,207 [main] INFO  o.b.c.a.StaticComponentContainer - (StaticComponentContainer.java:368) - Instantiated org.burningwave.core.SLF4JManagedLoggerRepository
2026-01-29 12:00:55,212 [main] INFO  o.b.c.a.StaticComponentContainer - (StaticComponentContainer.java:369) - 

	Configuration values for static components:

		background-executor.all-tasks-monitoring.enabled=\
			true
		background-executor.all-tasks-monitoring.interval=\
			30000
		background-executor.all-tasks-monitoring.logger.enabled=\
			false
		background-executor.all-tasks-monitoring.minimum-elapsed-time-to-consider-a-task-as-probable-dead-locked=\
			300000
		background-executor.all-tasks-monitoring.probable-dead-locked-tasks-handling.policy=\
			log only
		background-executor.queued-task-executor[0].name=\
			Low priority tasks
		background-executor.queued-task-executor[0].priority=\
			1
		background-executor.queued-task-executor[1].name=\
			Normal priority tasks
		background-executor.queued-task-executor[1].priority=\
			5
		background-executor.queued-task-executor[2].name=\
			High priority tasks
		background-executor.queued-task-executor[2].priority=\
			10
		background-executor.task-creation-tracking.enabled=\
			${background-executor.all-tasks-monitoring.enabled}
		banner.additonal-informations=\
			${Bundle-Vendor} ${Bundle-Name} ${Bundle-Version}
		banner.additonal-informations.retrieve-from-manifest-file-of=\
			Burningwave Core
		banner.file=\
			org/burningwave/banner.bwb
		banner.hide=\
			true
		buffer-handler.default-allocation-mode=\
			ByteBuffer::allocateDirect
		buffer-handler.default-buffer-size=\
			1024
		group-name-for-named-elements=\
			Burningwave
		iterable-object-helper.default-values-separator=\
			;
		iterable-object-helper.parallel-iteration.applicability.default-minimum-collection-size=\
			2
		iterable-object-helper.parallel-iteration.applicability.max-runtime-thread-count-threshold=\
			autodetect
		iterable-object-helper.parallel-iteration.applicability.output-collection-enabled-types=\
			java.util.concurrent.ConcurrentHashMap$CollectionView;\
			java.util.Collections$SynchronizedCollection;\
			java.util.concurrent.CopyOnWriteArrayList;\
			java.util.concurrent.CopyOnWriteArraySet;\
			java.util.concurrent.BlockingQueue;\
			java.util.concurrent.ConcurrentSkipListSet;\
			java.util.concurrent.ConcurrentSkipListMap$EntrySet;\
			java.util.concurrent.ConcurrentSkipListMap$KeySet;\
			java.util.concurrent.ConcurrentSkipListMap$Values;
		jvm.driver.init=\
			false
		managed-logger.repository=\
			autodetect
		managed-logger.repository.enabled=\
			true
		managed-logger.repository.logging.warn.disabled-for=\
			org.burningwave.core.assembler.ComponentContainer$ClassLoader;\
			org.burningwave.core.classes.MemoryClassLoader;\
			org.burningwave.core.classes.PathScannerClassLoader;
		modules.export-all-to-all=\
			true
		resource-releaser.enabled=\
			true
		synchronizer.all-threads-monitoring.enabled=\
			false
		synchronizer.all-threads-monitoring.interval=\
			90000
		thread-supplier.default-daemon-flag-value=\
			true
		thread-supplier.default-thread-priority=\
			5
		thread-supplier.max-detached-thread-count=\
			${thread-supplier.max-poolable-thread-count}
		thread-supplier.max-detached-thread-count.elapsed-time-threshold-from-last-increase-for-gradual-decreasing-to-initial-value=\
			30000
		thread-supplier.max-detached-thread-count.increasing-step=\
			autodetect
		thread-supplier.max-poolable-thread-count=\
			autodetect
		thread-supplier.poolable-thread-request-timeout=\
			6000


2026-01-29 12:00:55,216 [main] INFO  o.b.core.jvm.BufferHandler - (BufferHandler.java:127) - default buffer size: 1024 bytes
2026-01-29 12:00:55,217 [main] INFO  o.b.core.jvm.BufferHandler - (BufferHandler.java:141) - default allocation mode: ByteBuffer::allocateDirect
2026-01-29 12:00:55,220 [main] INFO  org.burningwave.core.Cache - (Cache.java:76) - Building cache
2026-01-29 12:00:55,238 [main] INFO  o.b.c.a.StaticComponentContainer - (StaticComponentContainer.java:443) - org.burningwave.core.assembler.StaticComponentContainer initialized in 0.1323436 seconds
2026-01-29 12:10:40,306 [Worker-10: Loading available Gradle versions] INFO  o.e.b.c.i.u.g.PublishedGradleVersions - Gradle version information cache is out-of-date. Trying to update.
2026-01-29 12:34:04,763 [Burningwave - Resource releaser] INFO  o.b.c.a.StaticComponentContainer - (StaticComponentContainer.java:391) - ... Waiting for all tasks ending
2026-01-29 12:34:04,765 [Burningwave - Resource releaser] INFO  o.b.c.a.StaticComponentContainer - (StaticComponentContainer.java:397) - Closing all component containers
2026-01-29 12:34:04,766 [Burningwave - Resource releaser] INFO  o.b.c.a.StaticComponentContainer - (StaticComponentContainer.java:403) - Closing FileSystemHelper
2026-01-29 12:34:04,767 [Burningwave - Resource releaser] INFO  o.b.c.a.StaticComponentContainer - (StaticComponentContainer.java:409) - ... Waiting for all tasks ending before shutting down the BackgroundExecutor
2026-01-29 12:34:04,768 [Burningwave - Resource releaser] INFO  o.b.c.a.StaticComponentContainer - (StaticComponentContainer.java:414) - Shutting down BackgroundExecutor
2026-01-29 12:34:04,768 [Burningwave - Resource releaser] INFO  o.b.c.a.StaticComponentContainer - (StaticComponentContainer.java:420) - Stopping all threads monitoring thread
2026-01-29 12:34:04,768 [Burningwave - Resource releaser] INFO  o.b.c.a.StaticComponentContainer - (StaticComponentContainer.java:425) - Closing ThreadHolder
2026-01-29 12:34:04,769 [Burningwave - Resource releaser] INFO  o.b.c.a.StaticComponentContainer - (StaticComponentContainer.java:430) - Shutting down ThreadSupplier
2026-02-02 09:06:57,253 [main] INFO  o.b.c.a.StaticComponentContainer - (StaticComponentContainer.java:368) - Instantiated org.burningwave.core.SLF4JManagedLoggerRepository
2026-02-02 09:06:57,257 [main] INFO  o.b.c.a.StaticComponentContainer - (StaticComponentContainer.java:369) - 

	Configuration values for static components:

		background-executor.all-tasks-monitoring.enabled=\
			true
		background-executor.all-tasks-monitoring.interval=\
			30000
		background-executor.all-tasks-monitoring.logger.enabled=\
			false
		background-executor.all-tasks-monitoring.minimum-elapsed-time-to-consider-a-task-as-probable-dead-locked=\
			300000
		background-executor.all-tasks-monitoring.probable-dead-locked-tasks-handling.policy=\
			log only
		background-executor.queued-task-executor[0].name=\
			Low priority tasks
		background-executor.queued-task-executor[0].priority=\
			1
		background-executor.queued-task-executor[1].name=\
			Normal priority tasks
		background-executor.queued-task-executor[1].priority=\
			5
		background-executor.queued-task-executor[2].name=\
			High priority tasks
		background-executor.queued-task-executor[2].priority=\
			10
		background-executor.task-creation-tracking.enabled=\
			${background-executor.all-tasks-monitoring.enabled}
		banner.additonal-informations=\
			${Bundle-Vendor} ${Bundle-Name} ${Bundle-Version}
		banner.additonal-informations.retrieve-from-manifest-file-of=\
			Burningwave Core
		banner.file=\
			org/burningwave/banner.bwb
		banner.hide=\
			true
		buffer-handler.default-allocation-mode=\
			ByteBuffer::allocateDirect
		buffer-handler.default-buffer-size=\
			1024
		group-name-for-named-elements=\
			Burningwave
		iterable-object-helper.default-values-separator=\
			;
		iterable-object-helper.parallel-iteration.applicability.default-minimum-collection-size=\
			2
		iterable-object-helper.parallel-iteration.applicability.max-runtime-thread-count-threshold=\
			autodetect
		iterable-object-helper.parallel-iteration.applicability.output-collection-enabled-types=\
			java.util.concurrent.ConcurrentHashMap$CollectionView;\
			java.util.Collections$SynchronizedCollection;\
			java.util.concurrent.CopyOnWriteArrayList;\
			java.util.concurrent.CopyOnWriteArraySet;\
			java.util.concurrent.BlockingQueue;\
			java.util.concurrent.ConcurrentSkipListSet;\
			java.util.concurrent.ConcurrentSkipListMap$EntrySet;\
			java.util.concurrent.ConcurrentSkipListMap$KeySet;\
			java.util.concurrent.ConcurrentSkipListMap$Values;
		jvm.driver.init=\
			false
		managed-logger.repository=\
			autodetect
		managed-logger.repository.enabled=\
			true
		managed-logger.repository.logging.warn.disabled-for=\
			org.burningwave.core.assembler.ComponentContainer$ClassLoader;\
			org.burningwave.core.classes.MemoryClassLoader;\
			org.burningwave.core.classes.PathScannerClassLoader;
		modules.export-all-to-all=\
			true
		resource-releaser.enabled=\
			true
		synchronizer.all-threads-monitoring.enabled=\
			false
		synchronizer.all-threads-monitoring.interval=\
			90000
		thread-supplier.default-daemon-flag-value=\
			true
		thread-supplier.default-thread-priority=\
			5
		thread-supplier.max-detached-thread-count=\
			${thread-supplier.max-poolable-thread-count}
		thread-supplier.max-detached-thread-count.elapsed-time-threshold-from-last-increase-for-gradual-decreasing-to-initial-value=\
			30000
		thread-supplier.max-detached-thread-count.increasing-step=\
			autodetect
		thread-supplier.max-poolable-thread-count=\
			autodetect
		thread-supplier.poolable-thread-request-timeout=\
			6000


2026-02-02 09:06:57,259 [main] INFO  o.b.core.jvm.BufferHandler - (BufferHandler.java:127) - default buffer size: 1024 bytes
2026-02-02 09:06:57,260 [main] INFO  o.b.core.jvm.BufferHandler - (BufferHandler.java:141) - default allocation mode: ByteBuffer::allocateDirect
2026-02-02 09:06:57,264 [main] INFO  org.burningwave.core.Cache - (Cache.java:76) - Building cache
2026-02-02 09:06:57,289 [main] INFO  o.b.c.a.StaticComponentContainer - (StaticComponentContainer.java:443) - org.burningwave.core.assembler.StaticComponentContainer initialized in 0.1217418 seconds
2026-02-02 09:06:58,662 [Worker-7: Loading available Gradle versions] INFO  o.e.b.c.i.u.g.PublishedGradleVersions - Gradle version information cache is out-of-date. Trying to update.
2026-02-02 11:31:16,522 [Burningwave - Resource releaser] INFO  o.b.c.a.StaticComponentContainer - (StaticComponentContainer.java:391) - ... Waiting for all tasks ending
2026-02-02 11:31:16,524 [Burningwave - Resource releaser] INFO  o.b.c.a.StaticComponentContainer - (StaticComponentContainer.java:397) - Closing all component containers
2026-02-02 11:31:16,526 [Burningwave - Resource releaser] INFO  o.b.c.a.StaticComponentContainer - (StaticComponentContainer.java:403) - Closing FileSystemHelper
2026-02-02 11:31:16,526 [Burningwave - Resource releaser] INFO  o.b.c.a.StaticComponentContainer - (StaticComponentContainer.java:409) - ... Waiting for all tasks ending before shutting down the BackgroundExecutor
2026-02-02 11:31:16,527 [Burningwave - Resource releaser] INFO  o.b.c.a.StaticComponentContainer - (StaticComponentContainer.java:414) - Shutting down BackgroundExecutor
2026-02-02 11:31:16,527 [Burningwave - Resource releaser] INFO  o.b.c.a.StaticComponentContainer - (StaticComponentContainer.java:420) - Stopping all threads monitoring thread
2026-02-02 11:31:16,528 [Burningwave - Resource releaser] INFO  o.b.c.a.StaticComponentContainer - (StaticComponentContainer.java:425) - Closing ThreadHolder
2026-02-02 11:31:16,528 [Burningwave - Resource releaser] INFO  o.b.c.a.StaticComponentContainer - (StaticComponentContainer.java:430) - Shutting down ThreadSupplier
2026-02-02 14:19:05,879 [main] INFO  o.b.c.a.StaticComponentContainer - (StaticComponentContainer.java:368) - Instantiated org.burningwave.core.SLF4JManagedLoggerRepository
2026-02-02 14:19:05,882 [main] INFO  o.b.c.a.StaticComponentContainer - (StaticComponentContainer.java:369) - 

	Configuration values for static components:

		background-executor.all-tasks-monitoring.enabled=\
			true
		background-executor.all-tasks-monitoring.interval=\
			30000
		background-executor.all-tasks-monitoring.logger.enabled=\
			false
		background-executor.all-tasks-monitoring.minimum-elapsed-time-to-consider-a-task-as-probable-dead-locked=\
			300000
		background-executor.all-tasks-monitoring.probable-dead-locked-tasks-handling.policy=\
			log only
		background-executor.queued-task-executor[0].name=\
			Low priority tasks
		background-executor.queued-task-executor[0].priority=\
			1
		background-executor.queued-task-executor[1].name=\
			Normal priority tasks
		background-executor.queued-task-executor[1].priority=\
			5
		background-executor.queued-task-executor[2].name=\
			High priority tasks
		background-executor.queued-task-executor[2].priority=\
			10
		background-executor.task-creation-tracking.enabled=\
			${background-executor.all-tasks-monitoring.enabled}
		banner.additonal-informations=\
			${Bundle-Vendor} ${Bundle-Name} ${Bundle-Version}
		banner.additonal-informations.retrieve-from-manifest-file-of=\
			Burningwave Core
		banner.file=\
			org/burningwave/banner.bwb
		banner.hide=\
			true
		buffer-handler.default-allocation-mode=\
			ByteBuffer::allocateDirect
		buffer-handler.default-buffer-size=\
			1024
		group-name-for-named-elements=\
			Burningwave
		iterable-object-helper.default-values-separator=\
			;
		iterable-object-helper.parallel-iteration.applicability.default-minimum-collection-size=\
			2
		iterable-object-helper.parallel-iteration.applicability.max-runtime-thread-count-threshold=\
			autodetect
		iterable-object-helper.parallel-iteration.applicability.output-collection-enabled-types=\
			java.util.concurrent.ConcurrentHashMap$CollectionView;\
			java.util.Collections$SynchronizedCollection;\
			java.util.concurrent.CopyOnWriteArrayList;\
			java.util.concurrent.CopyOnWriteArraySet;\
			java.util.concurrent.BlockingQueue;\
			java.util.concurrent.ConcurrentSkipListSet;\
			java.util.concurrent.ConcurrentSkipListMap$EntrySet;\
			java.util.concurrent.ConcurrentSkipListMap$KeySet;\
			java.util.concurrent.ConcurrentSkipListMap$Values;
		jvm.driver.init=\
			false
		managed-logger.repository=\
			autodetect
		managed-logger.repository.enabled=\
			true
		managed-logger.repository.logging.warn.disabled-for=\
			org.burningwave.core.assembler.ComponentContainer$ClassLoader;\
			org.burningwave.core.classes.MemoryClassLoader;\
			org.burningwave.core.classes.PathScannerClassLoader;
		modules.export-all-to-all=\
			true
		resource-releaser.enabled=\
			true
		synchronizer.all-threads-monitoring.enabled=\
			false
		synchronizer.all-threads-monitoring.interval=\
			90000
		thread-supplier.default-daemon-flag-value=\
			true
		thread-supplier.default-thread-priority=\
			5
		thread-supplier.max-detached-thread-count=\
			${thread-supplier.max-poolable-thread-count}
		thread-supplier.max-detached-thread-count.elapsed-time-threshold-from-last-increase-for-gradual-decreasing-to-initial-value=\
			30000
		thread-supplier.max-detached-thread-count.increasing-step=\
			autodetect
		thread-supplier.max-poolable-thread-count=\
			autodetect
		thread-supplier.poolable-thread-request-timeout=\
			6000


2026-02-02 14:19:05,884 [main] INFO  o.b.core.jvm.BufferHandler - (BufferHandler.java:127) - default buffer size: 1024 bytes
2026-02-02 14:19:05,884 [main] INFO  o.b.core.jvm.BufferHandler - (BufferHandler.java:141) - default allocation mode: ByteBuffer::allocateDirect
2026-02-02 14:19:05,887 [main] INFO  org.burningwave.core.Cache - (Cache.java:76) - Building cache
2026-02-02 14:19:05,903 [main] INFO  o.b.c.a.StaticComponentContainer - (StaticComponentContainer.java:443) - org.burningwave.core.assembler.StaticComponentContainer initialized in 0.0836585 seconds
2026-02-02 14:19:08,341 [Worker-7: Loading available Gradle versions] INFO  o.e.b.c.i.u.g.PublishedGradleVersions - Gradle version information cache is up-to-date. Trying to read.
2026-02-02 14:24:13,651 [Burningwave - Resource releaser] INFO  o.b.c.a.StaticComponentContainer - (StaticComponentContainer.java:391) - ... Waiting for all tasks ending
2026-02-02 14:24:13,653 [Burningwave - Resource releaser] INFO  o.b.c.a.StaticComponentContainer - (StaticComponentContainer.java:397) - Closing all component containers
2026-02-02 14:24:13,653 [Burningwave - Resource releaser] INFO  o.b.c.a.StaticComponentContainer - (StaticComponentContainer.java:403) - Closing FileSystemHelper
2026-02-02 14:24:13,655 [Burningwave - Resource releaser] INFO  o.b.c.a.StaticComponentContainer - (StaticComponentContainer.java:409) - ... Waiting for all tasks ending before shutting down the BackgroundExecutor
2026-02-02 14:24:13,655 [Burningwave - Resource releaser] INFO  o.b.c.a.StaticComponentContainer - (StaticComponentContainer.java:414) - Shutting down BackgroundExecutor
2026-02-02 14:24:13,656 [Burningwave - Resource releaser] INFO  o.b.c.a.StaticComponentContainer - (StaticComponentContainer.java:420) - Stopping all threads monitoring thread
2026-02-02 14:24:13,656 [Burningwave - Resource releaser] INFO  o.b.c.a.StaticComponentContainer - (StaticComponentContainer.java:425) - Closing ThreadHolder
2026-02-02 14:24:13,657 [Burningwave - Resource releaser] INFO  o.b.c.a.StaticComponentContainer - (StaticComponentContainer.java:430) - Shutting down ThreadSupplier
2026-02-03 09:12:10,486 [main] INFO  o.b.c.a.StaticComponentContainer - (StaticComponentContainer.java:368) - Instantiated org.burningwave.core.SLF4JManagedLoggerRepository
2026-02-03 09:12:10,488 [main] INFO  o.b.c.a.StaticComponentContainer - (StaticComponentContainer.java:369) - 

	Configuration values for static components:

		background-executor.all-tasks-monitoring.enabled=\
			true
		background-executor.all-tasks-monitoring.interval=\
			30000
		background-executor.all-tasks-monitoring.logger.enabled=\
			false
		background-executor.all-tasks-monitoring.minimum-elapsed-time-to-consider-a-task-as-probable-dead-locked=\
			300000
		background-executor.all-tasks-monitoring.probable-dead-locked-tasks-handling.policy=\
			log only
		background-executor.queued-task-executor[0].name=\
			Low priority tasks
		background-executor.queued-task-executor[0].priority=\
			1
		background-executor.queued-task-executor[1].name=\
			Normal priority tasks
		background-executor.queued-task-executor[1].priority=\
			5
		background-executor.queued-task-executor[2].name=\
			High priority tasks
		background-executor.queued-task-executor[2].priority=\
			10
		background-executor.task-creation-tracking.enabled=\
			${background-executor.all-tasks-monitoring.enabled}
		banner.additonal-informations=\
			${Bundle-Vendor} ${Bundle-Name} ${Bundle-Version}
		banner.additonal-informations.retrieve-from-manifest-file-of=\
			Burningwave Core
		banner.file=\
			org/burningwave/banner.bwb
		banner.hide=\
			true
		buffer-handler.default-allocation-mode=\
			ByteBuffer::allocateDirect
		buffer-handler.default-buffer-size=\
			1024
		group-name-for-named-elements=\
			Burningwave
		iterable-object-helper.default-values-separator=\
			;
		iterable-object-helper.parallel-iteration.applicability.default-minimum-collection-size=\
			2
		iterable-object-helper.parallel-iteration.applicability.max-runtime-thread-count-threshold=\
			autodetect
		iterable-object-helper.parallel-iteration.applicability.output-collection-enabled-types=\
			java.util.concurrent.ConcurrentHashMap$CollectionView;\
			java.util.Collections$SynchronizedCollection;\
			java.util.concurrent.CopyOnWriteArrayList;\
			java.util.concurrent.CopyOnWriteArraySet;\
			java.util.concurrent.BlockingQueue;\
			java.util.concurrent.ConcurrentSkipListSet;\
			java.util.concurrent.ConcurrentSkipListMap$EntrySet;\
			java.util.concurrent.ConcurrentSkipListMap$KeySet;\
			java.util.concurrent.ConcurrentSkipListMap$Values;
		jvm.driver.init=\
			false
		managed-logger.repository=\
			autodetect
		managed-logger.repository.enabled=\
			true
		managed-logger.repository.logging.warn.disabled-for=\
			org.burningwave.core.assembler.ComponentContainer$ClassLoader;\
			org.burningwave.core.classes.MemoryClassLoader;\
			org.burningwave.core.classes.PathScannerClassLoader;
		modules.export-all-to-all=\
			true
		resource-releaser.enabled=\
			true
		synchronizer.all-threads-monitoring.enabled=\
			false
		synchronizer.all-threads-monitoring.interval=\
			90000
		thread-supplier.default-daemon-flag-value=\
			true
		thread-supplier.default-thread-priority=\
			5
		thread-supplier.max-detached-thread-count=\
			${thread-supplier.max-poolable-thread-count}
		thread-supplier.max-detached-thread-count.elapsed-time-threshold-from-last-increase-for-gradual-decreasing-to-initial-value=\
			30000
		thread-supplier.max-detached-thread-count.increasing-step=\
			autodetect
		thread-supplier.max-poolable-thread-count=\
			autodetect
		thread-supplier.poolable-thread-request-timeout=\
			6000


2026-02-03 09:12:10,491 [main] INFO  o.b.core.jvm.BufferHandler - (BufferHandler.java:127) - default buffer size: 1024 bytes
2026-02-03 09:12:10,492 [main] INFO  o.b.core.jvm.BufferHandler - (BufferHandler.java:141) - default allocation mode: ByteBuffer::allocateDirect
2026-02-03 09:12:10,494 [main] INFO  org.burningwave.core.Cache - (Cache.java:76) - Building cache
2026-02-03 09:12:10,511 [main] INFO  o.b.c.a.StaticComponentContainer - (StaticComponentContainer.java:443) - org.burningwave.core.assembler.StaticComponentContainer initialized in 0.0855101 seconds
2026-02-03 09:12:12,818 [Worker-6: Loading available Gradle versions] INFO  o.e.b.c.i.u.g.PublishedGradleVersions - Gradle version information cache is out-of-date. Trying to update.
2026-02-03 11:22:32,966 [main] INFO  o.b.c.a.StaticComponentContainer - (StaticComponentContainer.java:368) - Instantiated org.burningwave.core.SLF4JManagedLoggerRepository
2026-02-03 11:22:32,969 [main] INFO  o.b.c.a.StaticComponentContainer - (StaticComponentContainer.java:369) - 

	Configuration values for static components:

		background-executor.all-tasks-monitoring.enabled=\
			true
		background-executor.all-tasks-monitoring.interval=\
			30000
		background-executor.all-tasks-monitoring.logger.enabled=\
			false
		background-executor.all-tasks-monitoring.minimum-elapsed-time-to-consider-a-task-as-probable-dead-locked=\
			300000
		background-executor.all-tasks-monitoring.probable-dead-locked-tasks-handling.policy=\
			log only
		background-executor.queued-task-executor[0].name=\
			Low priority tasks
		background-executor.queued-task-executor[0].priority=\
			1
		background-executor.queued-task-executor[1].name=\
			Normal priority tasks
		background-executor.queued-task-executor[1].priority=\
			5
		background-executor.queued-task-executor[2].name=\
			High priority tasks
		background-executor.queued-task-executor[2].priority=\
			10
		background-executor.task-creation-tracking.enabled=\
			${background-executor.all-tasks-monitoring.enabled}
		banner.additonal-informations=\
			${Bundle-Vendor} ${Bundle-Name} ${Bundle-Version}
		banner.additonal-informations.retrieve-from-manifest-file-of=\
			Burningwave Core
		banner.file=\
			org/burningwave/banner.bwb
		banner.hide=\
			true
		buffer-handler.default-allocation-mode=\
			ByteBuffer::allocateDirect
		buffer-handler.default-buffer-size=\
			1024
		group-name-for-named-elements=\
			Burningwave
		iterable-object-helper.default-values-separator=\
			;
		iterable-object-helper.parallel-iteration.applicability.default-minimum-collection-size=\
			2
		iterable-object-helper.parallel-iteration.applicability.max-runtime-thread-count-threshold=\
			autodetect
		iterable-object-helper.parallel-iteration.applicability.output-collection-enabled-types=\
			java.util.concurrent.ConcurrentHashMap$CollectionView;\
			java.util.Collections$SynchronizedCollection;\
			java.util.concurrent.CopyOnWriteArrayList;\
			java.util.concurrent.CopyOnWriteArraySet;\
			java.util.concurrent.BlockingQueue;\
			java.util.concurrent.ConcurrentSkipListSet;\
			java.util.concurrent.ConcurrentSkipListMap$EntrySet;\
			java.util.concurrent.ConcurrentSkipListMap$KeySet;\
			java.util.concurrent.ConcurrentSkipListMap$Values;
		jvm.driver.init=\
			false
		managed-logger.repository=\
			autodetect
		managed-logger.repository.enabled=\
			true
		managed-logger.repository.logging.warn.disabled-for=\
			org.burningwave.core.assembler.ComponentContainer$ClassLoader;\
			org.burningwave.core.classes.MemoryClassLoader;\
			org.burningwave.core.classes.PathScannerClassLoader;
		modules.export-all-to-all=\
			true
		resource-releaser.enabled=\
			true
		synchronizer.all-threads-monitoring.enabled=\
			false
		synchronizer.all-threads-monitoring.interval=\
			90000
		thread-supplier.default-daemon-flag-value=\
			true
		thread-supplier.default-thread-priority=\
			5
		thread-supplier.max-detached-thread-count=\
			${thread-supplier.max-poolable-thread-count}
		thread-supplier.max-detached-thread-count.elapsed-time-threshold-from-last-increase-for-gradual-decreasing-to-initial-value=\
			30000
		thread-supplier.max-detached-thread-count.increasing-step=\
			autodetect
		thread-supplier.max-poolable-thread-count=\
			autodetect
		thread-supplier.poolable-thread-request-timeout=\
			6000


2026-02-03 11:22:32,972 [main] INFO  o.b.core.jvm.BufferHandler - (BufferHandler.java:127) - default buffer size: 1024 bytes
2026-02-03 11:22:32,972 [main] INFO  o.b.core.jvm.BufferHandler - (BufferHandler.java:141) - default allocation mode: ByteBuffer::allocateDirect
2026-02-03 11:22:32,975 [main] INFO  org.burningwave.core.Cache - (Cache.java:76) - Building cache
2026-02-03 11:22:32,997 [main] INFO  o.b.c.a.StaticComponentContainer - (StaticComponentContainer.java:443) - org.burningwave.core.assembler.StaticComponentContainer initialized in 0.1499441 seconds
2026-02-03 11:22:36,328 [Worker-6: Loading available Gradle versions] INFO  o.e.b.c.i.u.g.PublishedGradleVersions - Gradle version information cache is up-to-date. Trying to read.
2026-02-03 14:27:37,290 [Burningwave - Resource releaser] INFO  o.b.c.a.StaticComponentContainer - (StaticComponentContainer.java:391) - ... Waiting for all tasks ending
2026-02-03 14:27:37,295 [Burningwave - Resource releaser] INFO  o.b.c.a.StaticComponentContainer - (StaticComponentContainer.java:397) - Closing all component containers
2026-02-03 14:27:37,299 [Burningwave - Resource releaser] INFO  o.b.c.a.StaticComponentContainer - (StaticComponentContainer.java:403) - Closing FileSystemHelper
2026-02-03 14:27:37,300 [Burningwave - Resource releaser] INFO  o.b.c.a.StaticComponentContainer - (StaticComponentContainer.java:409) - ... Waiting for all tasks ending before shutting down the BackgroundExecutor
2026-02-03 14:27:37,301 [Burningwave - Resource releaser] INFO  o.b.c.a.StaticComponentContainer - (StaticComponentContainer.java:414) - Shutting down BackgroundExecutor
2026-02-03 14:27:37,301 [Burningwave - Resource releaser] INFO  o.b.c.a.StaticComponentContainer - (StaticComponentContainer.java:420) - Stopping all threads monitoring thread
2026-02-03 14:27:37,302 [Burningwave - Resource releaser] INFO  o.b.c.a.StaticComponentContainer - (StaticComponentContainer.java:425) - Closing ThreadHolder
2026-02-03 14:27:37,302 [Burningwave - Resource releaser] INFO  o.b.c.a.StaticComponentContainer - (StaticComponentContainer.java:430) - Shutting down ThreadSupplier
2026-02-04 12:05:57,314 [main] INFO  o.b.c.a.StaticComponentContainer - (StaticComponentContainer.java:368) - Instantiated org.burningwave.core.SLF4JManagedLoggerRepository
2026-02-04 12:05:57,316 [main] INFO  o.b.c.a.StaticComponentContainer - (StaticComponentContainer.java:369) - 

	Configuration values for static components:

		background-executor.all-tasks-monitoring.enabled=\
			true
		background-executor.all-tasks-monitoring.interval=\
			30000
		background-executor.all-tasks-monitoring.logger.enabled=\
			false
		background-executor.all-tasks-monitoring.minimum-elapsed-time-to-consider-a-task-as-probable-dead-locked=\
			300000
		background-executor.all-tasks-monitoring.probable-dead-locked-tasks-handling.policy=\
			log only
		background-executor.queued-task-executor[0].name=\
			Low priority tasks
		background-executor.queued-task-executor[0].priority=\
			1
		background-executor.queued-task-executor[1].name=\
			Normal priority tasks
		background-executor.queued-task-executor[1].priority=\
			5
		background-executor.queued-task-executor[2].name=\
			High priority tasks
		background-executor.queued-task-executor[2].priority=\
			10
		background-executor.task-creation-tracking.enabled=\
			${background-executor.all-tasks-monitoring.enabled}
		banner.additonal-informations=\
			${Bundle-Vendor} ${Bundle-Name} ${Bundle-Version}
		banner.additonal-informations.retrieve-from-manifest-file-of=\
			Burningwave Core
		banner.file=\
			org/burningwave/banner.bwb
		banner.hide=\
			true
		buffer-handler.default-allocation-mode=\
			ByteBuffer::allocateDirect
		buffer-handler.default-buffer-size=\
			1024
		group-name-for-named-elements=\
			Burningwave
		iterable-object-helper.default-values-separator=\
			;
		iterable-object-helper.parallel-iteration.applicability.default-minimum-collection-size=\
			2
		iterable-object-helper.parallel-iteration.applicability.max-runtime-thread-count-threshold=\
			autodetect
		iterable-object-helper.parallel-iteration.applicability.output-collection-enabled-types=\
			java.util.concurrent.ConcurrentHashMap$CollectionView;\
			java.util.Collections$SynchronizedCollection;\
			java.util.concurrent.CopyOnWriteArrayList;\
			java.util.concurrent.CopyOnWriteArraySet;\
			java.util.concurrent.BlockingQueue;\
			java.util.concurrent.ConcurrentSkipListSet;\
			java.util.concurrent.ConcurrentSkipListMap$EntrySet;\
			java.util.concurrent.ConcurrentSkipListMap$KeySet;\
			java.util.concurrent.ConcurrentSkipListMap$Values;
		jvm.driver.init=\
			false
		managed-logger.repository=\
			autodetect
		managed-logger.repository.enabled=\
			true
		managed-logger.repository.logging.warn.disabled-for=\
			org.burningwave.core.assembler.ComponentContainer$ClassLoader;\
			org.burningwave.core.classes.MemoryClassLoader;\
			org.burningwave.core.classes.PathScannerClassLoader;
		modules.export-all-to-all=\
			true
		resource-releaser.enabled=\
			true
		synchronizer.all-threads-monitoring.enabled=\
			false
		synchronizer.all-threads-monitoring.interval=\
			90000
		thread-supplier.default-daemon-flag-value=\
			true
		thread-supplier.default-thread-priority=\
			5
		thread-supplier.max-detached-thread-count=\
			${thread-supplier.max-poolable-thread-count}
		thread-supplier.max-detached-thread-count.elapsed-time-threshold-from-last-increase-for-gradual-decreasing-to-initial-value=\
			30000
		thread-supplier.max-detached-thread-count.increasing-step=\
			autodetect
		thread-supplier.max-poolable-thread-count=\
			autodetect
		thread-supplier.poolable-thread-request-timeout=\
			6000


2026-02-04 12:05:57,318 [main] INFO  o.b.core.jvm.BufferHandler - (BufferHandler.java:127) - default buffer size: 1024 bytes
2026-02-04 12:05:57,319 [main] INFO  o.b.core.jvm.BufferHandler - (BufferHandler.java:141) - default allocation mode: ByteBuffer::allocateDirect
2026-02-04 12:05:57,321 [main] INFO  org.burningwave.core.Cache - (Cache.java:76) - Building cache
2026-02-04 12:05:57,337 [main] INFO  o.b.c.a.StaticComponentContainer - (StaticComponentContainer.java:443) - org.burningwave.core.assembler.StaticComponentContainer initialized in 0.0825386 seconds
2026-02-04 12:05:59,753 [Worker-6: Loading available Gradle versions] INFO  o.e.b.c.i.u.g.PublishedGradleVersions - Gradle version information cache is out-of-date. Trying to update.
2026-02-04 13:30:17,857 [Burningwave - Resource releaser] INFO  o.b.c.a.StaticComponentContainer - (StaticComponentContainer.java:391) - ... Waiting for all tasks ending
2026-02-04 13:30:17,863 [Burningwave - Resource releaser] INFO  o.b.c.a.StaticComponentContainer - (StaticComponentContainer.java:397) - Closing all component containers
2026-02-04 13:30:17,866 [Burningwave - Resource releaser] INFO  o.b.c.a.StaticComponentContainer - (StaticComponentContainer.java:403) - Closing FileSystemHelper
2026-02-04 13:30:17,868 [Burningwave - Resource releaser] INFO  o.b.c.a.StaticComponentContainer - (StaticComponentContainer.java:409) - ... Waiting for all tasks ending before shutting down the BackgroundExecutor
2026-02-04 13:30:17,868 [Burningwave - Resource releaser] INFO  o.b.c.a.StaticComponentContainer - (StaticComponentContainer.java:414) - Shutting down BackgroundExecutor
2026-02-04 13:30:17,870 [Burningwave - Resource releaser] INFO  o.b.c.a.StaticComponentContainer - (StaticComponentContainer.java:420) - Stopping all threads monitoring thread
2026-02-04 13:30:17,871 [Burningwave - Resource releaser] INFO  o.b.c.a.StaticComponentContainer - (StaticComponentContainer.java:425) - Closing ThreadHolder
2026-02-04 13:30:17,872 [Burningwave - Resource releaser] INFO  o.b.c.a.StaticComponentContainer - (StaticComponentContainer.java:430) - Shutting down ThreadSupplier
2026-02-05 09:04:52,649 [main] INFO  o.b.c.a.StaticComponentContainer - (StaticComponentContainer.java:368) - Instantiated org.burningwave.core.SLF4JManagedLoggerRepository
2026-02-05 09:04:52,653 [main] INFO  o.b.c.a.StaticComponentContainer - (StaticComponentContainer.java:369) - 

	Configuration values for static components:

		background-executor.all-tasks-monitoring.enabled=\
			true
		background-executor.all-tasks-monitoring.interval=\
			30000
		background-executor.all-tasks-monitoring.logger.enabled=\
			false
		background-executor.all-tasks-monitoring.minimum-elapsed-time-to-consider-a-task-as-probable-dead-locked=\
			300000
		background-executor.all-tasks-monitoring.probable-dead-locked-tasks-handling.policy=\
			log only
		background-executor.queued-task-executor[0].name=\
			Low priority tasks
		background-executor.queued-task-executor[0].priority=\
			1
		background-executor.queued-task-executor[1].name=\
			Normal priority tasks
		background-executor.queued-task-executor[1].priority=\
			5
		background-executor.queued-task-executor[2].name=\
			High priority tasks
		background-executor.queued-task-executor[2].priority=\
			10
		background-executor.task-creation-tracking.enabled=\
			${background-executor.all-tasks-monitoring.enabled}
		banner.additonal-informations=\
			${Bundle-Vendor} ${Bundle-Name} ${Bundle-Version}
		banner.additonal-informations.retrieve-from-manifest-file-of=\
			Burningwave Core
		banner.file=\
			org/burningwave/banner.bwb
		banner.hide=\
			true
		buffer-handler.default-allocation-mode=\
			ByteBuffer::allocateDirect
		buffer-handler.default-buffer-size=\
			1024
		group-name-for-named-elements=\
			Burningwave
		iterable-object-helper.default-values-separator=\
			;
		iterable-object-helper.parallel-iteration.applicability.default-minimum-collection-size=\
			2
		iterable-object-helper.parallel-iteration.applicability.max-runtime-thread-count-threshold=\
			autodetect
		iterable-object-helper.parallel-iteration.applicability.output-collection-enabled-types=\
			java.util.concurrent.ConcurrentHashMap$CollectionView;\
			java.util.Collections$SynchronizedCollection;\
			java.util.concurrent.CopyOnWriteArrayList;\
			java.util.concurrent.CopyOnWriteArraySet;\
			java.util.concurrent.BlockingQueue;\
			java.util.concurrent.ConcurrentSkipListSet;\
			java.util.concurrent.ConcurrentSkipListMap$EntrySet;\
			java.util.concurrent.ConcurrentSkipListMap$KeySet;\
			java.util.concurrent.ConcurrentSkipListMap$Values;
		jvm.driver.init=\
			false
		managed-logger.repository=\
			autodetect
		managed-logger.repository.enabled=\
			true
		managed-logger.repository.logging.warn.disabled-for=\
			org.burningwave.core.assembler.ComponentContainer$ClassLoader;\
			org.burningwave.core.classes.MemoryClassLoader;\
			org.burningwave.core.classes.PathScannerClassLoader;
		modules.export-all-to-all=\
			true
		resource-releaser.enabled=\
			true
		synchronizer.all-threads-monitoring.enabled=\
			false
		synchronizer.all-threads-monitoring.interval=\
			90000
		thread-supplier.default-daemon-flag-value=\
			true
		thread-supplier.default-thread-priority=\
			5
		thread-supplier.max-detached-thread-count=\
			${thread-supplier.max-poolable-thread-count}
		thread-supplier.max-detached-thread-count.elapsed-time-threshold-from-last-increase-for-gradual-decreasing-to-initial-value=\
			30000
		thread-supplier.max-detached-thread-count.increasing-step=\
			autodetect
		thread-supplier.max-poolable-thread-count=\
			autodetect
		thread-supplier.poolable-thread-request-timeout=\
			6000


2026-02-05 09:04:52,655 [main] INFO  o.b.core.jvm.BufferHandler - (BufferHandler.java:127) - default buffer size: 1024 bytes
2026-02-05 09:04:52,656 [main] INFO  o.b.core.jvm.BufferHandler - (BufferHandler.java:141) - default allocation mode: ByteBuffer::allocateDirect
2026-02-05 09:04:52,659 [main] INFO  org.burningwave.core.Cache - (Cache.java:76) - Building cache
2026-02-05 09:04:52,681 [main] INFO  o.b.c.a.StaticComponentContainer - (StaticComponentContainer.java:443) - org.burningwave.core.assembler.StaticComponentContainer initialized in 0.1007746 seconds
2026-02-05 09:04:54,033 [Worker-6: Loading available Gradle versions] INFO  o.e.b.c.i.u.g.PublishedGradleVersions - Gradle version information cache is up-to-date. Trying to read.
2026-02-05 09:12:03,388 [Burningwave - Resource releaser] INFO  o.b.c.a.StaticComponentContainer - (StaticComponentContainer.java:391) - ... Waiting for all tasks ending
2026-02-05 09:12:03,392 [Burningwave - Resource releaser] INFO  o.b.c.a.StaticComponentContainer - (StaticComponentContainer.java:397) - Closing all component containers
2026-02-05 09:12:03,394 [Burningwave - Resource releaser] INFO  o.b.c.a.StaticComponentContainer - (StaticComponentContainer.java:403) - Closing FileSystemHelper
2026-02-05 09:12:03,395 [Burningwave - Resource releaser] INFO  o.b.c.a.StaticComponentContainer - (StaticComponentContainer.java:409) - ... Waiting for all tasks ending before shutting down the BackgroundExecutor
2026-02-05 09:12:03,396 [Burningwave - Resource releaser] INFO  o.b.c.a.StaticComponentContainer - (StaticComponentContainer.java:414) - Shutting down BackgroundExecutor
2026-02-05 09:12:03,397 [Burningwave - Resource releaser] INFO  o.b.c.a.StaticComponentContainer - (StaticComponentContainer.java:420) - Stopping all threads monitoring thread
2026-02-05 09:12:03,397 [Burningwave - Resource releaser] INFO  o.b.c.a.StaticComponentContainer - (StaticComponentContainer.java:425) - Closing ThreadHolder
2026-02-05 09:12:03,398 [Burningwave - Resource releaser] INFO  o.b.c.a.StaticComponentContainer - (StaticComponentContainer.java:430) - Shutting down ThreadSupplier
2026-02-05 11:33:58,320 [main] INFO  o.b.c.a.StaticComponentContainer - (StaticComponentContainer.java:368) - Instantiated org.burningwave.core.SLF4JManagedLoggerRepository
2026-02-05 11:33:58,323 [main] INFO  o.b.c.a.StaticComponentContainer - (StaticComponentContainer.java:369) - 

	Configuration values for static components:

		background-executor.all-tasks-monitoring.enabled=\
			true
		background-executor.all-tasks-monitoring.interval=\
			30000
		background-executor.all-tasks-monitoring.logger.enabled=\
			false
		background-executor.all-tasks-monitoring.minimum-elapsed-time-to-consider-a-task-as-probable-dead-locked=\
			300000
		background-executor.all-tasks-monitoring.probable-dead-locked-tasks-handling.policy=\
			log only
		background-executor.queued-task-executor[0].name=\
			Low priority tasks
		background-executor.queued-task-executor[0].priority=\
			1
		background-executor.queued-task-executor[1].name=\
			Normal priority tasks
		background-executor.queued-task-executor[1].priority=\
			5
		background-executor.queued-task-executor[2].name=\
			High priority tasks
		background-executor.queued-task-executor[2].priority=\
			10
		background-executor.task-creation-tracking.enabled=\
			${background-executor.all-tasks-monitoring.enabled}
		banner.additonal-informations=\
			${Bundle-Vendor} ${Bundle-Name} ${Bundle-Version}
		banner.additonal-informations.retrieve-from-manifest-file-of=\
			Burningwave Core
		banner.file=\
			org/burningwave/banner.bwb
		banner.hide=\
			true
		buffer-handler.default-allocation-mode=\
			ByteBuffer::allocateDirect
		buffer-handler.default-buffer-size=\
			1024
		group-name-for-named-elements=\
			Burningwave
		iterable-object-helper.default-values-separator=\
			;
		iterable-object-helper.parallel-iteration.applicability.default-minimum-collection-size=\
			2
		iterable-object-helper.parallel-iteration.applicability.max-runtime-thread-count-threshold=\
			autodetect
		iterable-object-helper.parallel-iteration.applicability.output-collection-enabled-types=\
			java.util.concurrent.ConcurrentHashMap$CollectionView;\
			java.util.Collections$SynchronizedCollection;\
			java.util.concurrent.CopyOnWriteArrayList;\
			java.util.concurrent.CopyOnWriteArraySet;\
			java.util.concurrent.BlockingQueue;\
			java.util.concurrent.ConcurrentSkipListSet;\
			java.util.concurrent.ConcurrentSkipListMap$EntrySet;\
			java.util.concurrent.ConcurrentSkipListMap$KeySet;\
			java.util.concurrent.ConcurrentSkipListMap$Values;
		jvm.driver.init=\
			false
		managed-logger.repository=\
			autodetect
		managed-logger.repository.enabled=\
			true
		managed-logger.repository.logging.warn.disabled-for=\
			org.burningwave.core.assembler.ComponentContainer$ClassLoader;\
			org.burningwave.core.classes.MemoryClassLoader;\
			org.burningwave.core.classes.PathScannerClassLoader;
		modules.export-all-to-all=\
			true
		resource-releaser.enabled=\
			true
		synchronizer.all-threads-monitoring.enabled=\
			false
		synchronizer.all-threads-monitoring.interval=\
			90000
		thread-supplier.default-daemon-flag-value=\
			true
		thread-supplier.default-thread-priority=\
			5
		thread-supplier.max-detached-thread-count=\
			${thread-supplier.max-poolable-thread-count}
		thread-supplier.max-detached-thread-count.elapsed-time-threshold-from-last-increase-for-gradual-decreasing-to-initial-value=\
			30000
		thread-supplier.max-detached-thread-count.increasing-step=\
			autodetect
		thread-supplier.max-poolable-thread-count=\
			autodetect
		thread-supplier.poolable-thread-request-timeout=\
			6000


2026-02-05 11:33:58,325 [main] INFO  o.b.core.jvm.BufferHandler - (BufferHandler.java:127) - default buffer size: 1024 bytes
2026-02-05 11:33:58,326 [main] INFO  o.b.core.jvm.BufferHandler - (BufferHandler.java:141) - default allocation mode: ByteBuffer::allocateDirect
2026-02-05 11:33:58,329 [main] INFO  org.burningwave.core.Cache - (Cache.java:76) - Building cache
2026-02-05 11:33:58,352 [main] INFO  o.b.c.a.StaticComponentContainer - (StaticComponentContainer.java:443) - org.burningwave.core.assembler.StaticComponentContainer initialized in 0.1040129 seconds
2026-02-05 11:33:59,554 [Worker-6: Loading available Gradle versions] INFO  o.e.b.c.i.u.g.PublishedGradleVersions - Gradle version information cache is up-to-date. Trying to read.
2026-02-05 14:24:29,195 [Burningwave - Resource releaser] INFO  o.b.c.a.StaticComponentContainer - (StaticComponentContainer.java:391) - ... Waiting for all tasks ending
2026-02-05 14:24:29,196 [Burningwave - Resource releaser] INFO  o.b.c.a.StaticComponentContainer - (StaticComponentContainer.java:397) - Closing all component containers
2026-02-05 14:24:29,198 [Burningwave - Resource releaser] INFO  o.b.c.a.StaticComponentContainer - (StaticComponentContainer.java:403) - Closing FileSystemHelper
2026-02-05 14:24:29,200 [Burningwave - Resource releaser] INFO  o.b.c.a.StaticComponentContainer - (StaticComponentContainer.java:409) - ... Waiting for all tasks ending before shutting down the BackgroundExecutor
2026-02-05 14:24:29,200 [Burningwave - Resource releaser] INFO  o.b.c.a.StaticComponentContainer - (StaticComponentContainer.java:414) - Shutting down BackgroundExecutor
2026-02-05 14:24:29,201 [Burningwave - Resource releaser] INFO  o.b.c.a.StaticComponentContainer - (StaticComponentContainer.java:420) - Stopping all threads monitoring thread
2026-02-05 14:24:29,202 [Burningwave - Resource releaser] INFO  o.b.c.a.StaticComponentContainer - (StaticComponentContainer.java:425) - Closing ThreadHolder
2026-02-05 14:24:29,203 [Burningwave - Resource releaser] INFO  o.b.c.a.StaticComponentContainer - (StaticComponentContainer.java:430) - Shutting down ThreadSupplier
2026-02-06 07:59:37,947 [main] INFO  o.b.c.a.StaticComponentContainer - (StaticComponentContainer.java:368) - Instantiated org.burningwave.core.SLF4JManagedLoggerRepository
2026-02-06 07:59:37,949 [main] INFO  o.b.c.a.StaticComponentContainer - (StaticComponentContainer.java:369) - 

	Configuration values for static components:

		background-executor.all-tasks-monitoring.enabled=\
			true
		background-executor.all-tasks-monitoring.interval=\
			30000
		background-executor.all-tasks-monitoring.logger.enabled=\
			false
		background-executor.all-tasks-monitoring.minimum-elapsed-time-to-consider-a-task-as-probable-dead-locked=\
			300000
		background-executor.all-tasks-monitoring.probable-dead-locked-tasks-handling.policy=\
			log only
		background-executor.queued-task-executor[0].name=\
			Low priority tasks
		background-executor.queued-task-executor[0].priority=\
			1
		background-executor.queued-task-executor[1].name=\
			Normal priority tasks
		background-executor.queued-task-executor[1].priority=\
			5
		background-executor.queued-task-executor[2].name=\
			High priority tasks
		background-executor.queued-task-executor[2].priority=\
			10
		background-executor.task-creation-tracking.enabled=\
			${background-executor.all-tasks-monitoring.enabled}
		banner.additonal-informations=\
			${Bundle-Vendor} ${Bundle-Name} ${Bundle-Version}
		banner.additonal-informations.retrieve-from-manifest-file-of=\
			Burningwave Core
		banner.file=\
			org/burningwave/banner.bwb
		banner.hide=\
			true
		buffer-handler.default-allocation-mode=\
			ByteBuffer::allocateDirect
		buffer-handler.default-buffer-size=\
			1024
		group-name-for-named-elements=\
			Burningwave
		iterable-object-helper.default-values-separator=\
			;
		iterable-object-helper.parallel-iteration.applicability.default-minimum-collection-size=\
			2
		iterable-object-helper.parallel-iteration.applicability.max-runtime-thread-count-threshold=\
			autodetect
		iterable-object-helper.parallel-iteration.applicability.output-collection-enabled-types=\
			java.util.concurrent.ConcurrentHashMap$CollectionView;\
			java.util.Collections$SynchronizedCollection;\
			java.util.concurrent.CopyOnWriteArrayList;\
			java.util.concurrent.CopyOnWriteArraySet;\
			java.util.concurrent.BlockingQueue;\
			java.util.concurrent.ConcurrentSkipListSet;\
			java.util.concurrent.ConcurrentSkipListMap$EntrySet;\
			java.util.concurrent.ConcurrentSkipListMap$KeySet;\
			java.util.concurrent.ConcurrentSkipListMap$Values;
		jvm.driver.init=\
			false
		managed-logger.repository=\
			autodetect
		managed-logger.repository.enabled=\
			true
		managed-logger.repository.logging.warn.disabled-for=\
			org.burningwave.core.assembler.ComponentContainer$ClassLoader;\
			org.burningwave.core.classes.MemoryClassLoader;\
			org.burningwave.core.classes.PathScannerClassLoader;
		modules.export-all-to-all=\
			true
		resource-releaser.enabled=\
			true
		synchronizer.all-threads-monitoring.enabled=\
			false
		synchronizer.all-threads-monitoring.interval=\
			90000
		thread-supplier.default-daemon-flag-value=\
			true
		thread-supplier.default-thread-priority=\
			5
		thread-supplier.max-detached-thread-count=\
			${thread-supplier.max-poolable-thread-count}
		thread-supplier.max-detached-thread-count.elapsed-time-threshold-from-last-increase-for-gradual-decreasing-to-initial-value=\
			30000
		thread-supplier.max-detached-thread-count.increasing-step=\
			autodetect
		thread-supplier.max-poolable-thread-count=\
			autodetect
		thread-supplier.poolable-thread-request-timeout=\
			6000


2026-02-06 07:59:37,952 [main] INFO  o.b.core.jvm.BufferHandler - (BufferHandler.java:127) - default buffer size: 1024 bytes
2026-02-06 07:59:37,954 [main] INFO  o.b.core.jvm.BufferHandler - (BufferHandler.java:141) - default allocation mode: ByteBuffer::allocateDirect
2026-02-06 07:59:37,957 [main] INFO  org.burningwave.core.Cache - (Cache.java:76) - Building cache
2026-02-06 07:59:37,975 [main] INFO  o.b.c.a.StaticComponentContainer - (StaticComponentContainer.java:443) - org.burningwave.core.assembler.StaticComponentContainer initialized in 0.1044451 seconds
2026-02-06 07:59:41,185 [Worker-1: Loading available Gradle versions] INFO  o.e.b.c.i.u.g.PublishedGradleVersions - Gradle version information cache is out-of-date. Trying to update.
2026-02-06 13:30:12,687 [Burningwave - Resource releaser] INFO  o.b.c.a.StaticComponentContainer - (StaticComponentContainer.java:391) - ... Waiting for all tasks ending
2026-02-06 13:30:12,688 [Burningwave - Resource releaser] INFO  o.b.c.a.StaticComponentContainer - (StaticComponentContainer.java:397) - Closing all component containers
2026-02-06 13:30:12,689 [Burningwave - Resource releaser] INFO  o.b.c.a.StaticComponentContainer - (StaticComponentContainer.java:403) - Closing FileSystemHelper
2026-02-06 13:30:12,690 [Burningwave - Resource releaser] INFO  o.b.c.a.StaticComponentContainer - (StaticComponentContainer.java:409) - ... Waiting for all tasks ending before shutting down the BackgroundExecutor
2026-02-06 13:30:12,691 [Burningwave - Resource releaser] INFO  o.b.c.a.StaticComponentContainer - (StaticComponentContainer.java:414) - Shutting down BackgroundExecutor
2026-02-06 13:30:12,691 [Burningwave - Resource releaser] INFO  o.b.c.a.StaticComponentContainer - (StaticComponentContainer.java:420) - Stopping all threads monitoring thread
2026-02-06 13:30:12,691 [Burningwave - Resource releaser] INFO  o.b.c.a.StaticComponentContainer - (StaticComponentContainer.java:425) - Closing ThreadHolder
2026-02-06 13:30:12,692 [Burningwave - Resource releaser] INFO  o.b.c.a.StaticComponentContainer - (StaticComponentContainer.java:430) - Shutting down ThreadSupplier
2026-02-09 09:03:25,110 [main] INFO  o.b.c.a.StaticComponentContainer - (StaticComponentContainer.java:368) - Instantiated org.burningwave.core.SLF4JManagedLoggerRepository
2026-02-09 09:03:25,110 [main] INFO  o.b.c.a.StaticComponentContainer - (StaticComponentContainer.java:369) - 

	Configuration values for static components:

		background-executor.all-tasks-monitoring.enabled=\
			true
		background-executor.all-tasks-monitoring.interval=\
			30000
		background-executor.all-tasks-monitoring.logger.enabled=\
			false
		background-executor.all-tasks-monitoring.minimum-elapsed-time-to-consider-a-task-as-probable-dead-locked=\
			300000
		background-executor.all-tasks-monitoring.probable-dead-locked-tasks-handling.policy=\
			log only
		background-executor.queued-task-executor[0].name=\
			Low priority tasks
		background-executor.queued-task-executor[0].priority=\
			1
		background-executor.queued-task-executor[1].name=\
			Normal priority tasks
		background-executor.queued-task-executor[1].priority=\
			5
		background-executor.queued-task-executor[2].name=\
			High priority tasks
		background-executor.queued-task-executor[2].priority=\
			10
		background-executor.task-creation-tracking.enabled=\
			${background-executor.all-tasks-monitoring.enabled}
		banner.additonal-informations=\
			${Bundle-Vendor} ${Bundle-Name} ${Bundle-Version}
		banner.additonal-informations.retrieve-from-manifest-file-of=\
			Burningwave Core
		banner.file=\
			org/burningwave/banner.bwb
		banner.hide=\
			true
		buffer-handler.default-allocation-mode=\
			ByteBuffer::allocateDirect
		buffer-handler.default-buffer-size=\
			1024
		group-name-for-named-elements=\
			Burningwave
		iterable-object-helper.default-values-separator=\
			;
		iterable-object-helper.parallel-iteration.applicability.default-minimum-collection-size=\
			2
		iterable-object-helper.parallel-iteration.applicability.max-runtime-thread-count-threshold=\
			autodetect
		iterable-object-helper.parallel-iteration.applicability.output-collection-enabled-types=\
			java.util.concurrent.ConcurrentHashMap$CollectionView;\
			java.util.Collections$SynchronizedCollection;\
			java.util.concurrent.CopyOnWriteArrayList;\
			java.util.concurrent.CopyOnWriteArraySet;\
			java.util.concurrent.BlockingQueue;\
			java.util.concurrent.ConcurrentSkipListSet;\
			java.util.concurrent.ConcurrentSkipListMap$EntrySet;\
			java.util.concurrent.ConcurrentSkipListMap$KeySet;\
			java.util.concurrent.ConcurrentSkipListMap$Values;
		jvm.driver.init=\
			false
		managed-logger.repository=\
			autodetect
		managed-logger.repository.enabled=\
			true
		managed-logger.repository.logging.warn.disabled-for=\
			org.burningwave.core.assembler.ComponentContainer$ClassLoader;\
			org.burningwave.core.classes.MemoryClassLoader;\
			org.burningwave.core.classes.PathScannerClassLoader;
		modules.export-all-to-all=\
			true
		resource-releaser.enabled=\
			true
		synchronizer.all-threads-monitoring.enabled=\
			false
		synchronizer.all-threads-monitoring.interval=\
			90000
		thread-supplier.default-daemon-flag-value=\
			true
		thread-supplier.default-thread-priority=\
			5
		thread-supplier.max-detached-thread-count=\
			${thread-supplier.max-poolable-thread-count}
		thread-supplier.max-detached-thread-count.elapsed-time-threshold-from-last-increase-for-gradual-decreasing-to-initial-value=\
			30000
		thread-supplier.max-detached-thread-count.increasing-step=\
			autodetect
		thread-supplier.max-poolable-thread-count=\
			autodetect
		thread-supplier.poolable-thread-request-timeout=\
			6000


2026-02-09 09:03:25,110 [main] INFO  o.b.core.jvm.BufferHandler - (BufferHandler.java:127) - default buffer size: 1024 bytes
2026-02-09 09:03:25,110 [main] INFO  o.b.core.jvm.BufferHandler - (BufferHandler.java:141) - default allocation mode: ByteBuffer::allocateDirect
2026-02-09 09:03:25,110 [main] INFO  org.burningwave.core.Cache - (Cache.java:76) - Building cache
2026-02-09 09:03:25,130 [main] INFO  o.b.c.a.StaticComponentContainer - (StaticComponentContainer.java:443) - org.burningwave.core.assembler.StaticComponentContainer initialized in 0.0877129 seconds
2026-02-09 09:03:27,927 [Worker-7: Loading available Gradle versions] INFO  o.e.b.c.i.u.g.PublishedGradleVersions - Gradle version information cache is out-of-date. Trying to update.
2026-02-09 09:26:46,940 [Burningwave - Resource releaser] INFO  o.b.c.a.StaticComponentContainer - (StaticComponentContainer.java:391) - ... Waiting for all tasks ending
2026-02-09 09:26:46,943 [Burningwave - Resource releaser] INFO  o.b.c.a.StaticComponentContainer - (StaticComponentContainer.java:397) - Closing all component containers
2026-02-09 09:26:46,944 [Burningwave - Resource releaser] INFO  o.b.c.a.StaticComponentContainer - (StaticComponentContainer.java:403) - Closing FileSystemHelper
2026-02-09 09:26:46,945 [Burningwave - Resource releaser] INFO  o.b.c.a.StaticComponentContainer - (StaticComponentContainer.java:409) - ... Waiting for all tasks ending before shutting down the BackgroundExecutor
2026-02-09 09:26:46,945 [Burningwave - Resource releaser] INFO  o.b.c.a.StaticComponentContainer - (StaticComponentContainer.java:414) - Shutting down BackgroundExecutor
2026-02-09 09:26:46,945 [Burningwave - Resource releaser] INFO  o.b.c.a.StaticComponentContainer - (StaticComponentContainer.java:420) - Stopping all threads monitoring thread
2026-02-09 09:26:46,946 [Burningwave - Resource releaser] INFO  o.b.c.a.StaticComponentContainer - (StaticComponentContainer.java:425) - Closing ThreadHolder
2026-02-09 09:26:46,946 [Burningwave - Resource releaser] INFO  o.b.c.a.StaticComponentContainer - (StaticComponentContainer.java:430) - Shutting down ThreadSupplier
2026-02-09 09:27:19,672 [main] INFO  o.b.c.a.StaticComponentContainer - (StaticComponentContainer.java:368) - Instantiated org.burningwave.core.SLF4JManagedLoggerRepository
2026-02-09 09:27:19,674 [main] INFO  o.b.c.a.StaticComponentContainer - (StaticComponentContainer.java:369) - 

	Configuration values for static components:

		background-executor.all-tasks-monitoring.enabled=\
			true
		background-executor.all-tasks-monitoring.interval=\
			30000
		background-executor.all-tasks-monitoring.logger.enabled=\
			false
		background-executor.all-tasks-monitoring.minimum-elapsed-time-to-consider-a-task-as-probable-dead-locked=\
			300000
		background-executor.all-tasks-monitoring.probable-dead-locked-tasks-handling.policy=\
			log only
		background-executor.queued-task-executor[0].name=\
			Low priority tasks
		background-executor.queued-task-executor[0].priority=\
			1
		background-executor.queued-task-executor[1].name=\
			Normal priority tasks
		background-executor.queued-task-executor[1].priority=\
			5
		background-executor.queued-task-executor[2].name=\
			High priority tasks
		background-executor.queued-task-executor[2].priority=\
			10
		background-executor.task-creation-tracking.enabled=\
			${background-executor.all-tasks-monitoring.enabled}
		banner.additonal-informations=\
			${Bundle-Vendor} ${Bundle-Name} ${Bundle-Version}
		banner.additonal-informations.retrieve-from-manifest-file-of=\
			Burningwave Core
		banner.file=\
			org/burningwave/banner.bwb
		banner.hide=\
			true
		buffer-handler.default-allocation-mode=\
			ByteBuffer::allocateDirect
		buffer-handler.default-buffer-size=\
			1024
		group-name-for-named-elements=\
			Burningwave
		iterable-object-helper.default-values-separator=\
			;
		iterable-object-helper.parallel-iteration.applicability.default-minimum-collection-size=\
			2
		iterable-object-helper.parallel-iteration.applicability.max-runtime-thread-count-threshold=\
			autodetect
		iterable-object-helper.parallel-iteration.applicability.output-collection-enabled-types=\
			java.util.concurrent.ConcurrentHashMap$CollectionView;\
			java.util.Collections$SynchronizedCollection;\
			java.util.concurrent.CopyOnWriteArrayList;\
			java.util.concurrent.CopyOnWriteArraySet;\
			java.util.concurrent.BlockingQueue;\
			java.util.concurrent.ConcurrentSkipListSet;\
			java.util.concurrent.ConcurrentSkipListMap$EntrySet;\
			java.util.concurrent.ConcurrentSkipListMap$KeySet;\
			java.util.concurrent.ConcurrentSkipListMap$Values;
		jvm.driver.init=\
			false
		managed-logger.repository=\
			autodetect
		managed-logger.repository.enabled=\
			true
		managed-logger.repository.logging.warn.disabled-for=\
			org.burningwave.core.assembler.ComponentContainer$ClassLoader;\
			org.burningwave.core.classes.MemoryClassLoader;\
			org.burningwave.core.classes.PathScannerClassLoader;
		modules.export-all-to-all=\
			true
		resource-releaser.enabled=\
			true
		synchronizer.all-threads-monitoring.enabled=\
			false
		synchronizer.all-threads-monitoring.interval=\
			90000
		thread-supplier.default-daemon-flag-value=\
			true
		thread-supplier.default-thread-priority=\
			5
		thread-supplier.max-detached-thread-count=\
			${thread-supplier.max-poolable-thread-count}
		thread-supplier.max-detached-thread-count.elapsed-time-threshold-from-last-increase-for-gradual-decreasing-to-initial-value=\
			30000
		thread-supplier.max-detached-thread-count.increasing-step=\
			autodetect
		thread-supplier.max-poolable-thread-count=\
			autodetect
		thread-supplier.poolable-thread-request-timeout=\
			6000


2026-02-09 09:27:19,675 [main] INFO  o.b.core.jvm.BufferHandler - (BufferHandler.java:127) - default buffer size: 1024 bytes
2026-02-09 09:27:19,676 [main] INFO  o.b.core.jvm.BufferHandler - (BufferHandler.java:141) - default allocation mode: ByteBuffer::allocateDirect
2026-02-09 09:27:19,678 [main] INFO  org.burningwave.core.Cache - (Cache.java:76) - Building cache
2026-02-09 09:27:19,694 [main] INFO  o.b.c.a.StaticComponentContainer - (StaticComponentContainer.java:443) - org.burningwave.core.assembler.StaticComponentContainer initialized in 0.0769133 seconds
2026-02-09 09:27:20,511 [Worker-6: Loading available Gradle versions] INFO  o.e.b.c.i.u.g.PublishedGradleVersions - Gradle version information cache is up-to-date. Trying to read.
2026-02-09 14:31:21,383 [Burningwave - Resource releaser] INFO  o.b.c.a.StaticComponentContainer - (StaticComponentContainer.java:391) - ... Waiting for all tasks ending
2026-02-09 14:31:21,385 [Burningwave - Resource releaser] INFO  o.b.c.a.StaticComponentContainer - (StaticComponentContainer.java:397) - Closing all component containers
2026-02-09 14:31:21,386 [Burningwave - Resource releaser] INFO  o.b.c.a.StaticComponentContainer - (StaticComponentContainer.java:403) - Closing FileSystemHelper
2026-02-09 14:31:21,388 [Burningwave - Resource releaser] INFO  o.b.c.a.StaticComponentContainer - (StaticComponentContainer.java:409) - ... Waiting for all tasks ending before shutting down the BackgroundExecutor
2026-02-09 14:31:21,388 [Burningwave - Resource releaser] INFO  o.b.c.a.StaticComponentContainer - (StaticComponentContainer.java:414) - Shutting down BackgroundExecutor
2026-02-09 14:31:21,390 [Burningwave - Resource releaser] INFO  o.b.c.a.StaticComponentContainer - (StaticComponentContainer.java:420) - Stopping all threads monitoring thread
2026-02-09 14:31:21,390 [Burningwave - Resource releaser] INFO  o.b.c.a.StaticComponentContainer - (StaticComponentContainer.java:425) - Closing ThreadHolder
2026-02-09 14:31:21,391 [Burningwave - Resource releaser] INFO  o.b.c.a.StaticComponentContainer - (StaticComponentContainer.java:430) - Shutting down ThreadSupplier
2026-02-10 08:58:38,499 [main] INFO  o.b.c.a.StaticComponentContainer - (StaticComponentContainer.java:368) - Instantiated org.burningwave.core.SLF4JManagedLoggerRepository
2026-02-10 08:58:38,502 [main] INFO  o.b.c.a.StaticComponentContainer - (StaticComponentContainer.java:369) - 

	Configuration values for static components:

		background-executor.all-tasks-monitoring.enabled=\
			true
		background-executor.all-tasks-monitoring.interval=\
			30000
		background-executor.all-tasks-monitoring.logger.enabled=\
			false
		background-executor.all-tasks-monitoring.minimum-elapsed-time-to-consider-a-task-as-probable-dead-locked=\
			300000
		background-executor.all-tasks-monitoring.probable-dead-locked-tasks-handling.policy=\
			log only
		background-executor.queued-task-executor[0].name=\
			Low priority tasks
		background-executor.queued-task-executor[0].priority=\
			1
		background-executor.queued-task-executor[1].name=\
			Normal priority tasks
		background-executor.queued-task-executor[1].priority=\
			5
		background-executor.queued-task-executor[2].name=\
			High priority tasks
		background-executor.queued-task-executor[2].priority=\
			10
		background-executor.task-creation-tracking.enabled=\
			${background-executor.all-tasks-monitoring.enabled}
		banner.additonal-informations=\
			${Bundle-Vendor} ${Bundle-Name} ${Bundle-Version}
		banner.additonal-informations.retrieve-from-manifest-file-of=\
			Burningwave Core
		banner.file=\
			org/burningwave/banner.bwb
		banner.hide=\
			true
		buffer-handler.default-allocation-mode=\
			ByteBuffer::allocateDirect
		buffer-handler.default-buffer-size=\
			1024
		group-name-for-named-elements=\
			Burningwave
		iterable-object-helper.default-values-separator=\
			;
		iterable-object-helper.parallel-iteration.applicability.default-minimum-collection-size=\
			2
		iterable-object-helper.parallel-iteration.applicability.max-runtime-thread-count-threshold=\
			autodetect
		iterable-object-helper.parallel-iteration.applicability.output-collection-enabled-types=\
			java.util.concurrent.ConcurrentHashMap$CollectionView;\
			java.util.Collections$SynchronizedCollection;\
			java.util.concurrent.CopyOnWriteArrayList;\
			java.util.concurrent.CopyOnWriteArraySet;\
			java.util.concurrent.BlockingQueue;\
			java.util.concurrent.ConcurrentSkipListSet;\
			java.util.concurrent.ConcurrentSkipListMap$EntrySet;\
			java.util.concurrent.ConcurrentSkipListMap$KeySet;\
			java.util.concurrent.ConcurrentSkipListMap$Values;
		jvm.driver.init=\
			false
		managed-logger.repository=\
			autodetect
		managed-logger.repository.enabled=\
			true
		managed-logger.repository.logging.warn.disabled-for=\
			org.burningwave.core.assembler.ComponentContainer$ClassLoader;\
			org.burningwave.core.classes.MemoryClassLoader;\
			org.burningwave.core.classes.PathScannerClassLoader;
		modules.export-all-to-all=\
			true
		resource-releaser.enabled=\
			true
		synchronizer.all-threads-monitoring.enabled=\
			false
		synchronizer.all-threads-monitoring.interval=\
			90000
		thread-supplier.default-daemon-flag-value=\
			true
		thread-supplier.default-thread-priority=\
			5
		thread-supplier.max-detached-thread-count=\
			${thread-supplier.max-poolable-thread-count}
		thread-supplier.max-detached-thread-count.elapsed-time-threshold-from-last-increase-for-gradual-decreasing-to-initial-value=\
			30000
		thread-supplier.max-detached-thread-count.increasing-step=\
			autodetect
		thread-supplier.max-poolable-thread-count=\
			autodetect
		thread-supplier.poolable-thread-request-timeout=\
			6000


2026-02-10 08:58:38,504 [main] INFO  o.b.core.jvm.BufferHandler - (BufferHandler.java:127) - default buffer size: 1024 bytes
2026-02-10 08:58:38,504 [main] INFO  o.b.core.jvm.BufferHandler - (BufferHandler.java:141) - default allocation mode: ByteBuffer::allocateDirect
2026-02-10 08:58:38,508 [main] INFO  org.burningwave.core.Cache - (Cache.java:76) - Building cache
2026-02-10 08:58:38,528 [main] INFO  o.b.c.a.StaticComponentContainer - (StaticComponentContainer.java:443) - org.burningwave.core.assembler.StaticComponentContainer initialized in 0.1284065 seconds
2026-02-10 08:58:40,132 [Worker-6: Loading available Gradle versions] INFO  o.e.b.c.i.u.g.PublishedGradleVersions - Gradle version information cache is up-to-date. Trying to read.
2026-02-10 12:12:48,154 [Burningwave - Resource releaser] INFO  o.b.c.a.StaticComponentContainer - (StaticComponentContainer.java:391) - ... Waiting for all tasks ending
2026-02-10 12:12:48,157 [Burningwave - Resource releaser] INFO  o.b.c.a.StaticComponentContainer - (StaticComponentContainer.java:397) - Closing all component containers
2026-02-10 12:12:48,161 [Burningwave - Resource releaser] INFO  o.b.c.a.StaticComponentContainer - (StaticComponentContainer.java:403) - Closing FileSystemHelper
2026-02-10 12:12:48,162 [Burningwave - Resource releaser] INFO  o.b.c.a.StaticComponentContainer - (StaticComponentContainer.java:409) - ... Waiting for all tasks ending before shutting down the BackgroundExecutor
2026-02-10 12:12:48,162 [Burningwave - Resource releaser] INFO  o.b.c.a.StaticComponentContainer - (StaticComponentContainer.java:414) - Shutting down BackgroundExecutor
2026-02-10 12:12:48,162 [Burningwave - Resource releaser] INFO  o.b.c.a.StaticComponentContainer - (StaticComponentContainer.java:420) - Stopping all threads monitoring thread
2026-02-10 12:12:48,163 [Burningwave - Resource releaser] INFO  o.b.c.a.StaticComponentContainer - (StaticComponentContainer.java:425) - Closing ThreadHolder
2026-02-10 12:12:48,163 [Burningwave - Resource releaser] INFO  o.b.c.a.StaticComponentContainer - (StaticComponentContainer.java:430) - Shutting down ThreadSupplier
2026-02-11 10:40:02,804 [main] INFO  o.b.c.a.StaticComponentContainer - (StaticComponentContainer.java:368) - Instantiated org.burningwave.core.SLF4JManagedLoggerRepository
2026-02-11 10:40:02,806 [main] INFO  o.b.c.a.StaticComponentContainer - (StaticComponentContainer.java:369) - 

	Configuration values for static components:

		background-executor.all-tasks-monitoring.enabled=\
			true
		background-executor.all-tasks-monitoring.interval=\
			30000
		background-executor.all-tasks-monitoring.logger.enabled=\
			false
		background-executor.all-tasks-monitoring.minimum-elapsed-time-to-consider-a-task-as-probable-dead-locked=\
			300000
		background-executor.all-tasks-monitoring.probable-dead-locked-tasks-handling.policy=\
			log only
		background-executor.queued-task-executor[0].name=\
			Low priority tasks
		background-executor.queued-task-executor[0].priority=\
			1
		background-executor.queued-task-executor[1].name=\
			Normal priority tasks
		background-executor.queued-task-executor[1].priority=\
			5
		background-executor.queued-task-executor[2].name=\
			High priority tasks
		background-executor.queued-task-executor[2].priority=\
			10
		background-executor.task-creation-tracking.enabled=\
			${background-executor.all-tasks-monitoring.enabled}
		banner.additonal-informations=\
			${Bundle-Vendor} ${Bundle-Name} ${Bundle-Version}
		banner.additonal-informations.retrieve-from-manifest-file-of=\
			Burningwave Core
		banner.file=\
			org/burningwave/banner.bwb
		banner.hide=\
			true
		buffer-handler.default-allocation-mode=\
			ByteBuffer::allocateDirect
		buffer-handler.default-buffer-size=\
			1024
		group-name-for-named-elements=\
			Burningwave
		iterable-object-helper.default-values-separator=\
			;
		iterable-object-helper.parallel-iteration.applicability.default-minimum-collection-size=\
			2
		iterable-object-helper.parallel-iteration.applicability.max-runtime-thread-count-threshold=\
			autodetect
		iterable-object-helper.parallel-iteration.applicability.output-collection-enabled-types=\
			java.util.concurrent.ConcurrentHashMap$CollectionView;\
			java.util.Collections$SynchronizedCollection;\
			java.util.concurrent.CopyOnWriteArrayList;\
			java.util.concurrent.CopyOnWriteArraySet;\
			java.util.concurrent.BlockingQueue;\
			java.util.concurrent.ConcurrentSkipListSet;\
			java.util.concurrent.ConcurrentSkipListMap$EntrySet;\
			java.util.concurrent.ConcurrentSkipListMap$KeySet;\
			java.util.concurrent.ConcurrentSkipListMap$Values;
		jvm.driver.init=\
			false
		managed-logger.repository=\
			autodetect
		managed-logger.repository.enabled=\
			true
		managed-logger.repository.logging.warn.disabled-for=\
			org.burningwave.core.assembler.ComponentContainer$ClassLoader;\
			org.burningwave.core.classes.MemoryClassLoader;\
			org.burningwave.core.classes.PathScannerClassLoader;
		modules.export-all-to-all=\
			true
		resource-releaser.enabled=\
			true
		synchronizer.all-threads-monitoring.enabled=\
			false
		synchronizer.all-threads-monitoring.interval=\
			90000
		thread-supplier.default-daemon-flag-value=\
			true
		thread-supplier.default-thread-priority=\
			5
		thread-supplier.max-detached-thread-count=\
			${thread-supplier.max-poolable-thread-count}
		thread-supplier.max-detached-thread-count.elapsed-time-threshold-from-last-increase-for-gradual-decreasing-to-initial-value=\
			30000
		thread-supplier.max-detached-thread-count.increasing-step=\
			autodetect
		thread-supplier.max-poolable-thread-count=\
			autodetect
		thread-supplier.poolable-thread-request-timeout=\
			6000


2026-02-11 10:40:02,808 [main] INFO  o.b.core.jvm.BufferHandler - (BufferHandler.java:127) - default buffer size: 1024 bytes
2026-02-11 10:40:02,809 [main] INFO  o.b.core.jvm.BufferHandler - (BufferHandler.java:141) - default allocation mode: ByteBuffer::allocateDirect
2026-02-11 10:40:02,813 [main] INFO  org.burningwave.core.Cache - (Cache.java:76) - Building cache
2026-02-11 10:40:02,836 [main] INFO  o.b.c.a.StaticComponentContainer - (StaticComponentContainer.java:443) - org.burningwave.core.assembler.StaticComponentContainer initialized in 0.105778 seconds
2026-02-11 10:40:03,835 [Worker-6: Loading available Gradle versions] INFO  o.e.b.c.i.u.g.PublishedGradleVersions - Gradle version information cache is out-of-date. Trying to update.
2026-02-11 13:31:36,238 [Burningwave - Resource releaser] INFO  o.b.c.a.StaticComponentContainer - (StaticComponentContainer.java:391) - ... Waiting for all tasks ending
2026-02-11 13:31:36,241 [Burningwave - Resource releaser] INFO  o.b.c.a.StaticComponentContainer - (StaticComponentContainer.java:397) - Closing all component containers
2026-02-11 13:31:36,242 [Burningwave - Resource releaser] INFO  o.b.c.a.StaticComponentContainer - (StaticComponentContainer.java:403) - Closing FileSystemHelper
2026-02-11 13:31:36,243 [Burningwave - Resource releaser] INFO  o.b.c.a.StaticComponentContainer - (StaticComponentContainer.java:409) - ... Waiting for all tasks ending before shutting down the BackgroundExecutor
2026-02-11 13:31:36,243 [Burningwave - Resource releaser] INFO  o.b.c.a.StaticComponentContainer - (StaticComponentContainer.java:414) - Shutting down BackgroundExecutor
2026-02-11 13:31:36,243 [Burningwave - Resource releaser] INFO  o.b.c.a.StaticComponentContainer - (StaticComponentContainer.java:420) - Stopping all threads monitoring thread
2026-02-11 13:31:36,244 [Burningwave - Resource releaser] INFO  o.b.c.a.StaticComponentContainer - (StaticComponentContainer.java:425) - Closing ThreadHolder
2026-02-11 13:31:36,244 [Burningwave - Resource releaser] INFO  o.b.c.a.StaticComponentContainer - (StaticComponentContainer.java:430) - Shutting down ThreadSupplier
2026-02-20 10:27:02,497 [main] INFO  o.b.c.a.StaticComponentContainer - (StaticComponentContainer.java:368) - Instantiated org.burningwave.core.SLF4JManagedLoggerRepository
2026-02-20 10:27:02,499 [main] INFO  o.b.c.a.StaticComponentContainer - (StaticComponentContainer.java:369) - 

	Configuration values for static components:

		background-executor.all-tasks-monitoring.enabled=\
			true
		background-executor.all-tasks-monitoring.interval=\
			30000
		background-executor.all-tasks-monitoring.logger.enabled=\
			false
		background-executor.all-tasks-monitoring.minimum-elapsed-time-to-consider-a-task-as-probable-dead-locked=\
			300000
		background-executor.all-tasks-monitoring.probable-dead-locked-tasks-handling.policy=\
			log only
		background-executor.queued-task-executor[0].name=\
			Low priority tasks
		background-executor.queued-task-executor[0].priority=\
			1
		background-executor.queued-task-executor[1].name=\
			Normal priority tasks
		background-executor.queued-task-executor[1].priority=\
			5
		background-executor.queued-task-executor[2].name=\
			High priority tasks
		background-executor.queued-task-executor[2].priority=\
			10
		background-executor.task-creation-tracking.enabled=\
			${background-executor.all-tasks-monitoring.enabled}
		banner.additonal-informations=\
			${Bundle-Vendor} ${Bundle-Name} ${Bundle-Version}
		banner.additonal-informations.retrieve-from-manifest-file-of=\
			Burningwave Core
		banner.file=\
			org/burningwave/banner.bwb
		banner.hide=\
			true
		buffer-handler.default-allocation-mode=\
			ByteBuffer::allocateDirect
		buffer-handler.default-buffer-size=\
			1024
		group-name-for-named-elements=\
			Burningwave
		iterable-object-helper.default-values-separator=\
			;
		iterable-object-helper.parallel-iteration.applicability.default-minimum-collection-size=\
			2
		iterable-object-helper.parallel-iteration.applicability.max-runtime-thread-count-threshold=\
			autodetect
		iterable-object-helper.parallel-iteration.applicability.output-collection-enabled-types=\
			java.util.concurrent.ConcurrentHashMap$CollectionView;\
			java.util.Collections$SynchronizedCollection;\
			java.util.concurrent.CopyOnWriteArrayList;\
			java.util.concurrent.CopyOnWriteArraySet;\
			java.util.concurrent.BlockingQueue;\
			java.util.concurrent.ConcurrentSkipListSet;\
			java.util.concurrent.ConcurrentSkipListMap$EntrySet;\
			java.util.concurrent.ConcurrentSkipListMap$KeySet;\
			java.util.concurrent.ConcurrentSkipListMap$Values;
		jvm.driver.init=\
			false
		managed-logger.repository=\
			autodetect
		managed-logger.repository.enabled=\
			true
		managed-logger.repository.logging.warn.disabled-for=\
			org.burningwave.core.assembler.ComponentContainer$ClassLoader;\
			org.burningwave.core.classes.MemoryClassLoader;\
			org.burningwave.core.classes.PathScannerClassLoader;
		modules.export-all-to-all=\
			true
		resource-releaser.enabled=\
			true
		synchronizer.all-threads-monitoring.enabled=\
			false
		synchronizer.all-threads-monitoring.interval=\
			90000
		thread-supplier.default-daemon-flag-value=\
			true
		thread-supplier.default-thread-priority=\
			5
		thread-supplier.max-detached-thread-count=\
			${thread-supplier.max-poolable-thread-count}
		thread-supplier.max-detached-thread-count.elapsed-time-threshold-from-last-increase-for-gradual-decreasing-to-initial-value=\
			30000
		thread-supplier.max-detached-thread-count.increasing-step=\
			autodetect
		thread-supplier.max-poolable-thread-count=\
			autodetect
		thread-supplier.poolable-thread-request-timeout=\
			6000


2026-02-20 10:27:02,500 [main] INFO  o.b.core.jvm.BufferHandler - (BufferHandler.java:127) - default buffer size: 1024 bytes
2026-02-20 10:27:02,500 [main] INFO  o.b.core.jvm.BufferHandler - (BufferHandler.java:141) - default allocation mode: ByteBuffer::allocateDirect
2026-02-20 10:27:02,502 [main] INFO  org.burningwave.core.Cache - (Cache.java:76) - Building cache
2026-02-20 10:27:02,518 [main] INFO  o.b.c.a.StaticComponentContainer - (StaticComponentContainer.java:443) - org.burningwave.core.assembler.StaticComponentContainer initialized in 0.0805503 seconds
2026-02-20 10:27:03,553 [Worker-4: Loading available Gradle versions] INFO  o.e.b.c.i.u.g.PublishedGradleVersions - Gradle version information cache is out-of-date. Trying to update.
2026-02-20 10:29:06,530 [Burningwave - Resource releaser] INFO  o.b.c.a.StaticComponentContainer - (StaticComponentContainer.java:391) - ... Waiting for all tasks ending
2026-02-20 10:29:06,531 [Burningwave - Resource releaser] INFO  o.b.c.a.StaticComponentContainer - (StaticComponentContainer.java:397) - Closing all component containers
2026-02-20 10:29:06,533 [Burningwave - Resource releaser] INFO  o.b.c.a.StaticComponentContainer - (StaticComponentContainer.java:403) - Closing FileSystemHelper
2026-02-20 10:29:06,534 [Burningwave - Resource releaser] INFO  o.b.c.a.StaticComponentContainer - (StaticComponentContainer.java:409) - ... Waiting for all tasks ending before shutting down the BackgroundExecutor
2026-02-20 10:29:06,534 [Burningwave - Resource releaser] INFO  o.b.c.a.StaticComponentContainer - (StaticComponentContainer.java:414) - Shutting down BackgroundExecutor
2026-02-20 10:29:06,535 [Burningwave - Resource releaser] INFO  o.b.c.a.StaticComponentContainer - (StaticComponentContainer.java:420) - Stopping all threads monitoring thread
2026-02-20 10:29:06,535 [Burningwave - Resource releaser] INFO  o.b.c.a.StaticComponentContainer - (StaticComponentContainer.java:425) - Closing ThreadHolder
2026-02-20 10:29:06,536 [Burningwave - Resource releaser] INFO  o.b.c.a.StaticComponentContainer - (StaticComponentContainer.java:430) - Shutting down ThreadSupplier
2026-02-20 10:29:12,885 [Worker-6: Loading available Gradle versions] INFO  o.e.b.c.i.u.g.PublishedGradleVersions - Gradle version information cache is up-to-date. Trying to read.
2026-02-20 10:29:21,470 [main] INFO  o.b.c.a.StaticComponentContainer - (StaticComponentContainer.java:368) - Instantiated org.burningwave.core.SLF4JManagedLoggerRepository
2026-02-20 10:29:21,472 [main] INFO  o.b.c.a.StaticComponentContainer - (StaticComponentContainer.java:369) - 

	Configuration values for static components:

		background-executor.all-tasks-monitoring.enabled=\
			true
		background-executor.all-tasks-monitoring.interval=\
			30000
		background-executor.all-tasks-monitoring.logger.enabled=\
			false
		background-executor.all-tasks-monitoring.minimum-elapsed-time-to-consider-a-task-as-probable-dead-locked=\
			300000
		background-executor.all-tasks-monitoring.probable-dead-locked-tasks-handling.policy=\
			log only
		background-executor.queued-task-executor[0].name=\
			Low priority tasks
		background-executor.queued-task-executor[0].priority=\
			1
		background-executor.queued-task-executor[1].name=\
			Normal priority tasks
		background-executor.queued-task-executor[1].priority=\
			5
		background-executor.queued-task-executor[2].name=\
			High priority tasks
		background-executor.queued-task-executor[2].priority=\
			10
		background-executor.task-creation-tracking.enabled=\
			${background-executor.all-tasks-monitoring.enabled}
		banner.additonal-informations=\
			${Bundle-Vendor} ${Bundle-Name} ${Bundle-Version}
		banner.additonal-informations.retrieve-from-manifest-file-of=\
			Burningwave Core
		banner.file=\
			org/burningwave/banner.bwb
		banner.hide=\
			true
		buffer-handler.default-allocation-mode=\
			ByteBuffer::allocateDirect
		buffer-handler.default-buffer-size=\
			1024
		group-name-for-named-elements=\
			Burningwave
		iterable-object-helper.default-values-separator=\
			;
		iterable-object-helper.parallel-iteration.applicability.default-minimum-collection-size=\
			2
		iterable-object-helper.parallel-iteration.applicability.max-runtime-thread-count-threshold=\
			autodetect
		iterable-object-helper.parallel-iteration.applicability.output-collection-enabled-types=\
			java.util.concurrent.ConcurrentHashMap$CollectionView;\
			java.util.Collections$SynchronizedCollection;\
			java.util.concurrent.CopyOnWriteArrayList;\
			java.util.concurrent.CopyOnWriteArraySet;\
			java.util.concurrent.BlockingQueue;\
			java.util.concurrent.ConcurrentSkipListSet;\
			java.util.concurrent.ConcurrentSkipListMap$EntrySet;\
			java.util.concurrent.ConcurrentSkipListMap$KeySet;\
			java.util.concurrent.ConcurrentSkipListMap$Values;
		jvm.driver.init=\
			false
		managed-logger.repository=\
			autodetect
		managed-logger.repository.enabled=\
			true
		managed-logger.repository.logging.warn.disabled-for=\
			org.burningwave.core.assembler.ComponentContainer$ClassLoader;\
			org.burningwave.core.classes.MemoryClassLoader;\
			org.burningwave.core.classes.PathScannerClassLoader;
		modules.export-all-to-all=\
			true
		resource-releaser.enabled=\
			true
		synchronizer.all-threads-monitoring.enabled=\
			false
		synchronizer.all-threads-monitoring.interval=\
			90000
		thread-supplier.default-daemon-flag-value=\
			true
		thread-supplier.default-thread-priority=\
			5
		thread-supplier.max-detached-thread-count=\
			${thread-supplier.max-poolable-thread-count}
		thread-supplier.max-detached-thread-count.elapsed-time-threshold-from-last-increase-for-gradual-decreasing-to-initial-value=\
			30000
		thread-supplier.max-detached-thread-count.increasing-step=\
			autodetect
		thread-supplier.max-poolable-thread-count=\
			autodetect
		thread-supplier.poolable-thread-request-timeout=\
			6000


2026-02-20 10:29:21,473 [main] INFO  o.b.core.jvm.BufferHandler - (BufferHandler.java:127) - default buffer size: 1024 bytes
2026-02-20 10:29:21,474 [main] INFO  o.b.core.jvm.BufferHandler - (BufferHandler.java:141) - default allocation mode: ByteBuffer::allocateDirect
2026-02-20 10:29:21,475 [main] INFO  org.burningwave.core.Cache - (Cache.java:76) - Building cache
2026-02-20 10:29:21,492 [main] INFO  o.b.c.a.StaticComponentContainer - (StaticComponentContainer.java:443) - org.burningwave.core.assembler.StaticComponentContainer initialized in 0.070969699 seconds
2026-02-20 12:17:40,477 [Burningwave - Resource releaser] INFO  o.b.c.a.StaticComponentContainer - (StaticComponentContainer.java:391) - ... Waiting for all tasks ending
2026-02-20 12:17:40,478 [Burningwave - Resource releaser] INFO  o.b.c.a.StaticComponentContainer - (StaticComponentContainer.java:397) - Closing all component containers
2026-02-20 12:17:40,479 [Burningwave - Resource releaser] INFO  o.b.c.a.StaticComponentContainer - (StaticComponentContainer.java:403) - Closing FileSystemHelper
2026-02-20 12:17:40,480 [Burningwave - Resource releaser] INFO  o.b.c.a.StaticComponentContainer - (StaticComponentContainer.java:409) - ... Waiting for all tasks ending before shutting down the BackgroundExecutor
2026-02-20 12:17:40,480 [Burningwave - Resource releaser] INFO  o.b.c.a.StaticComponentContainer - (StaticComponentContainer.java:414) - Shutting down BackgroundExecutor
2026-02-20 12:17:40,480 [Burningwave - Resource releaser] INFO  o.b.c.a.StaticComponentContainer - (StaticComponentContainer.java:420) - Stopping all threads monitoring thread
2026-02-20 12:17:40,481 [Burningwave - Resource releaser] INFO  o.b.c.a.StaticComponentContainer - (StaticComponentContainer.java:425) - Closing ThreadHolder
2026-02-20 12:17:40,481 [Burningwave - Resource releaser] INFO  o.b.c.a.StaticComponentContainer - (StaticComponentContainer.java:430) - Shutting down ThreadSupplier
2026-02-20 12:17:48,002 [main] INFO  o.b.c.a.StaticComponentContainer - (StaticComponentContainer.java:368) - Instantiated org.burningwave.core.SLF4JManagedLoggerRepository
2026-02-20 12:17:48,004 [main] INFO  o.b.c.a.StaticComponentContainer - (StaticComponentContainer.java:369) - 

	Configuration values for static components:

		background-executor.all-tasks-monitoring.enabled=\
			true
		background-executor.all-tasks-monitoring.interval=\
			30000
		background-executor.all-tasks-monitoring.logger.enabled=\
			false
		background-executor.all-tasks-monitoring.minimum-elapsed-time-to-consider-a-task-as-probable-dead-locked=\
			300000
		background-executor.all-tasks-monitoring.probable-dead-locked-tasks-handling.policy=\
			log only
		background-executor.queued-task-executor[0].name=\
			Low priority tasks
		background-executor.queued-task-executor[0].priority=\
			1
		background-executor.queued-task-executor[1].name=\
			Normal priority tasks
		background-executor.queued-task-executor[1].priority=\
			5
		background-executor.queued-task-executor[2].name=\
			High priority tasks
		background-executor.queued-task-executor[2].priority=\
			10
		background-executor.task-creation-tracking.enabled=\
			${background-executor.all-tasks-monitoring.enabled}
		banner.additonal-informations=\
			${Bundle-Vendor} ${Bundle-Name} ${Bundle-Version}
		banner.additonal-informations.retrieve-from-manifest-file-of=\
			Burningwave Core
		banner.file=\
			org/burningwave/banner.bwb
		banner.hide=\
			true
		buffer-handler.default-allocation-mode=\
			ByteBuffer::allocateDirect
		buffer-handler.default-buffer-size=\
			1024
		group-name-for-named-elements=\
			Burningwave
		iterable-object-helper.default-values-separator=\
			;
		iterable-object-helper.parallel-iteration.applicability.default-minimum-collection-size=\
			2
		iterable-object-helper.parallel-iteration.applicability.max-runtime-thread-count-threshold=\
			autodetect
		iterable-object-helper.parallel-iteration.applicability.output-collection-enabled-types=\
			java.util.concurrent.ConcurrentHashMap$CollectionView;\
			java.util.Collections$SynchronizedCollection;\
			java.util.concurrent.CopyOnWriteArrayList;\
			java.util.concurrent.CopyOnWriteArraySet;\
			java.util.concurrent.BlockingQueue;\
			java.util.concurrent.ConcurrentSkipListSet;\
			java.util.concurrent.ConcurrentSkipListMap$EntrySet;\
			java.util.concurrent.ConcurrentSkipListMap$KeySet;\
			java.util.concurrent.ConcurrentSkipListMap$Values;
		jvm.driver.init=\
			false
		managed-logger.repository=\
			autodetect
		managed-logger.repository.enabled=\
			true
		managed-logger.repository.logging.warn.disabled-for=\
			org.burningwave.core.assembler.ComponentContainer$ClassLoader;\
			org.burningwave.core.classes.MemoryClassLoader;\
			org.burningwave.core.classes.PathScannerClassLoader;
		modules.export-all-to-all=\
			true
		resource-releaser.enabled=\
			true
		synchronizer.all-threads-monitoring.enabled=\
			false
		synchronizer.all-threads-monitoring.interval=\
			90000
		thread-supplier.default-daemon-flag-value=\
			true
		thread-supplier.default-thread-priority=\
			5
		thread-supplier.max-detached-thread-count=\
			${thread-supplier.max-poolable-thread-count}
		thread-supplier.max-detached-thread-count.elapsed-time-threshold-from-last-increase-for-gradual-decreasing-to-initial-value=\
			30000
		thread-supplier.max-detached-thread-count.increasing-step=\
			autodetect
		thread-supplier.max-poolable-thread-count=\
			autodetect
		thread-supplier.poolable-thread-request-timeout=\
			6000


2026-02-20 12:17:48,005 [main] INFO  o.b.core.jvm.BufferHandler - (BufferHandler.java:127) - default buffer size: 1024 bytes
2026-02-20 12:17:48,005 [main] INFO  o.b.core.jvm.BufferHandler - (BufferHandler.java:141) - default allocation mode: ByteBuffer::allocateDirect
2026-02-20 12:17:48,007 [main] INFO  org.burningwave.core.Cache - (Cache.java:76) - Building cache
2026-02-20 12:17:48,020 [main] INFO  o.b.c.a.StaticComponentContainer - (StaticComponentContainer.java:443) - org.burningwave.core.assembler.StaticComponentContainer initialized in 0.063710399 seconds
2026-02-20 12:17:48,734 [Worker-2: Loading available Gradle versions] INFO  o.e.b.c.i.u.g.PublishedGradleVersions - Gradle version information cache is up-to-date. Trying to read.
2026-02-20 12:31:22,956 [Burningwave - Resource releaser] INFO  o.b.c.a.StaticComponentContainer - (StaticComponentContainer.java:391) - ... Waiting for all tasks ending
2026-02-20 12:31:22,957 [Burningwave - Resource releaser] INFO  o.b.c.a.StaticComponentContainer - (StaticComponentContainer.java:397) - Closing all component containers
2026-02-20 12:31:22,958 [Burningwave - Resource releaser] INFO  o.b.c.a.StaticComponentContainer - (StaticComponentContainer.java:403) - Closing FileSystemHelper
2026-02-20 12:31:22,959 [Burningwave - Resource releaser] INFO  o.b.c.a.StaticComponentContainer - (StaticComponentContainer.java:409) - ... Waiting for all tasks ending before shutting down the BackgroundExecutor
2026-02-20 12:31:22,960 [Burningwave - Resource releaser] INFO  o.b.c.a.StaticComponentContainer - (StaticComponentContainer.java:414) - Shutting down BackgroundExecutor
2026-02-20 12:31:22,960 [Burningwave - Resource releaser] INFO  o.b.c.a.StaticComponentContainer - (StaticComponentContainer.java:420) - Stopping all threads monitoring thread
2026-02-20 12:31:22,960 [Burningwave - Resource releaser] INFO  o.b.c.a.StaticComponentContainer - (StaticComponentContainer.java:425) - Closing ThreadHolder
2026-02-20 12:31:22,961 [Burningwave - Resource releaser] INFO  o.b.c.a.StaticComponentContainer - (StaticComponentContainer.java:430) - Shutting down ThreadSupplier
2026-02-24 08:57:16,631 [main] INFO  o.b.c.a.StaticComponentContainer - (StaticComponentContainer.java:368) - Instantiated org.burningwave.core.SLF4JManagedLoggerRepository
2026-02-24 08:57:16,634 [main] INFO  o.b.c.a.StaticComponentContainer - (StaticComponentContainer.java:369) - 

	Configuration values for static components:

		background-executor.all-tasks-monitoring.enabled=\
			true
		background-executor.all-tasks-monitoring.interval=\
			30000
		background-executor.all-tasks-monitoring.logger.enabled=\
			false
		background-executor.all-tasks-monitoring.minimum-elapsed-time-to-consider-a-task-as-probable-dead-locked=\
			300000
		background-executor.all-tasks-monitoring.probable-dead-locked-tasks-handling.policy=\
			log only
		background-executor.queued-task-executor[0].name=\
			Low priority tasks
		background-executor.queued-task-executor[0].priority=\
			1
		background-executor.queued-task-executor[1].name=\
			Normal priority tasks
		background-executor.queued-task-executor[1].priority=\
			5
		background-executor.queued-task-executor[2].name=\
			High priority tasks
		background-executor.queued-task-executor[2].priority=\
			10
		background-executor.task-creation-tracking.enabled=\
			${background-executor.all-tasks-monitoring.enabled}
		banner.additonal-informations=\
			${Bundle-Vendor} ${Bundle-Name} ${Bundle-Version}
		banner.additonal-informations.retrieve-from-manifest-file-of=\
			Burningwave Core
		banner.file=\
			org/burningwave/banner.bwb
		banner.hide=\
			true
		buffer-handler.default-allocation-mode=\
			ByteBuffer::allocateDirect
		buffer-handler.default-buffer-size=\
			1024
		group-name-for-named-elements=\
			Burningwave
		iterable-object-helper.default-values-separator=\
			;
		iterable-object-helper.parallel-iteration.applicability.default-minimum-collection-size=\
			2
		iterable-object-helper.parallel-iteration.applicability.max-runtime-thread-count-threshold=\
			autodetect
		iterable-object-helper.parallel-iteration.applicability.output-collection-enabled-types=\
			java.util.concurrent.ConcurrentHashMap$CollectionView;\
			java.util.Collections$SynchronizedCollection;\
			java.util.concurrent.CopyOnWriteArrayList;\
			java.util.concurrent.CopyOnWriteArraySet;\
			java.util.concurrent.BlockingQueue;\
			java.util.concurrent.ConcurrentSkipListSet;\
			java.util.concurrent.ConcurrentSkipListMap$EntrySet;\
			java.util.concurrent.ConcurrentSkipListMap$KeySet;\
			java.util.concurrent.ConcurrentSkipListMap$Values;
		jvm.driver.init=\
			false
		managed-logger.repository=\
			autodetect
		managed-logger.repository.enabled=\
			true
		managed-logger.repository.logging.warn.disabled-for=\
			org.burningwave.core.assembler.ComponentContainer$ClassLoader;\
			org.burningwave.core.classes.MemoryClassLoader;\
			org.burningwave.core.classes.PathScannerClassLoader;
		modules.export-all-to-all=\
			true
		resource-releaser.enabled=\
			true
		synchronizer.all-threads-monitoring.enabled=\
			false
		synchronizer.all-threads-monitoring.interval=\
			90000
		thread-supplier.default-daemon-flag-value=\
			true
		thread-supplier.default-thread-priority=\
			5
		thread-supplier.max-detached-thread-count=\
			${thread-supplier.max-poolable-thread-count}
		thread-supplier.max-detached-thread-count.elapsed-time-threshold-from-last-increase-for-gradual-decreasing-to-initial-value=\
			30000
		thread-supplier.max-detached-thread-count.increasing-step=\
			autodetect
		thread-supplier.max-poolable-thread-count=\
			autodetect
		thread-supplier.poolable-thread-request-timeout=\
			6000


2026-02-24 08:57:16,637 [main] INFO  o.b.core.jvm.BufferHandler - (BufferHandler.java:127) - default buffer size: 1024 bytes
2026-02-24 08:57:16,637 [main] INFO  o.b.core.jvm.BufferHandler - (BufferHandler.java:141) - default allocation mode: ByteBuffer::allocateDirect
2026-02-24 08:57:16,642 [main] INFO  org.burningwave.core.Cache - (Cache.java:76) - Building cache
2026-02-24 08:57:16,684 [main] INFO  o.b.c.a.StaticComponentContainer - (StaticComponentContainer.java:443) - org.burningwave.core.assembler.StaticComponentContainer initialized in 0.216723 seconds
2026-02-24 08:57:18,120 [Worker-2: Loading available Gradle versions] INFO  o.e.b.c.i.u.g.PublishedGradleVersions - Gradle version information cache is out-of-date. Trying to update.
2026-02-24 12:15:05,246 [Burningwave - Resource releaser] INFO  o.b.c.a.StaticComponentContainer - (StaticComponentContainer.java:391) - ... Waiting for all tasks ending
2026-02-24 12:15:05,248 [Burningwave - Resource releaser] INFO  o.b.c.a.StaticComponentContainer - (StaticComponentContainer.java:397) - Closing all component containers
2026-02-24 12:15:05,249 [Burningwave - Resource releaser] INFO  o.b.c.a.StaticComponentContainer - (StaticComponentContainer.java:403) - Closing FileSystemHelper
2026-02-24 12:15:05,250 [Burningwave - Resource releaser] INFO  o.b.c.a.StaticComponentContainer - (StaticComponentContainer.java:409) - ... Waiting for all tasks ending before shutting down the BackgroundExecutor
2026-02-24 12:15:05,251 [Burningwave - Resource releaser] INFO  o.b.c.a.StaticComponentContainer - (StaticComponentContainer.java:414) - Shutting down BackgroundExecutor
2026-02-24 12:15:05,251 [Burningwave - Resource releaser] INFO  o.b.c.a.StaticComponentContainer - (StaticComponentContainer.java:420) - Stopping all threads monitoring thread
2026-02-24 12:15:05,252 [Burningwave - Resource releaser] INFO  o.b.c.a.StaticComponentContainer - (StaticComponentContainer.java:425) - Closing ThreadHolder
2026-02-24 12:15:05,252 [Burningwave - Resource releaser] INFO  o.b.c.a.StaticComponentContainer - (StaticComponentContainer.java:430) - Shutting down ThreadSupplier
2026-02-24 12:19:54,512 [main] INFO  o.b.c.a.StaticComponentContainer - (StaticComponentContainer.java:368) - Instantiated org.burningwave.core.SLF4JManagedLoggerRepository
2026-02-24 12:19:54,514 [main] INFO  o.b.c.a.StaticComponentContainer - (StaticComponentContainer.java:369) - 

	Configuration values for static components:

		background-executor.all-tasks-monitoring.enabled=\
			true
		background-executor.all-tasks-monitoring.interval=\
			30000
		background-executor.all-tasks-monitoring.logger.enabled=\
			false
		background-executor.all-tasks-monitoring.minimum-elapsed-time-to-consider-a-task-as-probable-dead-locked=\
			300000
		background-executor.all-tasks-monitoring.probable-dead-locked-tasks-handling.policy=\
			log only
		background-executor.queued-task-executor[0].name=\
			Low priority tasks
		background-executor.queued-task-executor[0].priority=\
			1
		background-executor.queued-task-executor[1].name=\
			Normal priority tasks
		background-executor.queued-task-executor[1].priority=\
			5
		background-executor.queued-task-executor[2].name=\
			High priority tasks
		background-executor.queued-task-executor[2].priority=\
			10
		background-executor.task-creation-tracking.enabled=\
			${background-executor.all-tasks-monitoring.enabled}
		banner.additonal-informations=\
			${Bundle-Vendor} ${Bundle-Name} ${Bundle-Version}
		banner.additonal-informations.retrieve-from-manifest-file-of=\
			Burningwave Core
		banner.file=\
			org/burningwave/banner.bwb
		banner.hide=\
			true
		buffer-handler.default-allocation-mode=\
			ByteBuffer::allocateDirect
		buffer-handler.default-buffer-size=\
			1024
		group-name-for-named-elements=\
			Burningwave
		iterable-object-helper.default-values-separator=\
			;
		iterable-object-helper.parallel-iteration.applicability.default-minimum-collection-size=\
			2
		iterable-object-helper.parallel-iteration.applicability.max-runtime-thread-count-threshold=\
			autodetect
		iterable-object-helper.parallel-iteration.applicability.output-collection-enabled-types=\
			java.util.concurrent.ConcurrentHashMap$CollectionView;\
			java.util.Collections$SynchronizedCollection;\
			java.util.concurrent.CopyOnWriteArrayList;\
			java.util.concurrent.CopyOnWriteArraySet;\
			java.util.concurrent.BlockingQueue;\
			java.util.concurrent.ConcurrentSkipListSet;\
			java.util.concurrent.ConcurrentSkipListMap$EntrySet;\
			java.util.concurrent.ConcurrentSkipListMap$KeySet;\
			java.util.concurrent.ConcurrentSkipListMap$Values;
		jvm.driver.init=\
			false
		managed-logger.repository=\
			autodetect
		managed-logger.repository.enabled=\
			true
		managed-logger.repository.logging.warn.disabled-for=\
			org.burningwave.core.assembler.ComponentContainer$ClassLoader;\
			org.burningwave.core.classes.MemoryClassLoader;\
			org.burningwave.core.classes.PathScannerClassLoader;
		modules.export-all-to-all=\
			true
		resource-releaser.enabled=\
			true
		synchronizer.all-threads-monitoring.enabled=\
			false
		synchronizer.all-threads-monitoring.interval=\
			90000
		thread-supplier.default-daemon-flag-value=\
			true
		thread-supplier.default-thread-priority=\
			5
		thread-supplier.max-detached-thread-count=\
			${thread-supplier.max-poolable-thread-count}
		thread-supplier.max-detached-thread-count.elapsed-time-threshold-from-last-increase-for-gradual-decreasing-to-initial-value=\
			30000
		thread-supplier.max-detached-thread-count.increasing-step=\
			autodetect
		thread-supplier.max-poolable-thread-count=\
			autodetect
		thread-supplier.poolable-thread-request-timeout=\
			6000


2026-02-24 12:19:54,516 [main] INFO  o.b.core.jvm.BufferHandler - (BufferHandler.java:127) - default buffer size: 1024 bytes
2026-02-24 12:19:54,517 [main] INFO  o.b.core.jvm.BufferHandler - (BufferHandler.java:141) - default allocation mode: ByteBuffer::allocateDirect
2026-02-24 12:19:54,519 [main] INFO  org.burningwave.core.Cache - (Cache.java:76) - Building cache
2026-02-24 12:19:54,533 [main] INFO  o.b.c.a.StaticComponentContainer - (StaticComponentContainer.java:443) - org.burningwave.core.assembler.StaticComponentContainer initialized in 0.0683262 seconds
2026-02-24 12:19:56,835 [Worker-6: Loading available Gradle versions] INFO  o.e.b.c.i.u.g.PublishedGradleVersions - Gradle version information cache is up-to-date. Trying to read.
2026-02-24 12:25:23,051 [Burningwave - Resource releaser] INFO  o.b.c.a.StaticComponentContainer - (StaticComponentContainer.java:391) - ... Waiting for all tasks ending
2026-02-24 12:25:23,053 [Burningwave - Resource releaser] INFO  o.b.c.a.StaticComponentContainer - (StaticComponentContainer.java:397) - Closing all component containers
2026-02-24 12:25:23,055 [Burningwave - Resource releaser] INFO  o.b.c.a.StaticComponentContainer - (StaticComponentContainer.java:403) - Closing FileSystemHelper
2026-02-24 12:25:23,056 [Burningwave - Resource releaser] INFO  o.b.c.a.StaticComponentContainer - (StaticComponentContainer.java:409) - ... Waiting for all tasks ending before shutting down the BackgroundExecutor
2026-02-24 12:25:23,056 [Burningwave - Resource releaser] INFO  o.b.c.a.StaticComponentContainer - (StaticComponentContainer.java:414) - Shutting down BackgroundExecutor
2026-02-24 12:25:23,057 [Burningwave - Resource releaser] INFO  o.b.c.a.StaticComponentContainer - (StaticComponentContainer.java:420) - Stopping all threads monitoring thread
2026-02-24 12:25:23,057 [Burningwave - Resource releaser] INFO  o.b.c.a.StaticComponentContainer - (StaticComponentContainer.java:425) - Closing ThreadHolder
2026-02-24 12:25:23,057 [Burningwave - Resource releaser] INFO  o.b.c.a.StaticComponentContainer - (StaticComponentContainer.java:430) - Shutting down ThreadSupplier
2026-02-24 12:25:38,612 [main] INFO  o.b.c.a.StaticComponentContainer - (StaticComponentContainer.java:368) - Instantiated org.burningwave.core.SLF4JManagedLoggerRepository
2026-02-24 12:25:38,616 [main] INFO  o.b.c.a.StaticComponentContainer - (StaticComponentContainer.java:369) - 

	Configuration values for static components:

		background-executor.all-tasks-monitoring.enabled=\
			true
		background-executor.all-tasks-monitoring.interval=\
			30000
		background-executor.all-tasks-monitoring.logger.enabled=\
			false
		background-executor.all-tasks-monitoring.minimum-elapsed-time-to-consider-a-task-as-probable-dead-locked=\
			300000
		background-executor.all-tasks-monitoring.probable-dead-locked-tasks-handling.policy=\
			log only
		background-executor.queued-task-executor[0].name=\
			Low priority tasks
		background-executor.queued-task-executor[0].priority=\
			1
		background-executor.queued-task-executor[1].name=\
			Normal priority tasks
		background-executor.queued-task-executor[1].priority=\
			5
		background-executor.queued-task-executor[2].name=\
			High priority tasks
		background-executor.queued-task-executor[2].priority=\
			10
		background-executor.task-creation-tracking.enabled=\
			${background-executor.all-tasks-monitoring.enabled}
		banner.additonal-informations=\
			${Bundle-Vendor} ${Bundle-Name} ${Bundle-Version}
		banner.additonal-informations.retrieve-from-manifest-file-of=\
			Burningwave Core
		banner.file=\
			org/burningwave/banner.bwb
		banner.hide=\
			true
		buffer-handler.default-allocation-mode=\
			ByteBuffer::allocateDirect
		buffer-handler.default-buffer-size=\
			1024
		group-name-for-named-elements=\
			Burningwave
		iterable-object-helper.default-values-separator=\
			;
		iterable-object-helper.parallel-iteration.applicability.default-minimum-collection-size=\
			2
		iterable-object-helper.parallel-iteration.applicability.max-runtime-thread-count-threshold=\
			autodetect
		iterable-object-helper.parallel-iteration.applicability.output-collection-enabled-types=\
			java.util.concurrent.ConcurrentHashMap$CollectionView;\
			java.util.Collections$SynchronizedCollection;\
			java.util.concurrent.CopyOnWriteArrayList;\
			java.util.concurrent.CopyOnWriteArraySet;\
			java.util.concurrent.BlockingQueue;\
			java.util.concurrent.ConcurrentSkipListSet;\
			java.util.concurrent.ConcurrentSkipListMap$EntrySet;\
			java.util.concurrent.ConcurrentSkipListMap$KeySet;\
			java.util.concurrent.ConcurrentSkipListMap$Values;
		jvm.driver.init=\
			false
		managed-logger.repository=\
			autodetect
		managed-logger.repository.enabled=\
			true
		managed-logger.repository.logging.warn.disabled-for=\
			org.burningwave.core.assembler.ComponentContainer$ClassLoader;\
			org.burningwave.core.classes.MemoryClassLoader;\
			org.burningwave.core.classes.PathScannerClassLoader;
		modules.export-all-to-all=\
			true
		resource-releaser.enabled=\
			true
		synchronizer.all-threads-monitoring.enabled=\
			false
		synchronizer.all-threads-monitoring.interval=\
			90000
		thread-supplier.default-daemon-flag-value=\
			true
		thread-supplier.default-thread-priority=\
			5
		thread-supplier.max-detached-thread-count=\
			${thread-supplier.max-poolable-thread-count}
		thread-supplier.max-detached-thread-count.elapsed-time-threshold-from-last-increase-for-gradual-decreasing-to-initial-value=\
			30000
		thread-supplier.max-detached-thread-count.increasing-step=\
			autodetect
		thread-supplier.max-poolable-thread-count=\
			autodetect
		thread-supplier.poolable-thread-request-timeout=\
			6000


2026-02-24 12:25:38,616 [main] INFO  o.b.core.jvm.BufferHandler - (BufferHandler.java:127) - default buffer size: 1024 bytes
2026-02-24 12:25:38,616 [main] INFO  o.b.core.jvm.BufferHandler - (BufferHandler.java:141) - default allocation mode: ByteBuffer::allocateDirect
2026-02-24 12:25:38,616 [main] INFO  org.burningwave.core.Cache - (Cache.java:76) - Building cache
2026-02-24 12:25:38,631 [main] INFO  o.b.c.a.StaticComponentContainer - (StaticComponentContainer.java:443) - org.burningwave.core.assembler.StaticComponentContainer initialized in 0.0690856 seconds
2026-02-24 12:25:40,698 [Worker-4: Loading available Gradle versions] INFO  o.e.b.c.i.u.g.PublishedGradleVersions - Gradle version information cache is up-to-date. Trying to read.
2026-02-24 12:58:16,126 [Burningwave - Resource releaser] INFO  o.b.c.a.StaticComponentContainer - (StaticComponentContainer.java:391) - ... Waiting for all tasks ending
2026-02-24 12:58:16,127 [Burningwave - Resource releaser] INFO  o.b.c.a.StaticComponentContainer - (StaticComponentContainer.java:397) - Closing all component containers
2026-02-24 12:58:16,129 [Burningwave - Resource releaser] INFO  o.b.c.a.StaticComponentContainer - (StaticComponentContainer.java:403) - Closing FileSystemHelper
2026-02-24 12:58:16,129 [Burningwave - Resource releaser] INFO  o.b.c.a.StaticComponentContainer - (StaticComponentContainer.java:409) - ... Waiting for all tasks ending before shutting down the BackgroundExecutor
2026-02-24 12:58:16,130 [Burningwave - Resource releaser] INFO  o.b.c.a.StaticComponentContainer - (StaticComponentContainer.java:414) - Shutting down BackgroundExecutor
2026-02-24 12:58:16,132 [Burningwave - Resource releaser] INFO  o.b.c.a.StaticComponentContainer - (StaticComponentContainer.java:420) - Stopping all threads monitoring thread
2026-02-24 12:58:16,132 [Burningwave - Resource releaser] INFO  o.b.c.a.StaticComponentContainer - (StaticComponentContainer.java:425) - Closing ThreadHolder
2026-02-24 12:58:16,132 [Burningwave - Resource releaser] INFO  o.b.c.a.StaticComponentContainer - (StaticComponentContainer.java:430) - Shutting down ThreadSupplier
2026-02-26 13:38:31,319 [main] INFO  o.b.c.a.StaticComponentContainer - (StaticComponentContainer.java:368) - Instantiated org.burningwave.core.SLF4JManagedLoggerRepository
2026-02-26 13:38:31,321 [main] INFO  o.b.c.a.StaticComponentContainer - (StaticComponentContainer.java:369) - 

	Configuration values for static components:

		background-executor.all-tasks-monitoring.enabled=\
			true
		background-executor.all-tasks-monitoring.interval=\
			30000
		background-executor.all-tasks-monitoring.logger.enabled=\
			false
		background-executor.all-tasks-monitoring.minimum-elapsed-time-to-consider-a-task-as-probable-dead-locked=\
			300000
		background-executor.all-tasks-monitoring.probable-dead-locked-tasks-handling.policy=\
			log only
		background-executor.queued-task-executor[0].name=\
			Low priority tasks
		background-executor.queued-task-executor[0].priority=\
			1
		background-executor.queued-task-executor[1].name=\
			Normal priority tasks
		background-executor.queued-task-executor[1].priority=\
			5
		background-executor.queued-task-executor[2].name=\
			High priority tasks
		background-executor.queued-task-executor[2].priority=\
			10
		background-executor.task-creation-tracking.enabled=\
			${background-executor.all-tasks-monitoring.enabled}
		banner.additonal-informations=\
			${Bundle-Vendor} ${Bundle-Name} ${Bundle-Version}
		banner.additonal-informations.retrieve-from-manifest-file-of=\
			Burningwave Core
		banner.file=\
			org/burningwave/banner.bwb
		banner.hide=\
			true
		buffer-handler.default-allocation-mode=\
			ByteBuffer::allocateDirect
		buffer-handler.default-buffer-size=\
			1024
		group-name-for-named-elements=\
			Burningwave
		iterable-object-helper.default-values-separator=\
			;
		iterable-object-helper.parallel-iteration.applicability.default-minimum-collection-size=\
			2
		iterable-object-helper.parallel-iteration.applicability.max-runtime-thread-count-threshold=\
			autodetect
		iterable-object-helper.parallel-iteration.applicability.output-collection-enabled-types=\
			java.util.concurrent.ConcurrentHashMap$CollectionView;\
			java.util.Collections$SynchronizedCollection;\
			java.util.concurrent.CopyOnWriteArrayList;\
			java.util.concurrent.CopyOnWriteArraySet;\
			java.util.concurrent.BlockingQueue;\
			java.util.concurrent.ConcurrentSkipListSet;\
			java.util.concurrent.ConcurrentSkipListMap$EntrySet;\
			java.util.concurrent.ConcurrentSkipListMap$KeySet;\
			java.util.concurrent.ConcurrentSkipListMap$Values;
		jvm.driver.init=\
			false
		managed-logger.repository=\
			autodetect
		managed-logger.repository.enabled=\
			true
		managed-logger.repository.logging.warn.disabled-for=\
			org.burningwave.core.assembler.ComponentContainer$ClassLoader;\
			org.burningwave.core.classes.MemoryClassLoader;\
			org.burningwave.core.classes.PathScannerClassLoader;
		modules.export-all-to-all=\
			true
		resource-releaser.enabled=\
			true
		synchronizer.all-threads-monitoring.enabled=\
			false
		synchronizer.all-threads-monitoring.interval=\
			90000
		thread-supplier.default-daemon-flag-value=\
			true
		thread-supplier.default-thread-priority=\
			5
		thread-supplier.max-detached-thread-count=\
			${thread-supplier.max-poolable-thread-count}
		thread-supplier.max-detached-thread-count.elapsed-time-threshold-from-last-increase-for-gradual-decreasing-to-initial-value=\
			30000
		thread-supplier.max-detached-thread-count.increasing-step=\
			autodetect
		thread-supplier.max-poolable-thread-count=\
			autodetect
		thread-supplier.poolable-thread-request-timeout=\
			6000


2026-02-26 13:38:31,324 [main] INFO  o.b.core.jvm.BufferHandler - (BufferHandler.java:127) - default buffer size: 1024 bytes
2026-02-26 13:38:31,325 [main] INFO  o.b.core.jvm.BufferHandler - (BufferHandler.java:141) - default allocation mode: ByteBuffer::allocateDirect
2026-02-26 13:38:31,328 [main] INFO  org.burningwave.core.Cache - (Cache.java:76) - Building cache
2026-02-26 13:38:31,345 [main] INFO  o.b.c.a.StaticComponentContainer - (StaticComponentContainer.java:443) - org.burningwave.core.assembler.StaticComponentContainer initialized in 0.086743799 seconds
2026-02-26 13:38:33,853 [Worker-4: Loading available Gradle versions] INFO  o.e.b.c.i.u.g.PublishedGradleVersions - Gradle version information cache is out-of-date. Trying to update.
2026-02-26 14:28:49,074 [Burningwave - Resource releaser] INFO  o.b.c.a.StaticComponentContainer - (StaticComponentContainer.java:391) - ... Waiting for all tasks ending
2026-02-26 14:28:49,075 [Burningwave - Resource releaser] INFO  o.b.c.a.StaticComponentContainer - (StaticComponentContainer.java:397) - Closing all component containers
2026-02-26 14:28:49,076 [Burningwave - Resource releaser] INFO  o.b.c.a.StaticComponentContainer - (StaticComponentContainer.java:403) - Closing FileSystemHelper
2026-02-26 14:28:49,077 [Burningwave - Resource releaser] INFO  o.b.c.a.StaticComponentContainer - (StaticComponentContainer.java:409) - ... Waiting for all tasks ending before shutting down the BackgroundExecutor
2026-02-26 14:28:49,077 [Burningwave - Resource releaser] INFO  o.b.c.a.StaticComponentContainer - (StaticComponentContainer.java:414) - Shutting down BackgroundExecutor
2026-02-26 14:28:49,077 [Burningwave - Resource releaser] INFO  o.b.c.a.StaticComponentContainer - (StaticComponentContainer.java:420) - Stopping all threads monitoring thread
2026-02-26 14:28:49,077 [Burningwave - Resource releaser] INFO  o.b.c.a.StaticComponentContainer - (StaticComponentContainer.java:425) - Closing ThreadHolder
2026-02-26 14:28:49,078 [Burningwave - Resource releaser] INFO  o.b.c.a.StaticComponentContainer - (StaticComponentContainer.java:430) - Shutting down ThreadSupplier
2026-02-27 10:16:10,777 [Worker-4: Loading available Gradle versions] INFO  o.e.b.c.i.u.g.PublishedGradleVersions - Gradle version information cache is up-to-date. Trying to read.
2026-02-27 10:16:37,563 [main] INFO  o.b.c.a.StaticComponentContainer - (StaticComponentContainer.java:368) - Instantiated org.burningwave.core.SLF4JManagedLoggerRepository
2026-02-27 10:16:37,565 [main] INFO  o.b.c.a.StaticComponentContainer - (StaticComponentContainer.java:369) - 

	Configuration values for static components:

		background-executor.all-tasks-monitoring.enabled=\
			true
		background-executor.all-tasks-monitoring.interval=\
			30000
		background-executor.all-tasks-monitoring.logger.enabled=\
			false
		background-executor.all-tasks-monitoring.minimum-elapsed-time-to-consider-a-task-as-probable-dead-locked=\
			300000
		background-executor.all-tasks-monitoring.probable-dead-locked-tasks-handling.policy=\
			log only
		background-executor.queued-task-executor[0].name=\
			Low priority tasks
		background-executor.queued-task-executor[0].priority=\
			1
		background-executor.queued-task-executor[1].name=\
			Normal priority tasks
		background-executor.queued-task-executor[1].priority=\
			5
		background-executor.queued-task-executor[2].name=\
			High priority tasks
		background-executor.queued-task-executor[2].priority=\
			10
		background-executor.task-creation-tracking.enabled=\
			${background-executor.all-tasks-monitoring.enabled}
		banner.additonal-informations=\
			${Bundle-Vendor} ${Bundle-Name} ${Bundle-Version}
		banner.additonal-informations.retrieve-from-manifest-file-of=\
			Burningwave Core
		banner.file=\
			org/burningwave/banner.bwb
		banner.hide=\
			true
		buffer-handler.default-allocation-mode=\
			ByteBuffer::allocateDirect
		buffer-handler.default-buffer-size=\
			1024
		group-name-for-named-elements=\
			Burningwave
		iterable-object-helper.default-values-separator=\
			;
		iterable-object-helper.parallel-iteration.applicability.default-minimum-collection-size=\
			2
		iterable-object-helper.parallel-iteration.applicability.max-runtime-thread-count-threshold=\
			autodetect
		iterable-object-helper.parallel-iteration.applicability.output-collection-enabled-types=\
			java.util.concurrent.ConcurrentHashMap$CollectionView;\
			java.util.Collections$SynchronizedCollection;\
			java.util.concurrent.CopyOnWriteArrayList;\
			java.util.concurrent.CopyOnWriteArraySet;\
			java.util.concurrent.BlockingQueue;\
			java.util.concurrent.ConcurrentSkipListSet;\
			java.util.concurrent.ConcurrentSkipListMap$EntrySet;\
			java.util.concurrent.ConcurrentSkipListMap$KeySet;\
			java.util.concurrent.ConcurrentSkipListMap$Values;
		jvm.driver.init=\
			false
		managed-logger.repository=\
			autodetect
		managed-logger.repository.enabled=\
			true
		managed-logger.repository.logging.warn.disabled-for=\
			org.burningwave.core.assembler.ComponentContainer$ClassLoader;\
			org.burningwave.core.classes.MemoryClassLoader;\
			org.burningwave.core.classes.PathScannerClassLoader;
		modules.export-all-to-all=\
			true
		resource-releaser.enabled=\
			true
		synchronizer.all-threads-monitoring.enabled=\
			false
		synchronizer.all-threads-monitoring.interval=\
			90000
		thread-supplier.default-daemon-flag-value=\
			true
		thread-supplier.default-thread-priority=\
			5
		thread-supplier.max-detached-thread-count=\
			${thread-supplier.max-poolable-thread-count}
		thread-supplier.max-detached-thread-count.elapsed-time-threshold-from-last-increase-for-gradual-decreasing-to-initial-value=\
			30000
		thread-supplier.max-detached-thread-count.increasing-step=\
			autodetect
		thread-supplier.max-poolable-thread-count=\
			autodetect
		thread-supplier.poolable-thread-request-timeout=\
			6000


2026-02-27 10:16:37,567 [main] INFO  o.b.core.jvm.BufferHandler - (BufferHandler.java:127) - default buffer size: 1024 bytes
2026-02-27 10:16:37,568 [main] INFO  o.b.core.jvm.BufferHandler - (BufferHandler.java:141) - default allocation mode: ByteBuffer::allocateDirect
2026-02-27 10:16:37,571 [main] INFO  org.burningwave.core.Cache - (Cache.java:76) - Building cache
2026-02-27 10:16:37,589 [main] INFO  o.b.c.a.StaticComponentContainer - (StaticComponentContainer.java:443) - org.burningwave.core.assembler.StaticComponentContainer initialized in 0.092342 seconds
2026-02-27 12:33:07,210 [Burningwave - Resource releaser] INFO  o.b.c.a.StaticComponentContainer - (StaticComponentContainer.java:391) - ... Waiting for all tasks ending
2026-02-27 12:33:07,211 [Burningwave - Resource releaser] INFO  o.b.c.a.StaticComponentContainer - (StaticComponentContainer.java:397) - Closing all component containers
2026-02-27 12:33:07,213 [Burningwave - Resource releaser] INFO  o.b.c.a.StaticComponentContainer - (StaticComponentContainer.java:403) - Closing FileSystemHelper
2026-02-27 12:33:07,213 [Burningwave - Resource releaser] INFO  o.b.c.a.StaticComponentContainer - (StaticComponentContainer.java:409) - ... Waiting for all tasks ending before shutting down the BackgroundExecutor
2026-02-27 12:33:07,214 [Burningwave - Resource releaser] INFO  o.b.c.a.StaticComponentContainer - (StaticComponentContainer.java:414) - Shutting down BackgroundExecutor
2026-02-27 12:33:07,214 [Burningwave - Resource releaser] INFO  o.b.c.a.StaticComponentContainer - (StaticComponentContainer.java:420) - Stopping all threads monitoring thread
2026-02-27 12:33:07,214 [Burningwave - Resource releaser] INFO  o.b.c.a.StaticComponentContainer - (StaticComponentContainer.java:425) - Closing ThreadHolder
2026-02-27 12:33:07,214 [Burningwave - Resource releaser] INFO  o.b.c.a.StaticComponentContainer - (StaticComponentContainer.java:430) - Shutting down ThreadSupplier
2026-02-27 12:33:50,618 [Worker-4: Loading available Gradle versions] INFO  o.e.b.c.i.u.g.PublishedGradleVersions - Gradle version information cache is up-to-date. Trying to read.
2026-03-02 09:04:21,140 [Worker-4: Loading available Gradle versions] INFO  o.e.b.c.i.u.g.PublishedGradleVersions - Gradle version information cache is out-of-date. Trying to update.
2026-03-02 09:16:22,871 [main] INFO  o.b.c.a.StaticComponentContainer - (StaticComponentContainer.java:368) - Instantiated org.burningwave.core.SLF4JManagedLoggerRepository
2026-03-02 09:16:22,872 [main] INFO  o.b.c.a.StaticComponentContainer - (StaticComponentContainer.java:369) - 

	Configuration values for static components:

		background-executor.all-tasks-monitoring.enabled=\
			true
		background-executor.all-tasks-monitoring.interval=\
			30000
		background-executor.all-tasks-monitoring.logger.enabled=\
			false
		background-executor.all-tasks-monitoring.minimum-elapsed-time-to-consider-a-task-as-probable-dead-locked=\
			300000
		background-executor.all-tasks-monitoring.probable-dead-locked-tasks-handling.policy=\
			log only
		background-executor.queued-task-executor[0].name=\
			Low priority tasks
		background-executor.queued-task-executor[0].priority=\
			1
		background-executor.queued-task-executor[1].name=\
			Normal priority tasks
		background-executor.queued-task-executor[1].priority=\
			5
		background-executor.queued-task-executor[2].name=\
			High priority tasks
		background-executor.queued-task-executor[2].priority=\
			10
		background-executor.task-creation-tracking.enabled=\
			${background-executor.all-tasks-monitoring.enabled}
		banner.additonal-informations=\
			${Bundle-Vendor} ${Bundle-Name} ${Bundle-Version}
		banner.additonal-informations.retrieve-from-manifest-file-of=\
			Burningwave Core
		banner.file=\
			org/burningwave/banner.bwb
		banner.hide=\
			true
		buffer-handler.default-allocation-mode=\
			ByteBuffer::allocateDirect
		buffer-handler.default-buffer-size=\
			1024
		group-name-for-named-elements=\
			Burningwave
		iterable-object-helper.default-values-separator=\
			;
		iterable-object-helper.parallel-iteration.applicability.default-minimum-collection-size=\
			2
		iterable-object-helper.parallel-iteration.applicability.max-runtime-thread-count-threshold=\
			autodetect
		iterable-object-helper.parallel-iteration.applicability.output-collection-enabled-types=\
			java.util.concurrent.ConcurrentHashMap$CollectionView;\
			java.util.Collections$SynchronizedCollection;\
			java.util.concurrent.CopyOnWriteArrayList;\
			java.util.concurrent.CopyOnWriteArraySet;\
			java.util.concurrent.BlockingQueue;\
			java.util.concurrent.ConcurrentSkipListSet;\
			java.util.concurrent.ConcurrentSkipListMap$EntrySet;\
			java.util.concurrent.ConcurrentSkipListMap$KeySet;\
			java.util.concurrent.ConcurrentSkipListMap$Values;
		jvm.driver.init=\
			false
		managed-logger.repository=\
			autodetect
		managed-logger.repository.enabled=\
			true
		managed-logger.repository.logging.warn.disabled-for=\
			org.burningwave.core.assembler.ComponentContainer$ClassLoader;\
			org.burningwave.core.classes.MemoryClassLoader;\
			org.burningwave.core.classes.PathScannerClassLoader;
		modules.export-all-to-all=\
			true
		resource-releaser.enabled=\
			true
		synchronizer.all-threads-monitoring.enabled=\
			false
		synchronizer.all-threads-monitoring.interval=\
			90000
		thread-supplier.default-daemon-flag-value=\
			true
		thread-supplier.default-thread-priority=\
			5
		thread-supplier.max-detached-thread-count=\
			${thread-supplier.max-poolable-thread-count}
		thread-supplier.max-detached-thread-count.elapsed-time-threshold-from-last-increase-for-gradual-decreasing-to-initial-value=\
			30000
		thread-supplier.max-detached-thread-count.increasing-step=\
			autodetect
		thread-supplier.max-poolable-thread-count=\
			autodetect
		thread-supplier.poolable-thread-request-timeout=\
			6000


2026-03-02 09:16:22,874 [main] INFO  o.b.core.jvm.BufferHandler - (BufferHandler.java:127) - default buffer size: 1024 bytes
2026-03-02 09:16:22,874 [main] INFO  o.b.core.jvm.BufferHandler - (BufferHandler.java:141) - default allocation mode: ByteBuffer::allocateDirect
2026-03-02 09:16:22,877 [main] INFO  org.burningwave.core.Cache - (Cache.java:76) - Building cache
2026-03-02 09:16:22,893 [main] INFO  o.b.c.a.StaticComponentContainer - (StaticComponentContainer.java:443) - org.burningwave.core.assembler.StaticComponentContainer initialized in 0.0877981 seconds
2026-03-02 14:28:18,781 [Burningwave - Resource releaser] INFO  o.b.c.a.StaticComponentContainer - (StaticComponentContainer.java:391) - ... Waiting for all tasks ending
2026-03-02 14:28:18,782 [Burningwave - Resource releaser] INFO  o.b.c.a.StaticComponentContainer - (StaticComponentContainer.java:397) - Closing all component containers
2026-03-02 14:28:18,784 [Burningwave - Resource releaser] INFO  o.b.c.a.StaticComponentContainer - (StaticComponentContainer.java:403) - Closing FileSystemHelper
2026-03-02 14:28:18,784 [Burningwave - Resource releaser] INFO  o.b.c.a.StaticComponentContainer - (StaticComponentContainer.java:409) - ... Waiting for all tasks ending before shutting down the BackgroundExecutor
2026-03-02 14:28:18,785 [Burningwave - Resource releaser] INFO  o.b.c.a.StaticComponentContainer - (StaticComponentContainer.java:414) - Shutting down BackgroundExecutor
2026-03-02 14:28:18,785 [Burningwave - Resource releaser] INFO  o.b.c.a.StaticComponentContainer - (StaticComponentContainer.java:420) - Stopping all threads monitoring thread
2026-03-02 14:28:18,786 [Burningwave - Resource releaser] INFO  o.b.c.a.StaticComponentContainer - (StaticComponentContainer.java:425) - Closing ThreadHolder
2026-03-02 14:28:18,787 [Burningwave - Resource releaser] INFO  o.b.c.a.StaticComponentContainer - (StaticComponentContainer.java:430) - Shutting down ThreadSupplier
2026-03-05 13:39:22,442 [main] INFO  o.b.c.a.StaticComponentContainer - (StaticComponentContainer.java:368) - Instantiated org.burningwave.core.SLF4JManagedLoggerRepository
2026-03-05 13:39:22,446 [main] INFO  o.b.c.a.StaticComponentContainer - (StaticComponentContainer.java:369) - 

	Configuration values for static components:

		background-executor.all-tasks-monitoring.enabled=\
			true
		background-executor.all-tasks-monitoring.interval=\
			30000
		background-executor.all-tasks-monitoring.logger.enabled=\
			false
		background-executor.all-tasks-monitoring.minimum-elapsed-time-to-consider-a-task-as-probable-dead-locked=\
			300000
		background-executor.all-tasks-monitoring.probable-dead-locked-tasks-handling.policy=\
			log only
		background-executor.queued-task-executor[0].name=\
			Low priority tasks
		background-executor.queued-task-executor[0].priority=\
			1
		background-executor.queued-task-executor[1].name=\
			Normal priority tasks
		background-executor.queued-task-executor[1].priority=\
			5
		background-executor.queued-task-executor[2].name=\
			High priority tasks
		background-executor.queued-task-executor[2].priority=\
			10
		background-executor.task-creation-tracking.enabled=\
			${background-executor.all-tasks-monitoring.enabled}
		banner.additonal-informations=\
			${Bundle-Vendor} ${Bundle-Name} ${Bundle-Version}
		banner.additonal-informations.retrieve-from-manifest-file-of=\
			Burningwave Core
		banner.file=\
			org/burningwave/banner.bwb
		banner.hide=\
			true
		buffer-handler.default-allocation-mode=\
			ByteBuffer::allocateDirect
		buffer-handler.default-buffer-size=\
			1024
		group-name-for-named-elements=\
			Burningwave
		iterable-object-helper.default-values-separator=\
			;
		iterable-object-helper.parallel-iteration.applicability.default-minimum-collection-size=\
			2
		iterable-object-helper.parallel-iteration.applicability.max-runtime-thread-count-threshold=\
			autodetect
		iterable-object-helper.parallel-iteration.applicability.output-collection-enabled-types=\
			java.util.concurrent.ConcurrentHashMap$CollectionView;\
			java.util.Collections$SynchronizedCollection;\
			java.util.concurrent.CopyOnWriteArrayList;\
			java.util.concurrent.CopyOnWriteArraySet;\
			java.util.concurrent.BlockingQueue;\
			java.util.concurrent.ConcurrentSkipListSet;\
			java.util.concurrent.ConcurrentSkipListMap$EntrySet;\
			java.util.concurrent.ConcurrentSkipListMap$KeySet;\
			java.util.concurrent.ConcurrentSkipListMap$Values;
		jvm.driver.init=\
			false
		managed-logger.repository=\
			autodetect
		managed-logger.repository.enabled=\
			true
		managed-logger.repository.logging.warn.disabled-for=\
			org.burningwave.core.assembler.ComponentContainer$ClassLoader;\
			org.burningwave.core.classes.MemoryClassLoader;\
			org.burningwave.core.classes.PathScannerClassLoader;
		modules.export-all-to-all=\
			true
		resource-releaser.enabled=\
			true
		synchronizer.all-threads-monitoring.enabled=\
			false
		synchronizer.all-threads-monitoring.interval=\
			90000
		thread-supplier.default-daemon-flag-value=\
			true
		thread-supplier.default-thread-priority=\
			5
		thread-supplier.max-detached-thread-count=\
			${thread-supplier.max-poolable-thread-count}
		thread-supplier.max-detached-thread-count.elapsed-time-threshold-from-last-increase-for-gradual-decreasing-to-initial-value=\
			30000
		thread-supplier.max-detached-thread-count.increasing-step=\
			autodetect
		thread-supplier.max-poolable-thread-count=\
			autodetect
		thread-supplier.poolable-thread-request-timeout=\
			6000


2026-03-05 13:39:22,448 [main] INFO  o.b.core.jvm.BufferHandler - (BufferHandler.java:127) - default buffer size: 1024 bytes
2026-03-05 13:39:22,449 [main] INFO  o.b.core.jvm.BufferHandler - (BufferHandler.java:141) - default allocation mode: ByteBuffer::allocateDirect
2026-03-05 13:39:22,452 [main] INFO  org.burningwave.core.Cache - (Cache.java:76) - Building cache
2026-03-05 13:39:22,476 [main] INFO  o.b.c.a.StaticComponentContainer - (StaticComponentContainer.java:443) - org.burningwave.core.assembler.StaticComponentContainer initialized in 0.1053129 seconds
2026-03-05 13:39:23,775 [Worker-2: Loading available Gradle versions] INFO  o.e.b.c.i.u.g.PublishedGradleVersions - Gradle version information cache is out-of-date. Trying to update.
2026-03-05 14:28:29,645 [Burningwave - Resource releaser] INFO  o.b.c.a.StaticComponentContainer - (StaticComponentContainer.java:391) - ... Waiting for all tasks ending
2026-03-05 14:28:29,646 [Burningwave - Resource releaser] INFO  o.b.c.a.StaticComponentContainer - (StaticComponentContainer.java:397) - Closing all component containers
2026-03-05 14:28:29,648 [Burningwave - Resource releaser] INFO  o.b.c.a.StaticComponentContainer - (StaticComponentContainer.java:403) - Closing FileSystemHelper
2026-03-05 14:28:29,649 [Burningwave - Resource releaser] INFO  o.b.c.a.StaticComponentContainer - (StaticComponentContainer.java:409) - ... Waiting for all tasks ending before shutting down the BackgroundExecutor
2026-03-05 14:28:29,649 [Burningwave - Resource releaser] INFO  o.b.c.a.StaticComponentContainer - (StaticComponentContainer.java:414) - Shutting down BackgroundExecutor
2026-03-05 14:28:29,650 [Burningwave - Resource releaser] INFO  o.b.c.a.StaticComponentContainer - (StaticComponentContainer.java:420) - Stopping all threads monitoring thread
2026-03-05 14:28:29,650 [Burningwave - Resource releaser] INFO  o.b.c.a.StaticComponentContainer - (StaticComponentContainer.java:425) - Closing ThreadHolder
2026-03-05 14:28:29,650 [Burningwave - Resource releaser] INFO  o.b.c.a.StaticComponentContainer - (StaticComponentContainer.java:430) - Shutting down ThreadSupplier
2026-03-10 09:04:07,804 [main] INFO  o.b.c.a.StaticComponentContainer - (StaticComponentContainer.java:368) - Instantiated org.burningwave.core.SLF4JManagedLoggerRepository
2026-03-10 09:04:07,806 [main] INFO  o.b.c.a.StaticComponentContainer - (StaticComponentContainer.java:369) - 

	Configuration values for static components:

		background-executor.all-tasks-monitoring.enabled=\
			true
		background-executor.all-tasks-monitoring.interval=\
			30000
		background-executor.all-tasks-monitoring.logger.enabled=\
			false
		background-executor.all-tasks-monitoring.minimum-elapsed-time-to-consider-a-task-as-probable-dead-locked=\
			300000
		background-executor.all-tasks-monitoring.probable-dead-locked-tasks-handling.policy=\
			log only
		background-executor.queued-task-executor[0].name=\
			Low priority tasks
		background-executor.queued-task-executor[0].priority=\
			1
		background-executor.queued-task-executor[1].name=\
			Normal priority tasks
		background-executor.queued-task-executor[1].priority=\
			5
		background-executor.queued-task-executor[2].name=\
			High priority tasks
		background-executor.queued-task-executor[2].priority=\
			10
		background-executor.task-creation-tracking.enabled=\
			${background-executor.all-tasks-monitoring.enabled}
		banner.additonal-informations=\
			${Bundle-Vendor} ${Bundle-Name} ${Bundle-Version}
		banner.additonal-informations.retrieve-from-manifest-file-of=\
			Burningwave Core
		banner.file=\
			org/burningwave/banner.bwb
		banner.hide=\
			true
		buffer-handler.default-allocation-mode=\
			ByteBuffer::allocateDirect
		buffer-handler.default-buffer-size=\
			1024
		group-name-for-named-elements=\
			Burningwave
		iterable-object-helper.default-values-separator=\
			;
		iterable-object-helper.parallel-iteration.applicability.default-minimum-collection-size=\
			2
		iterable-object-helper.parallel-iteration.applicability.max-runtime-thread-count-threshold=\
			autodetect
		iterable-object-helper.parallel-iteration.applicability.output-collection-enabled-types=\
			java.util.concurrent.ConcurrentHashMap$CollectionView;\
			java.util.Collections$SynchronizedCollection;\
			java.util.concurrent.CopyOnWriteArrayList;\
			java.util.concurrent.CopyOnWriteArraySet;\
			java.util.concurrent.BlockingQueue;\
			java.util.concurrent.ConcurrentSkipListSet;\
			java.util.concurrent.ConcurrentSkipListMap$EntrySet;\
			java.util.concurrent.ConcurrentSkipListMap$KeySet;\
			java.util.concurrent.ConcurrentSkipListMap$Values;
		jvm.driver.init=\
			false
		managed-logger.repository=\
			autodetect
		managed-logger.repository.enabled=\
			true
		managed-logger.repository.logging.warn.disabled-for=\
			org.burningwave.core.assembler.ComponentContainer$ClassLoader;\
			org.burningwave.core.classes.MemoryClassLoader;\
			org.burningwave.core.classes.PathScannerClassLoader;
		modules.export-all-to-all=\
			true
		resource-releaser.enabled=\
			true
		synchronizer.all-threads-monitoring.enabled=\
			false
		synchronizer.all-threads-monitoring.interval=\
			90000
		thread-supplier.default-daemon-flag-value=\
			true
		thread-supplier.default-thread-priority=\
			5
		thread-supplier.max-detached-thread-count=\
			${thread-supplier.max-poolable-thread-count}
		thread-supplier.max-detached-thread-count.elapsed-time-threshold-from-last-increase-for-gradual-decreasing-to-initial-value=\
			30000
		thread-supplier.max-detached-thread-count.increasing-step=\
			autodetect
		thread-supplier.max-poolable-thread-count=\
			autodetect
		thread-supplier.poolable-thread-request-timeout=\
			6000


2026-03-10 09:04:07,808 [main] INFO  o.b.core.jvm.BufferHandler - (BufferHandler.java:127) - default buffer size: 1024 bytes
2026-03-10 09:04:07,808 [main] INFO  o.b.core.jvm.BufferHandler - (BufferHandler.java:141) - default allocation mode: ByteBuffer::allocateDirect
2026-03-10 09:04:07,809 [main] INFO  org.burningwave.core.Cache - (Cache.java:76) - Building cache
2026-03-10 09:04:07,822 [main] INFO  o.b.c.a.StaticComponentContainer - (StaticComponentContainer.java:443) - org.burningwave.core.assembler.StaticComponentContainer initialized in 0.1004684 seconds
2026-03-10 09:04:09,050 [Worker-7: Loading available Gradle versions] INFO  o.e.b.c.i.u.g.PublishedGradleVersions - Gradle version information cache is out-of-date. Trying to update.
